Student_ID,Academic_Year,School_ID,District,Area_Type,Gender,Caste_Category,Standard,Family_Income_Level,Attendance_Rate,Distance_To_School_km,Academic_Performance,Student_Interest_Level,Transport_Available,Parental_Education,Midday_Meal,Internet_Access,Working_Student,Disability_Status,Family_Size,Mother_Education,Scholarship_Status,Dropout,Secondary_Level,Far_Distance,Low_Attendance,Risk_Score,Risk_Category,Alert_Flag,Dropout_Reason,Recommended_Action,Priority_Level
STU_GUJ_001936,2023,SCH_048,Dahod,Rural,Male,General,10,Low,95.6,20.58,Low,High,Yes,Secondary,Yes,Yes,No,No,6,Primary,No,0,1,1,0,39,Low,NO,Travel Constraint,Provide Transport,Low Priority
STU_GUJ_006495,2022,SCH_046,Dahod,Urban,Female,SC,5,Low,55.3,1.51,Low,Medium,Yes,Secondary,No,Yes,No,No,4,Graduate,Yes,0,0,0,1,25,Low,NO,Academic Disengagement,Counselling Support,Low Priority
STU_GUJ_001721,2021,SCH_007,Bharuch,Rural,Female,SC,7,Medium,58.3,25.5,High,Medium,Yes,Primary,Yes,No,Yes,No,4,Illiterate,Yes,1,0,1,1,53,Medium,NO,Academic Disengagement,Counselling Support,Monitor
STU_GUJ_009121,2022,SCH_126,Navsari,Rural,Female,SC,12,Low,85.6,20.12,Medium,Medium,Yes,Primary,No,Yes,Yes,No,7,Secondary,No,1,1,1,0,44,Medium,NO,Travel Constraint,Provide Transport,Monitor
STU_GUJ_000361,2024,SCH_147,Dahod,Rural,Female,ST,1,Low,79.0,22.06,High,Low,Yes,Secondary,Yes,Yes,No,No,5,Illiterate,Yes,0,0,1,0,37,Low,NO,Travel Constraint,Provide Transport,Low Priority
STU_GUJ_009664,2019,SCH_172,Patan,Rural,Female,SC,6,Low,44.0,16.14,Low,Medium,No,Primary,Yes,Yes,No,No,8,Illiterate,No,0,0,1,1,42,Medium,NO,Academic Disengagement,Counselling Support,Monitor
STU_GUJ_005278,2024,SCH_178,Kutch,Rural,Female,OBC,2,Low,87.4,4.87,Medium,Medium,No,Primary,No,No,Yes,No,4,Primary,Yes,0,0,0,0,33,Low,NO,Social Factor,Community Engagement,Low Priority
STU_GUJ_008547,2021,SCH_080,Junagadh,Rural,Male,General,4,Very Low,46.7,1.0,High,Medium,No,Illiterate,Yes,Yes,No,No,2,Secondary,Yes,0,0,0,1,31,Low,NO,Academic Disengagement,Counselling Support,Low Priority
STU_GUJ_002222,2024,SCH_060,Anand,Rural,Female,OBC,8,Medium,81.3,19.19,High,Low,Yes,Secondary,No,Yes,No,No,7,Primary,No,1,0,1,0,28,Low,NO,Travel Constraint,Provide Transport,Low Priority
STU_GUJ_004618,2019,SCH_110,Anand,Rural,Male,General,2,Medium,89.7,16.26,Low,Low,Yes,Illiterate,Yes,Yes,No,No,5,Primary,No,0,0,1,0,23,Low,NO,Travel Constraint,Provide Transport,Low Priority
STU_GUJ_003466,2024,SCH_157,Patan,Tribal,Female,OBC,11,Very Low,43.4,3.83,Medium,Medium,No,Primary,Yes,Yes,No,No,3,Primary,Yes,1,1,0,1,35,Low,NO,Academic Disengagement,Counselling Support,Low Priority
STU_GUJ_001409,2024,SCH_160,Kutch,Rural,Male,SC,2,Medium,98.3,16.54,Medium,High,No,Illiterate,Yes,Yes,No,No,2,Primary,Yes,0,0,1,0,28,Low,NO,Travel Constraint,Provide Transport,Low Priority
STU_GUJ_000469,2025,SCH_101,Surat,Urban,Female,OBC,2,Low,92.6,5.98,Medium,Low,Yes,Illiterate,Yes,Yes,No,No,3,Primary,No,0,0,1,0,19,Low,NO,Travel Constraint,Provide Transport,Low Priority
STU_GUJ_001176,2025,SCH_144,Banaskantha,Rural,Female,OBC,4,Medium,86.1,9.09,Medium,High,Yes,Illiterate,No,No,No,No,2,Secondary,Yes,0,0,1,0,28,Low,NO,Travel Constraint,Provide Transport,Low Priority
STU_GUJ_005225,2019,SCH_040,Navsari,Rural,Male,OBC,5,High,78.2,25.26,Medium,Low,No,Illiterate,No,No,No,No,2,Secondary,No,0,0,1,0,25,Low,NO,Travel Constraint,Provide Transport,Low Priority
STU_GUJ_008129,2024,SCH_096,Bharuch,Urban,Male,OBC,11,Very Low,57.1,21.64,Low,Low,No,Illiterate,Yes,No,Yes,No,5,Graduate,Yes,1,1,1,1,55,Medium,NO,Academic Disengagement,Counselling Support,Monitor
STU_GUJ_000425,2021,SCH_071,Sabarkantha,Urban,Male,OBC,10,Medium,67.1,4.11,Medium,Medium,Yes,Primary,Yes,Yes,No,No,6,Secondary,Yes,1,1,0,1,21,Low,NO,Academic Disengagement,Counselling Support,Low Priority
STU_GUJ_007048,2019,SCH_159,Bhavnagar,Urban,Male,OBC,2,Low,64.8,22.97,High,High,Yes,Illiterate,No,Yes,No,No,3,Primary,No,0,0,1,1,32,Low,NO,Academic Disengagement,Counselling Support,Low Priority
STU_GUJ_002484,2024,SCH_047,Amreli,Rural,Female,General,6,Very Low,46.2,27.59,Medium,High,No,Primary,Yes,Yes,Yes,No,7,Illiterate,No,1,0,1,1,51,Medium,NO,Academic Disengagement,Counselling Support,Monitor
STU_GUJ_001826,2025,SCH_155,Amreli,Tribal,Female,General,2,High,41.9,2.19,Medium,Medium,No,Primary,Yes,Yes,No,No,4,Illiterate,No,1,0,0,1,39,Low,NO,Academic Disengagement,Counselling Support,Low Priority
STU_GUJ_010558,2025,SCH_069,Patan,Urban,Male,General,11,Very Low,75.5,27.91,Low,Medium,No,Secondary,Yes,No,No,No,2,Secondary,Yes,0,1,1,0,37,Low,NO,Travel Constraint,Provide Transport,Low Priority
STU_GUJ_001484,2019,SCH_146,Navsari,Rural,Female,SC,9,High,52.9,0.15,High,High,No,Illiterate,No,No,No,No,5,Secondary,No,0,1,0,1,50,Medium,NO,Academic Disengagement,Counselling Support,Monitor
STU_GUJ_009291,2022,SCH_138,Valsad,Urban,Female,General,5,Medium,73.4,8.98,Medium,Medium,Yes,Illiterate,No,No,No,No,2,Secondary,No,0,0,1,0,19,Low,NO,Travel Constraint,Provide Transport,Low Priority
STU_GUJ_009710,2019,SCH_047,Kutch,Tribal,Male,SC,8,High,61.7,7.59,Medium,Medium,No,Primary,Yes,No,No,Yes,4,Illiterate,Yes,1,0,1,1,43,Medium,NO,Academic Disengagement,Counselling Support,Monitor
STU_GUJ_001651,2019,SCH_141,Valsad,Tribal,Female,SC,4,High,82.4,20.14,Medium,Low,Yes,Illiterate,Yes,Yes,No,Yes,5,Primary,Yes,1,0,1,0,30,Low,NO,Travel Constraint,Provide Transport,Low Priority
STU_GUJ_009787,2025,SCH_141,Gandhinagar,Rural,Male,SC,7,Medium,85.9,10.98,Low,Medium,No,Primary,Yes,No,No,No,5,Illiterate,Yes,0,0,1,0,27,Low,NO,Travel Constraint,Provide Transport,Low Priority
STU_GUJ_002814,2023,SCH_125,Surat,Rural,Male,OBC,8,Very Low,56.8,3.41,Medium,Medium,Yes,Secondary,Yes,No,No,Yes,8,Illiterate,No,0,0,0,1,36,Low,NO,Academic Disengagement,Counselling Support,Low Priority
STU_GUJ_003705,2024,SCH_008,Gandhinagar,Tribal,Female,OBC,7,Medium,90.8,6.43,Medium,High,Yes,Graduate,Yes,Yes,No,No,3,Secondary,Yes,0,0,1,0,21,Low,NO,Travel Constraint,Provide Transport,Low Priority
STU_GUJ_006119,2023,SCH_048,Mehsana,Urban,Female,General,3,High,75.2,2.83,Low,High,Yes,Secondary,No,No,No,No,7,Graduate,No,0,0,0,0,15,Low,NO,Social Factor,Community Engagement,Low Priority
STU_GUJ_005043,2021,SCH_126,Dahod,Rural,Male,ST,4,Low,96.6,17.18,High,Medium,No,Secondary,Yes,No,No,No,4,Secondary,No,0,0,1,0,15,Low,NO,Travel Constraint,Provide Transport,Low Priority
STU_GUJ_011209,2025,SCH_180,Dahod,Urban,Female,OBC,8,Very Low,97.4,10.54,Low,Medium,Yes,Secondary,No,No,No,No,7,Secondary,Yes,0,0,1,0,34,Low,NO,Travel Constraint,Provide Transport,Low Priority
STU_GUJ_007239,2024,SCH_048,Sabarkantha,Urban,Female,ST,2,High,59.5,7.27,Low,Low,Yes,Secondary,Yes,No,Yes,No,5,Illiterate,No,1,0,1,1,46,Medium,NO,Academic Disengagement,Counselling Support,Monitor
STU_GUJ_011506,2024,SCH_028,Bharuch,Rural,Male,SC,5,Very Low,85.8,22.92,High,Medium,Yes,Primary,No,No,No,No,2,Illiterate,Yes,0,0,1,0,18,Low,NO,Travel Constraint,Provide Transport,Low Priority
STU_GUJ_011075,2019,SCH_142,Anand,Tribal,Male,SC,3,High,72.8,14.45,Low,Medium,No,Primary,Yes,No,No,No,8,Illiterate,No,0,0,1,0,24,Low,NO,Travel Constraint,Provide Transport,Low Priority
STU_GUJ_010997,2021,SCH_002,Banaskantha,Rural,Female,General,3,High,99.8,19.45,Medium,Medium,Yes,Graduate,Yes,No,Yes,No,3,Primary,No,0,0,1,0,32,Low,NO,Travel Constraint,Provide Transport,Low Priority
STU_GUJ_005000,2019,SCH_007,Amreli,Rural,Male,General,11,Medium,49.7,9.36,High,Medium,Yes,Graduate,Yes,Yes,No,No,8,Secondary,No,0,1,1,1,35,Low,NO,Academic Disengagement,Counselling Support,Low Priority
STU_GUJ_008481,2023,SCH_067,Surat,Rural,Female,OBC,4,Medium,68.2,16.27,High,High,Yes,Secondary,Yes,Yes,No,No,2,Primary,No,0,0,1,1,31,Low,NO,Academic Disengagement,Counselling Support,Low Priority
STU_GUJ_009268,2023,SCH_106,Navsari,Rural,Male,SC,4,Low,53.1,5.29,Medium,Medium,Yes,Illiterate,Yes,No,Yes,No,2,Secondary,Yes,0,0,1,1,37,Low,NO,Academic Disengagement,Counselling Support,Low Priority
STU_GUJ_008399,2025,SCH_047,Kutch,Urban,Female,OBC,11,Low,46.5,2.3,Low,High,No,Illiterate,Yes,Yes,No,No,6,Secondary,Yes,1,1,0,1,50,Medium,NO,Academic Disengagement,Counselling Support,Monitor
STU_GUJ_002632,2024,SCH_112,Vadodara,Rural,Female,ST,8,High,82.1,8.51,Low,Medium,Yes,Primary,Yes,Yes,No,No,4,Primary,Yes,1,0,1,0,38,Low,NO,Travel Constraint,Provide Transport,Low Priority
STU_GUJ_003132,2019,SCH_080,Bharuch,Rural,Male,General,10,High,99.1,23.17,Low,High,No,Primary,No,Yes,Yes,No,5,Primary,No,0,1,1,0,41,Medium,NO,Travel Constraint,Provide Transport,Monitor
STU_GUJ_009584,2023,SCH_102,Banaskantha,Rural,Female,OBC,3,Very Low,96.4,16.79,Medium,Medium,No,Secondary,Yes,Yes,No,Yes,5,Illiterate,Yes,0,0,1,0,31,Low,NO,Travel Constraint,Provide Transport,Low Priority
STU_GUJ_008219,2019,SCH_160,Junagadh,Urban,Female,ST,2,Medium,48.2,27.03,High,Low,No,Secondary,Yes,No,No,No,4,Primary,Yes,0,0,1,1,33,Low,NO,Academic Disengagement,Counselling Support,Low Priority
STU_GUJ_009277,2019,SCH_034,Bhavnagar,Urban,Female,OBC,12,Low,48.2,19.53,High,Low,Yes,Primary,Yes,No,No,No,2,Secondary,Yes,1,1,1,1,56,Medium,NO,Academic Disengagement,Counselling Support,Monitor
STU_GUJ_003814,2025,SCH_035,Dahod,Urban,Female,General,6,Very Low,57.5,14.04,High,Medium,Yes,Illiterate,Yes,Yes,No,Yes,8,Secondary,No,0,0,1,1,36,Low,NO,Academic Disengagement,Counselling Support,Low Priority
STU_GUJ_005887,2024,SCH_115,Bhavnagar,Rural,Male,General,12,Low,89.5,9.57,Low,Low,Yes,Primary,Yes,Yes,No,No,4,Illiterate,No,0,1,1,0,42,Medium,NO,Travel Constraint,Provide Transport,Monitor
STU_GUJ_005083,2021,SCH_163,Valsad,Rural,Female,General,8,High,52.7,27.73,High,Medium,Yes,Illiterate,Yes,Yes,No,No,7,Illiterate,No,0,0,1,1,37,Low,NO,Academic Disengagement,Counselling Support,Low Priority
STU_GUJ_011816,2023,SCH_053,Junagadh,Urban,Male,General,8,Low,69.2,14.71,High,High,No,Primary,Yes,Yes,No,No,2,Graduate,Yes,0,0,1,1,30,Low,NO,Academic Disengagement,Counselling Support,Low Priority
STU_GUJ_008824,2020,SCH_120,Sabarkantha,Urban,Male,SC,2,Low,42.3,25.24,Medium,Medium,Yes,Primary,No,Yes,No,Yes,2,Primary,No,1,0,1,1,35,Low,NO,Academic Disengagement,Counselling Support,Low Priority
STU_GUJ_001218,2020,SCH_164,Dahod,Urban,Female,SC,4,High,98.8,4.1,Medium,High,Yes,Primary,Yes,No,No,No,2,Primary,Yes,1,0,0,0,17,Low,NO,Social Factor,Community Engagement,Low Priority
STU_GUJ_003992,2022,SCH_007,Kutch,Urban,Female,General,8,Very Low,90.4,26.42,High,Medium,Yes,Primary,Yes,Yes,No,No,3,Primary,No,0,0,1,0,17,Low,NO,Travel Constraint,Provide Transport,Low Priority
STU_GUJ_011148,2021,SCH_118,Jamnagar,Tribal,Male,OBC,10,Low,68.7,7.33,Medium,Medium,No,Secondary,Yes,No,Yes,No,6,Illiterate,No,0,1,1,1,55,Medium,NO,Academic Disengagement,Counselling Support,Monitor
STU_GUJ_007616,2021,SCH_031,Vadodara,Tribal,Male,OBC,6,Low,52.0,27.18,Low,Low,Yes,Secondary,No,No,No,Yes,5,Secondary,No,1,0,1,1,44,Medium,NO,Academic Disengagement,Counselling Support,Monitor
STU_GUJ_010692,2025,SCH_035,Junagadh,Rural,Female,OBC,10,Low,91.3,26.73,Medium,High,No,Illiterate,Yes,No,No,No,6,Illiterate,No,1,1,1,0,32,Low,NO,Travel Constraint,Provide Transport,Low Priority
STU_GUJ_010185,2020,SCH_102,Sabarkantha,Urban,Male,General,2,Low,48.8,16.37,Medium,Medium,Yes,Illiterate,Yes,No,Yes,No,3,Secondary,Yes,0,0,1,1,23,Low,NO,Academic Disengagement,Counselling Support,Low Priority
STU_GUJ_001684,2024,SCH_007,Surat,Rural,Female,OBC,12,High,65.0,13.57,Low,Medium,No,Illiterate,No,No,No,No,5,Illiterate,No,1,1,1,1,62,Medium,NO,Academic Disengagement,Counselling Support,Monitor
STU_GUJ_004575,2022,SCH_050,Patan,Urban,Male,OBC,8,Low,64.6,0.39,Medium,Medium,Yes,Secondary,Yes,Yes,Yes,No,8,Secondary,No,1,0,0,1,36,Low,NO,Academic Disengagement,Counselling Support,Low Priority
STU_GUJ_011541,2022,SCH_075,Sabarkantha,Tribal,Female,OBC,5,Very Low,87.2,10.5,Medium,High,No,Primary,Yes,No,No,No,6,Graduate,No,0,0,1,0,23,Low,NO,Travel Constraint,Provide Transport,Low Priority
STU_GUJ_010751,2022,SCH_179,Amreli,Tribal,Female,General,9,Low,56.2,3.02,High,High,Yes,Secondary,Yes,No,No,No,8,Graduate,No,0,1,0,1,47,Medium,NO,Academic Disengagement,Counselling Support,Monitor
STU_GUJ_011284,2022,SCH_056,Bhavnagar,Urban,Female,OBC,1,Low,77.5,20.28,High,Medium,No,Secondary,No,No,Yes,No,4,Secondary,No,0,0,1,0,28,Low,NO,Travel Constraint,Provide Transport,Low Priority
STU_GUJ_007563,2023,SCH_105,Navsari,Tribal,Female,OBC,2,High,50.1,3.82,Medium,Low,Yes,Primary,Yes,Yes,No,No,7,Secondary,No,1,0,0,1,26,Low,NO,Academic Disengagement,Counselling Support,Low Priority
STU_GUJ_005904,2022,SCH_067,Morbi,Tribal,Male,General,4,Very Low,82.7,0.81,Low,Medium,No,Illiterate,No,No,No,No,8,Primary,Yes,1,0,0,0,22,Low,NO,Economic Pressure,Provide Scholarship,Low Priority
STU_GUJ_002583,2019,SCH_013,Rajkot,Urban,Female,General,4,Medium,40.2,21.69,Low,Low,No,Secondary,Yes,Yes,Yes,No,2,Secondary,No,0,0,1,1,45,Medium,NO,Academic Disengagement,Counselling Support,Monitor
STU_GUJ_003003,2022,SCH_093,Dahod,Rural,Male,General,6,High,61.6,3.72,Medium,Medium,Yes,Secondary,Yes,Yes,No,No,8,Illiterate,Yes,0,0,0,1,25,Low,NO,Academic Disengagement,Counselling Support,Low Priority
STU_GUJ_010044,2021,SCH_064,Rajkot,Tribal,Male,OBC,1,Very Low,54.0,14.48,High,Low,Yes,Secondary,Yes,Yes,No,No,5,Graduate,No,1,0,1,1,51,Medium,NO,Academic Disengagement,Counselling Support,Monitor
STU_GUJ_002088,2022,SCH_091,Dahod,Rural,Female,General,12,Medium,83.5,16.08,Medium,Medium,Yes,Graduate,No,No,No,Yes,8,Illiterate,No,0,1,1,0,31,Low,NO,Travel Constraint,Provide Transport,Low Priority
STU_GUJ_008929,2025,SCH_065,Bhavnagar,Urban,Female,General,7,High,81.1,15.7,Medium,Medium,No,Secondary,Yes,No,No,No,6,Secondary,No,0,0,1,0,15,Low,NO,Travel Constraint,Provide Transport,Low Priority
STU_GUJ_004149,2020,SCH_143,Kutch,Urban,Male,ST,9,High,59.9,8.21,Low,Low,Yes,Graduate,No,Yes,No,No,3,Primary,No,1,1,1,1,52,Medium,NO,Academic Disengagement,Counselling Support,Monitor
STU_GUJ_000136,2020,SCH_102,Bhavnagar,Rural,Male,SC,2,High,67.4,18.87,Medium,High,Yes,Illiterate,Yes,No,Yes,No,6,Secondary,No,0,0,1,1,43,Medium,NO,Academic Disengagement,Counselling Support,Monitor
STU_GUJ_009918,2022,SCH_060,Jamnagar,Rural,Female,General,5,Low,54.0,18.42,Medium,Medium,Yes,Illiterate,Yes,No,No,No,4,Secondary,Yes,0,0,1,1,25,Low,NO,Academic Disengagement,Counselling Support,Low Priority
STU_GUJ_001744,2024,SCH_017,Jamnagar,Tribal,Male,General,8,Medium,46.6,18.63,Low,Medium,No,Primary,Yes,Yes,No,No,6,Illiterate,No,0,0,1,1,38,Low,NO,Academic Disengagement,Counselling Support,Low Priority
STU_GUJ_007342,2024,SCH_117,Bhavnagar,Rural,Female,OBC,3,Medium,47.8,23.38,Low,Low,No,Illiterate,No,No,Yes,No,2,Primary,Yes,1,0,1,1,69,Medium,NO,Academic Disengagement,Counselling Support,Monitor
STU_GUJ_010875,2019,SCH_085,Kutch,Rural,Female,OBC,9,Medium,66.6,0.44,Low,High,Yes,Illiterate,No,Yes,Yes,No,5,Graduate,No,1,1,0,1,55,Medium,NO,Academic Disengagement,Counselling Support,Monitor
STU_GUJ_003708,2019,SCH_016,Bharuch,Tribal,Male,General,2,High,90.5,2.36,Medium,Medium,No,Primary,Yes,No,No,No,6,Primary,No,0,0,0,0,19,Low,NO,Social Factor,Community Engagement,Low Priority
STU_GUJ_005471,2019,SCH_012,Amreli,Urban,Male,SC,2,High,82.1,3.04,Medium,Medium,No,Illiterate,Yes,No,No,No,2,Primary,No,0,0,0,0,10,Low,NO,Social Factor,Community Engagement,Low Priority
STU_GUJ_000701,2019,SCH_126,Dahod,Rural,Female,OBC,3,Medium,66.8,5.75,High,Medium,No,Illiterate,Yes,No,No,No,3,Secondary,Yes,1,0,1,1,28,Low,NO,Academic Disengagement,Counselling Support,Low Priority
STU_GUJ_008558,2019,SCH_031,Navsari,Urban,Female,ST,3,Very Low,93.1,9.39,Medium,Medium,Yes,Primary,Yes,No,No,Yes,4,Primary,No,0,0,1,0,31,Low,NO,Travel Constraint,Provide Transport,Low Priority
STU_GUJ_011716,2023,SCH_078,Mehsana,Rural,Male,OBC,8,Medium,69.2,6.41,Medium,High,No,Graduate,Yes,Yes,No,No,3,Illiterate,Yes,0,0,1,1,37,Low,NO,Academic Disengagement,Counselling Support,Low Priority
STU_GUJ_001609,2022,SCH_127,Patan,Urban,Male,OBC,2,High,83.2,10.54,Low,Medium,Yes,Secondary,No,No,No,No,4,Primary,No,0,0,1,0,17,Low,NO,Travel Constraint,Provide Transport,Low Priority
STU_GUJ_005864,2025,SCH_070,Gandhinagar,Rural,Female,SC,3,Low,89.3,12.94,High,Medium,No,Secondary,Yes,No,No,Yes,8,Illiterate,Yes,0,0,1,0,28,Low,NO,Travel Constraint,Provide Transport,Low Priority
STU_GUJ_000430,2023,SCH_103,Bharuch,Urban,Male,OBC,4,Medium,60.0,19.74,Low,Low,No,Graduate,No,Yes,No,No,2,Secondary,Yes,0,0,1,1,36,Low,NO,Academic Disengagement,Counselling Support,Low Priority
STU_GUJ_004024,2024,SCH_120,Patan,Urban,Male,General,10,Very Low,44.8,17.67,Low,Medium,No,Secondary,No,No,No,No,3,Illiterate,Yes,0,1,1,1,50,Medium,NO,Academic Disengagement,Counselling Support,Monitor
STU_GUJ_006689,2024,SCH_058,Patan,Tribal,Female,General,3,Medium,55.7,3.19,Medium,Low,Yes,Secondary,Yes,No,No,No,4,Primary,No,0,0,0,1,35,Low,NO,Academic Disengagement,Counselling Support,Low Priority
STU_GUJ_004101,2020,SCH_122,Patan,Tribal,Male,ST,5,High,58.5,23.34,Medium,Low,Yes,Primary,Yes,No,No,No,2,Primary,No,1,0,1,1,50,Medium,NO,Academic Disengagement,Counselling Support,Monitor
STU_GUJ_008876,2019,SCH_035,Bhavnagar,Urban,Female,OBC,4,Medium,98.4,12.61,Low,Medium,Yes,Illiterate,No,No,Yes,No,5,Illiterate,No,0,0,1,0,19,Low,NO,Travel Constraint,Provide Transport,Low Priority
STU_GUJ_008515,2023,SCH_081,Sabarkantha,Rural,Female,SC,11,Low,74.3,2.6,Low,Medium,No,Graduate,Yes,Yes,No,No,4,Primary,No,1,1,0,0,34,Low,NO,Social Factor,Community Engagement,Low Priority
STU_GUJ_009650,2021,SCH_176,Patan,Tribal,Male,ST,4,Low,40.9,12.86,Medium,Medium,Yes,Secondary,Yes,No,No,No,3,Primary,Yes,0,0,1,1,43,Medium,NO,Academic Disengagement,Counselling Support,Monitor
STU_GUJ_002271,2020,SCH_058,Ahmedabad,Urban,Female,SC,2,Medium,87.9,11.98,Medium,Low,Yes,Illiterate,Yes,No,No,No,5,Secondary,No,0,0,1,0,18,Low,NO,Travel Constraint,Provide Transport,Low Priority
STU_GUJ_007693,2023,SCH_146,Sabarkantha,Rural,Female,OBC,7,Low,55.2,2.6,Low,Medium,Yes,Graduate,No,No,Yes,No,6,Secondary,No,1,0,0,1,34,Low,NO,Academic Disengagement,Counselling Support,Low Priority
STU_GUJ_000071,2022,SCH_138,Bharuch,Rural,Female,OBC,5,Low,56.0,4.49,Low,Low,No,Primary,Yes,Yes,Yes,No,2,Illiterate,No,1,0,0,1,45,Medium,NO,Academic Disengagement,Counselling Support,Monitor
STU_GUJ_005721,2019,SCH_069,Bharuch,Rural,Male,OBC,9,Medium,71.0,13.61,Medium,Low,No,Secondary,Yes,Yes,No,No,7,Secondary,No,0,1,1,0,28,Low,NO,Travel Constraint,Provide Transport,Low Priority
STU_GUJ_010748,2025,SCH_176,Vadodara,Rural,Female,OBC,9,Very Low,46.9,0.15,Low,Medium,Yes,Primary,Yes,No,No,Yes,7,Primary,No,0,1,0,1,39,Low,NO,Academic Disengagement,Counselling Support,Low Priority
STU_GUJ_010153,2023,SCH_170,Mehsana,Rural,Male,OBC,6,Medium,84.7,26.3,Medium,Medium,No,Primary,No,Yes,No,No,6,Secondary,Yes,1,0,1,0,13,Low,NO,Travel Constraint,Provide Transport,Low Priority
STU_GUJ_011958,2022,SCH_111,Navsari,Rural,Male,ST,6,Medium,67.3,27.32,High,High,Yes,Illiterate,No,No,No,No,4,Primary,Yes,1,0,1,1,41,Medium,NO,Academic Disengagement,Counselling Support,Monitor
STU_GUJ_009138,2023,SCH_003,Rajkot,Rural,Female,OBC,9,Medium,75.8,27.36,Medium,High,No,Illiterate,No,No,No,Yes,6,Graduate,No,0,1,1,0,35,Low,NO,Travel Constraint,Provide Transport,Low Priority
STU_GUJ_002020,2021,SCH_100,Jamnagar,Tribal,Female,OBC,1,Low,66.4,0.91,High,Medium,Yes,Graduate,Yes,Yes,Yes,No,4,Illiterate,No,1,0,0,1,36,Low,NO,Academic Disengagement,Counselling Support,Low Priority
STU_GUJ_009837,2019,SCH_033,Jamnagar,Rural,Female,OBC,1,High,45.7,18.83,Medium,Medium,Yes,Primary,Yes,Yes,No,No,5,Illiterate,No,1,0,1,1,27,Low,NO,Academic Disengagement,Counselling Support,Low Priority
STU_GUJ_011352,2024,SCH_097,Patan,Rural,Male,OBC,7,Medium,63.1,1.87,Low,Low,Yes,Primary,No,No,No,No,4,Primary,No,0,0,0,1,31,Low,NO,Academic Disengagement,Counselling Support,Low Priority
STU_GUJ_006703,2023,SCH_058,Sabarkantha,Urban,Female,ST,10,Low,59.3,2.09,Medium,Medium,No,Secondary,No,No,No,No,5,Illiterate,No,1,1,0,1,44,Medium,NO,Academic Disengagement,Counselling Support,Monitor
STU_GUJ_004030,2023,SCH_071,Ahmedabad,Rural,Female,SC,4,Medium,58.1,11.46,Medium,Medium,No,Graduate,No,No,No,No,8,Secondary,No,1,0,1,1,32,Low,NO,Academic Disengagement,Counselling Support,Low Priority
STU_GUJ_007760,2023,SCH_030,Bhavnagar,Tribal,Male,SC,7,Low,66.8,2.53,Medium,High,No,Primary,Yes,Yes,No,Yes,8,Illiterate,Yes,0,0,0,1,37,Low,NO,Academic Disengagement,Counselling Support,Low Priority
STU_GUJ_011691,2021,SCH_113,Jamnagar,Rural,Female,ST,1,Very Low,74.1,11.91,High,Medium,Yes,Illiterate,Yes,No,Yes,No,7,Illiterate,No,0,0,1,0,51,Medium,NO,Travel Constraint,Provide Transport,Monitor
STU_GUJ_008484,2025,SCH_179,Anand,Urban,Female,OBC,1,Medium,72.0,15.89,Low,High,Yes,Illiterate,Yes,Yes,No,No,7,Illiterate,No,0,0,1,0,50,Medium,NO,Travel Constraint,Provide Transport,Monitor
STU_GUJ_003859,2024,SCH_033,Mehsana,Rural,Female,General,5,High,71.3,4.29,Medium,Medium,Yes,Primary,Yes,No,No,No,7,Primary,Yes,0,0,0,0,13,Low,NO,Social Factor,Community Engagement,Low Priority
STU_GUJ_000745,2020,SCH_080,Banaskantha,Rural,Female,SC,11,High,96.6,23.25,Medium,Medium,Yes,Secondary,No,No,No,No,3,Illiterate,No,0,1,1,0,32,Low,NO,Travel Constraint,Provide Transport,Low Priority
STU_GUJ_001384,2024,SCH_056,Bharuch,Rural,Female,SC,8,Low,53.4,5.05,Low,Low,No,Primary,Yes,No,No,No,2,Secondary,No,1,0,1,1,40,Low,NO,Academic Disengagement,Counselling Support,Low Priority
STU_GUJ_005644,2025,SCH_018,Vadodara,Rural,Male,ST,10,High,77.4,22.24,High,Medium,No,Secondary,No,No,No,No,6,Illiterate,No,0,1,1,0,32,Low,NO,Travel Constraint,Provide Transport,Low Priority
STU_GUJ_008686,2025,SCH_021,Rajkot,Urban,Female,OBC,1,Low,45.6,18.49,High,Medium,No,Graduate,Yes,Yes,No,No,4,Primary,No,0,0,1,1,28,Low,NO,Academic Disengagement,Counselling Support,Low Priority
STU_GUJ_010614,2024,SCH_008,Bharuch,Urban,Female,OBC,6,Very Low,81.8,4.81,Low,High,No,Primary,No,Yes,No,No,5,Illiterate,No,1,0,0,0,17,Low,NO,Economic Pressure,Provide Scholarship,Low Priority
STU_GUJ_000150,2021,SCH_058,Ahmedabad,Tribal,Male,ST,1,Low,91.2,16.65,Medium,Medium,Yes,Graduate,No,Yes,No,No,7,Illiterate,Yes,0,0,1,0,25,Low,NO,Travel Constraint,Provide Transport,Low Priority
STU_GUJ_011880,2020,SCH_098,Rajkot,Rural,Male,OBC,2,High,98.8,13.13,Medium,Low,Yes,Illiterate,Yes,Yes,No,No,5,Secondary,Yes,0,0,1,0,18,Low,NO,Travel Constraint,Provide Transport,Low Priority
STU_GUJ_000812,2019,SCH_050,Bhavnagar,Urban,Female,SC,7,Very Low,83.3,5.88,Medium,Medium,Yes,Primary,Yes,No,Yes,No,4,Secondary,Yes,0,0,1,0,21,Low,NO,Travel Constraint,Provide Transport,Low Priority
STU_GUJ_005901,2020,SCH_010,Mehsana,Tribal,Male,OBC,12,High,75.6,12.23,Medium,High,No,Secondary,Yes,Yes,No,No,6,Primary,No,0,1,1,0,27,Low,NO,Travel Constraint,Provide Transport,Low Priority
STU_GUJ_004329,2021,SCH_078,Sabarkantha,Tribal,Female,SC,2,Low,56.9,3.24,Medium,Medium,No,Secondary,Yes,Yes,No,No,5,Secondary,Yes,0,0,0,1,28,Low,NO,Academic Disengagement,Counselling Support,Low Priority
STU_GUJ_006374,2020,SCH_059,Vadodara,Rural,Female,OBC,12,Low,76.7,11.35,High,Medium,No,Primary,Yes,No,No,No,3,Illiterate,No,0,1,1,0,28,Low,NO,Travel Constraint,Provide Transport,Low Priority
STU_GUJ_003996,2022,SCH_097,Surat,Rural,Female,OBC,3,Very Low,98.4,3.19,Medium,Low,No,Illiterate,Yes,No,No,No,3,Primary,No,1,0,0,0,28,Low,NO,Economic Pressure,Provide Scholarship,Low Priority
STU_GUJ_004383,2022,SCH_161,Junagadh,Urban,Female,General,10,Medium,52.0,23.82,Medium,Medium,Yes,Secondary,Yes,No,Yes,No,4,Illiterate,No,0,1,1,1,55,Medium,NO,Academic Disengagement,Counselling Support,Monitor
STU_GUJ_001731,2019,SCH_026,Bhavnagar,Tribal,Female,General,8,Low,86.3,19.31,Medium,High,No,Primary,Yes,No,Yes,Yes,6,Graduate,Yes,0,0,1,0,38,Low,NO,Travel Constraint,Provide Transport,Low Priority
STU_GUJ_004360,2024,SCH_078,Ahmedabad,Rural,Female,ST,6,Very Low,46.5,21.65,Medium,Low,No,Illiterate,Yes,Yes,Yes,No,4,Illiterate,No,1,0,1,1,57,Medium,NO,Academic Disengagement,Counselling Support,Monitor
STU_GUJ_005028,2019,SCH_157,Patan,Urban,Male,OBC,12,Very Low,43.0,10.76,Low,Medium,Yes,Graduate,Yes,Yes,No,No,3,Primary,No,1,1,1,1,40,Low,NO,Academic Disengagement,Counselling Support,Low Priority
STU_GUJ_001794,2025,SCH_147,Navsari,Rural,Male,SC,6,Medium,60.9,22.76,Low,Medium,Yes,Illiterate,Yes,No,Yes,No,8,Secondary,No,0,0,1,1,60,Medium,NO,Academic Disengagement,Counselling Support,Monitor
STU_GUJ_009080,2020,SCH_135,Banaskantha,Urban,Female,General,12,Very Low,50.7,4.83,Medium,Low,Yes,Illiterate,Yes,Yes,No,No,8,Secondary,No,1,1,0,1,43,Medium,NO,Academic Disengagement,Counselling Support,Monitor
STU_GUJ_005467,2021,SCH_014,Mehsana,Rural,Female,ST,12,High,41.3,9.76,Low,Medium,No,Secondary,No,No,Yes,No,4,Secondary,No,1,1,1,1,64,Medium,NO,Academic Disengagement,Counselling Support,Monitor
STU_GUJ_011128,2021,SCH_029,Valsad,Tribal,Male,General,3,Very Low,70.0,26.31,Low,High,No,Primary,Yes,Yes,No,No,6,Illiterate,Yes,1,0,1,0,48,Medium,NO,Travel Constraint,Provide Transport,Monitor
STU_GUJ_008487,2025,SCH_049,Junagadh,Tribal,Male,SC,4,Very Low,48.5,17.18,Low,Low,Yes,Secondary,No,No,Yes,No,3,Illiterate,Yes,1,0,1,1,54,Medium,NO,Academic Disengagement,Counselling Support,Monitor
STU_GUJ_001122,2025,SCH_039,Amreli,Rural,Female,SC,5,Low,93.6,21.78,Medium,Medium,Yes,Illiterate,Yes,Yes,No,No,5,Secondary,Yes,0,0,1,0,7,Low,NO,Travel Constraint,Provide Transport,Low Priority
STU_GUJ_004619,2020,SCH_180,Jamnagar,Rural,Male,OBC,1,High,90.9,2.49,Low,Medium,Yes,Primary,No,Yes,No,Yes,4,Graduate,Yes,0,0,0,0,27,Low,NO,Social Factor,Community Engagement,Low Priority
STU_GUJ_005938,2025,SCH_063,Junagadh,Rural,Male,ST,5,Very Low,81.7,24.54,Low,Medium,Yes,Primary,Yes,Yes,No,No,3,Graduate,No,1,0,1,0,34,Low,NO,Travel Constraint,Provide Transport,Low Priority
STU_GUJ_009528,2022,SCH_108,Navsari,Urban,Male,ST,12,High,81.3,9.23,Medium,High,Yes,Primary,Yes,Yes,No,No,5,Primary,No,0,1,1,0,25,Low,NO,Travel Constraint,Provide Transport,Low Priority
STU_GUJ_002035,2019,SCH_139,Patan,Urban,Male,OBC,1,Medium,73.3,23.23,Medium,Medium,Yes,Primary,No,Yes,No,No,6,Secondary,Yes,0,0,1,0,11,Low,NO,Travel Constraint,Provide Transport,Low Priority
STU_GUJ_003127,2023,SCH_087,Rajkot,Urban,Male,General,11,High,49.3,27.74,Medium,High,Yes,Illiterate,No,No,No,No,8,Illiterate,No,0,1,1,1,53,Medium,NO,Academic Disengagement,Counselling Support,Monitor
STU_GUJ_011065,2024,SCH_058,Junagadh,Tribal,Female,OBC,10,Medium,91.1,24.65,High,Medium,Yes,Primary,Yes,Yes,No,No,6,Secondary,No,0,1,1,0,28,Low,NO,Travel Constraint,Provide Transport,Low Priority
STU_GUJ_011823,2021,SCH_026,Amreli,Rural,Male,SC,10,Very Low,98.7,14.58,High,Medium,Yes,Illiterate,Yes,Yes,Yes,No,5,Illiterate,No,0,1,1,0,51,Medium,NO,Travel Constraint,Provide Transport,Monitor
STU_GUJ_003828,2025,SCH_133,Patan,Urban,Male,OBC,8,Very Low,85.1,17.59,Medium,Medium,Yes,Secondary,Yes,No,No,Yes,6,Secondary,Yes,0,0,1,0,14,Low,NO,Travel Constraint,Provide Transport,Low Priority
STU_GUJ_004368,2024,SCH_113,Amreli,Rural,Female,ST,11,High,96.9,4.43,Medium,Low,No,Illiterate,Yes,Yes,Yes,Yes,3,Secondary,No,0,1,0,0,44,Medium,NO,Social Factor,Community Engagement,Monitor
STU_GUJ_005298,2024,SCH_056,Anand,Rural,Male,General,4,Medium,87.0,27.33,Low,High,No,Secondary,Yes,No,No,No,2,Primary,No,1,0,1,0,26,Low,NO,Travel Constraint,Provide Transport,Low Priority
STU_GUJ_003211,2019,SCH_048,Junagadh,Urban,Male,OBC,10,Low,88.8,16.04,Medium,High,No,Graduate,Yes,Yes,No,No,8,Illiterate,Yes,0,1,1,0,27,Low,NO,Travel Constraint,Provide Transport,Low Priority
STU_GUJ_009929,2025,SCH_179,Bharuch,Tribal,Female,General,9,Low,92.6,1.11,Medium,Low,Yes,Secondary,Yes,Yes,No,No,5,Illiterate,Yes,0,1,0,0,42,Medium,NO,Social Factor,Community Engagement,Monitor
STU_GUJ_002699,2020,SCH_150,Junagadh,Rural,Female,OBC,10,High,40.8,19.6,Low,Low,Yes,Primary,No,No,Yes,No,3,Illiterate,No,1,1,1,1,62,Medium,NO,Academic Disengagement,Counselling Support,Monitor
STU_GUJ_008046,2023,SCH_083,Bhavnagar,Tribal,Male,ST,3,High,91.2,23.73,Medium,Low,Yes,Primary,Yes,Yes,No,No,6,Illiterate,Yes,0,0,1,0,25,Low,NO,Travel Constraint,Provide Transport,Low Priority
STU_GUJ_004280,2023,SCH_166,Morbi,Rural,Male,ST,9,Very Low,63.8,0.24,Low,High,Yes,Primary,Yes,Yes,No,Yes,2,Illiterate,No,0,1,0,1,54,Medium,NO,Academic Disengagement,Counselling Support,Monitor
STU_GUJ_000374,2022,SCH_017,Jamnagar,Urban,Female,SC,1,Medium,78.9,3.12,Medium,High,Yes,Primary,No,No,No,No,2,Primary,No,0,0,0,0,11,Low,NO,Social Factor,Community Engagement,Low Priority
STU_GUJ_000625,2021,SCH_036,Banaskantha,Rural,Female,General,11,High,81.8,24.87,Medium,High,No,Illiterate,Yes,Yes,No,No,4,Illiterate,No,1,1,1,0,37,Low,NO,Travel Constraint,Provide Transport,Low Priority
STU_GUJ_011618,2024,SCH_044,Junagadh,Rural,Male,ST,10,Very Low,79.1,23.73,Low,Low,No,Illiterate,No,Yes,Yes,No,3,Illiterate,No,1,1,1,0,64,Medium,NO,Travel Constraint,Provide Transport,Monitor
STU_GUJ_006097,2024,SCH_113,Valsad,Rural,Male,General,2,Medium,78.7,20.91,High,Low,No,Illiterate,Yes,Yes,Yes,No,8,Secondary,No,1,0,1,0,24,Low,NO,Travel Constraint,Provide Transport,Low Priority
STU_GUJ_004984,2025,SCH_066,Ahmedabad,Rural,Male,SC,10,Very Low,61.2,20.65,Medium,Low,No,Primary,Yes,Yes,No,No,5,Secondary,Yes,1,1,1,1,53,Medium,NO,Academic Disengagement,Counselling Support,Monitor
STU_GUJ_003489,2023,SCH_096,Sabarkantha,Tribal,Female,General,6,Very Low,66.2,7.59,Medium,Low,No,Primary,Yes,Yes,No,No,8,Illiterate,Yes,1,0,1,1,40,Low,NO,Academic Disengagement,Counselling Support,Low Priority
STU_GUJ_011980,2020,SCH_134,Banaskantha,Tribal,Female,OBC,5,Very Low,77.4,12.9,High,Medium,Yes,Secondary,Yes,No,No,No,2,Secondary,Yes,0,0,1,0,30,Low,NO,Travel Constraint,Provide Transport,Low Priority
STU_GUJ_002037,2025,SCH_061,Dahod,Tribal,Female,OBC,7,High,83.6,7.48,Low,Medium,Yes,Illiterate,Yes,Yes,No,No,6,Illiterate,Yes,0,0,1,0,28,Low,NO,Travel Constraint,Provide Transport,Low Priority
STU_GUJ_008389,2024,SCH_029,Morbi,Rural,Female,General,1,Low,46.3,15.85,Medium,High,Yes,Graduate,No,Yes,No,No,6,Illiterate,Yes,0,0,1,1,40,Low,NO,Academic Disengagement,Counselling Support,Low Priority
STU_GUJ_000748,2023,SCH_147,Morbi,Rural,Male,SC,8,High,53.0,15.1,Low,Low,Yes,Graduate,Yes,No,Yes,No,6,Primary,Yes,0,0,1,1,54,Medium,NO,Academic Disengagement,Counselling Support,Monitor
STU_GUJ_009038,2024,SCH_156,Mehsana,Tribal,Male,OBC,8,Medium,81.8,14.85,Medium,Medium,Yes,Illiterate,Yes,No,No,No,8,Graduate,Yes,1,0,1,0,16,Low,NO,Travel Constraint,Provide Transport,Low Priority
STU_GUJ_009146,2022,SCH_120,Ahmedabad,Urban,Female,OBC,9,Medium,73.0,13.75,Medium,Low,Yes,Primary,Yes,Yes,No,No,8,Primary,No,0,1,1,0,31,Low,NO,Travel Constraint,Provide Transport,Low Priority
STU_GUJ_004448,2025,SCH_148,Rajkot,Rural,Female,SC,9,Medium,87.4,12.43,Low,Medium,Yes,Primary,Yes,Yes,No,Yes,4,Primary,No,1,1,1,0,37,Low,NO,Travel Constraint,Provide Transport,Low Priority
STU_GUJ_011020,2022,SCH_034,Banaskantha,Rural,Female,OBC,2,Very Low,45.0,8.65,Low,Medium,No,Illiterate,Yes,Yes,No,No,5,Primary,No,1,0,1,1,43,Medium,NO,Academic Disengagement,Counselling Support,Monitor
STU_GUJ_006744,2025,SCH_143,Bhavnagar,Rural,Male,OBC,1,Medium,97.9,23.56,Medium,Medium,No,Graduate,No,Yes,Yes,No,7,Secondary,Yes,1,0,1,0,32,Low,NO,Travel Constraint,Provide Transport,Low Priority
STU_GUJ_007503,2021,SCH_008,Mehsana,Rural,Male,General,10,Low,87.5,13.84,High,Medium,No,Graduate,No,Yes,No,No,7,Primary,No,1,1,1,0,28,Low,NO,Travel Constraint,Provide Transport,Low Priority
STU_GUJ_003101,2023,SCH_022,Amreli,Urban,Male,OBC,2,Low,93.7,25.59,Medium,Medium,Yes,Illiterate,Yes,No,No,No,2,Illiterate,No,0,0,1,0,8,Low,NO,Travel Constraint,Provide Transport,Low Priority
STU_GUJ_003300,2023,SCH_165,Valsad,Tribal,Female,ST,4,Medium,72.4,23.42,High,Medium,Yes,Illiterate,Yes,Yes,Yes,No,2,Illiterate,No,0,0,1,0,42,Medium,NO,Travel Constraint,Provide Transport,Monitor
STU_GUJ_006246,2019,SCH_127,Amreli,Tribal,Male,OBC,7,Low,64.1,22.72,High,Low,Yes,Primary,No,No,No,No,7,Primary,No,0,0,1,1,34,Low,NO,Academic Disengagement,Counselling Support,Low Priority
STU_GUJ_008293,2024,SCH_043,Dahod,Tribal,Female,OBC,9,Very Low,43.9,27.5,Medium,Medium,Yes,Secondary,Yes,Yes,No,No,5,Illiterate,No,1,1,1,1,42,Medium,NO,Academic Disengagement,Counselling Support,Monitor
STU_GUJ_007567,2024,SCH_127,Valsad,Urban,Female,OBC,11,Low,65.4,11.41,Low,Medium,Yes,Secondary,Yes,Yes,No,No,6,Graduate,No,1,1,1,1,33,Low,NO,Academic Disengagement,Counselling Support,Low Priority
STU_GUJ_003432,2022,SCH_145,Jamnagar,Tribal,Male,SC,9,Very Low,56.3,10.22,Low,Low,Yes,Primary,No,Yes,No,No,4,Illiterate,Yes,1,1,1,1,54,Medium,NO,Academic Disengagement,Counselling Support,Monitor
STU_GUJ_007119,2022,SCH_161,Morbi,Rural,Male,OBC,2,Very Low,69.1,15.25,Medium,Medium,Yes,Primary,Yes,No,No,No,4,Illiterate,No,0,0,1,1,42,Medium,NO,Academic Disengagement,Counselling Support,Monitor
STU_GUJ_006806,2021,SCH_103,Sabarkantha,Urban,Male,General,6,Very Low,79.2,0.87,High,High,No,Graduate,Yes,No,No,No,5,Graduate,Yes,0,0,0,0,19,Low,NO,Economic Pressure,Provide Scholarship,Low Priority
STU_GUJ_001262,2021,SCH_107,Rajkot,Urban,Male,General,8,Low,59.8,19.91,High,Medium,Yes,Secondary,No,No,No,No,7,Primary,Yes,1,0,1,1,30,Low,NO,Academic Disengagement,Counselling Support,Low Priority
STU_GUJ_000648,2024,SCH_177,Jamnagar,Tribal,Female,General,5,Medium,83.4,20.59,High,Low,Yes,Illiterate,No,Yes,Yes,No,4,Illiterate,Yes,0,0,1,0,40,Low,NO,Travel Constraint,Provide Transport,Low Priority
STU_GUJ_000020,2022,SCH_078,Junagadh,Tribal,Male,SC,11,Low,82.9,3.43,Low,Low,Yes,Secondary,No,Yes,No,No,7,Illiterate,Yes,0,1,0,0,36,Low,NO,Social Factor,Community Engagement,Low Priority
STU_GUJ_005609,2023,SCH_106,Surat,Urban,Female,General,11,Low,99.8,3.38,Medium,Medium,No,Graduate,No,No,No,No,2,Secondary,Yes,0,1,0,0,28,Low,NO,Social Factor,Community Engagement,Low Priority
STU_GUJ_002146,2024,SCH_059,Jamnagar,Urban,Female,OBC,4,High,73.7,5.04,Medium,Medium,Yes,Secondary,Yes,No,Yes,No,5,Illiterate,Yes,1,0,1,0,19,Low,NO,Travel Constraint,Provide Transport,Low Priority
STU_GUJ_006921,2019,SCH_129,Navsari,Urban,Female,SC,4,Medium,57.7,27.88,Low,Low,Yes,Secondary,Yes,Yes,No,No,5,Primary,Yes,1,0,1,1,34,Low,NO,Academic Disengagement,Counselling Support,Low Priority
STU_GUJ_005923,2022,SCH_151,Ahmedabad,Rural,Female,General,4,Medium,47.3,27.8,Medium,Medium,Yes,Graduate,Yes,No,No,No,6,Illiterate,Yes,0,0,1,1,37,Low,NO,Academic Disengagement,Counselling Support,Low Priority
STU_GUJ_009412,2020,SCH_070,Anand,Tribal,Female,OBC,8,Low,95.6,8.32,Medium,Medium,Yes,Illiterate,Yes,No,Yes,No,2,Graduate,No,1,0,1,0,30,Low,NO,Travel Constraint,Provide Transport,Low Priority
STU_GUJ_002792,2020,SCH_061,Ahmedabad,Tribal,Female,SC,12,Very Low,95.8,17.77,Low,Medium,No,Primary,Yes,No,No,No,4,Graduate,No,1,1,1,0,57,Medium,NO,Travel Constraint,Provide Transport,Monitor
STU_GUJ_004955,2019,SCH_083,Surat,Urban,Female,OBC,5,Very Low,83.0,8.1,High,Low,Yes,Graduate,Yes,Yes,No,No,4,Secondary,No,0,0,1,0,33,Low,NO,Travel Constraint,Provide Transport,Low Priority
STU_GUJ_006728,2020,SCH_152,Ahmedabad,Rural,Female,General,12,Low,70.8,13.34,Medium,Low,No,Illiterate,Yes,No,Yes,No,4,Illiterate,No,1,1,1,0,50,Medium,NO,Travel Constraint,Provide Transport,Monitor
STU_GUJ_001906,2025,SCH_017,Navsari,Urban,Female,ST,10,Very Low,63.2,12.19,Low,Medium,Yes,Illiterate,Yes,Yes,No,No,5,Illiterate,No,1,1,1,1,43,Medium,NO,Academic Disengagement,Counselling Support,Monitor
STU_GUJ_002022,2019,SCH_074,Surat,Rural,Male,SC,11,Low,66.1,10.44,High,Medium,No,Illiterate,No,No,No,No,4,Primary,Yes,0,1,1,1,42,Medium,NO,Academic Disengagement,Counselling Support,Monitor
STU_GUJ_005358,2019,SCH_107,Mehsana,Rural,Male,OBC,9,Low,57.3,14.13,High,Medium,Yes,Illiterate,No,Yes,No,Yes,3,Primary,No,0,1,1,1,41,Medium,NO,Academic Disengagement,Counselling Support,Monitor
STU_GUJ_003502,2024,SCH_096,Morbi,Rural,Female,SC,6,High,92.2,24.78,Low,High,Yes,Primary,Yes,Yes,No,No,6,Secondary,No,0,0,1,0,18,Low,NO,Travel Constraint,Provide Transport,Low Priority
STU_GUJ_001370,2022,SCH_101,Kutch,Urban,Male,OBC,12,Very Low,76.9,13.46,Low,Low,Yes,Secondary,Yes,No,Yes,No,8,Primary,No,1,1,1,0,60,Medium,NO,Travel Constraint,Provide Transport,Monitor
STU_GUJ_004768,2019,SCH_051,Anand,Urban,Male,OBC,11,Low,55.9,22.22,Medium,Low,Yes,Primary,Yes,Yes,No,No,6,Secondary,No,0,1,1,1,42,Medium,NO,Academic Disengagement,Counselling Support,Monitor
STU_GUJ_001369,2022,SCH_069,Patan,Rural,Female,OBC,10,Very Low,63.2,7.4,Low,Low,Yes,Primary,Yes,Yes,No,No,5,Secondary,No,0,1,1,1,65,Medium,NO,Academic Disengagement,Counselling Support,Monitor
STU_GUJ_009374,2019,SCH_160,Rajkot,Tribal,Male,OBC,12,Very Low,62.3,4.15,Low,High,No,Graduate,No,No,Yes,No,7,Illiterate,No,1,1,0,1,59,Medium,NO,Academic Disengagement,Counselling Support,Monitor
STU_GUJ_009785,2025,SCH_180,Junagadh,Rural,Male,OBC,12,High,98.4,4.13,Low,Low,No,Secondary,No,Yes,No,No,6,Secondary,Yes,1,1,0,0,35,Low,NO,Social Factor,Community Engagement,Low Priority
STU_GUJ_001942,2021,SCH_042,Jamnagar,Rural,Female,SC,5,Medium,80.5,12.2,Medium,Medium,Yes,Graduate,No,No,No,No,8,Secondary,No,0,0,1,0,15,Low,NO,Travel Constraint,Provide Transport,Low Priority
STU_GUJ_007589,2025,SCH_133,Sabarkantha,Rural,Female,OBC,8,Low,64.4,14.09,Low,Medium,Yes,Illiterate,Yes,No,No,No,3,Secondary,Yes,0,0,1,1,32,Low,NO,Academic Disengagement,Counselling Support,Low Priority
STU_GUJ_001979,2025,SCH_037,Jamnagar,Rural,Female,General,11,Very Low,75.0,22.64,High,Medium,Yes,Illiterate,No,Yes,Yes,Yes,6,Secondary,No,1,1,1,0,41,Medium,NO,Travel Constraint,Provide Transport,Monitor
STU_GUJ_008727,2022,SCH_112,Anand,Urban,Male,SC,1,Medium,57.4,16.04,Medium,Low,Yes,Illiterate,No,No,No,No,6,Illiterate,No,0,0,1,1,31,Low,NO,Academic Disengagement,Counselling Support,Low Priority
STU_GUJ_005365,2019,SCH_018,Navsari,Urban,Male,SC,3,Very Low,69.7,20.74,Medium,Medium,No,Primary,Yes,Yes,No,No,4,Primary,No,0,0,1,1,37,Low,NO,Academic Disengagement,Counselling Support,Low Priority
STU_GUJ_003367,2020,SCH_109,Jamnagar,Tribal,Female,OBC,2,Low,84.3,21.53,Low,Medium,Yes,Primary,No,No,No,No,2,Graduate,No,1,0,1,0,28,Low,NO,Travel Constraint,Provide Transport,Low Priority
STU_GUJ_006619,2021,SCH_002,Navsari,Rural,Male,ST,12,High,43.4,13.22,Medium,Medium,No,Illiterate,Yes,No,No,No,7,Secondary,No,1,1,1,1,31,Low,NO,Academic Disengagement,Counselling Support,Low Priority
STU_GUJ_007114,2023,SCH_089,Mehsana,Tribal,Female,OBC,7,Very Low,52.7,26.42,Low,Medium,Yes,Secondary,No,No,No,No,5,Secondary,Yes,0,0,1,1,45,Medium,NO,Academic Disengagement,Counselling Support,Monitor
STU_GUJ_005047,2021,SCH_005,Patan,Tribal,Female,SC,1,Medium,49.2,12.04,High,Medium,Yes,Primary,Yes,No,No,Yes,8,Illiterate,No,0,0,1,1,48,Medium,NO,Academic Disengagement,Counselling Support,Monitor
STU_GUJ_003890,2025,SCH_022,Surat,Rural,Male,OBC,3,Medium,56.6,24.26,Medium,Medium,No,Secondary,Yes,No,No,No,8,Secondary,No,1,0,1,1,37,Low,NO,Academic Disengagement,Counselling Support,Low Priority
STU_GUJ_003373,2023,SCH_147,Navsari,Urban,Male,SC,2,Low,98.7,2.11,High,Medium,No,Primary,No,Yes,No,Yes,5,Primary,No,0,0,0,0,21,Low,NO,Social Factor,Community Engagement,Low Priority
STU_GUJ_004554,2022,SCH_004,Sabarkantha,Urban,Female,General,10,Low,42.1,5.05,High,High,No,Primary,Yes,No,No,No,2,Primary,No,1,1,1,1,51,Medium,NO,Academic Disengagement,Counselling Support,Monitor
STU_GUJ_011193,2021,SCH_078,Rajkot,Urban,Male,General,10,Very Low,54.4,21.63,High,Medium,Yes,Secondary,Yes,Yes,No,No,8,Secondary,No,1,1,1,1,36,Low,NO,Academic Disengagement,Counselling Support,Low Priority
STU_GUJ_003046,2025,SCH_061,Vadodara,Rural,Male,General,6,Low,52.8,17.82,Medium,Low,No,Secondary,No,Yes,No,Yes,5,Secondary,No,0,0,1,1,49,Medium,NO,Academic Disengagement,Counselling Support,Monitor
STU_GUJ_004811,2022,SCH_027,Anand,Tribal,Male,OBC,1,High,45.8,22.18,Low,High,Yes,Illiterate,No,Yes,Yes,No,7,Illiterate,Yes,0,0,1,1,54,Medium,NO,Academic Disengagement,Counselling Support,Monitor
STU_GUJ_002334,2021,SCH_060,Banaskantha,Rural,Female,SC,6,Medium,92.7,25.39,Medium,Low,Yes,Illiterate,Yes,Yes,No,No,6,Illiterate,Yes,1,0,1,0,30,Low,NO,Travel Constraint,Provide Transport,Low Priority
STU_GUJ_000840,2019,SCH_010,Kutch,Tribal,Male,General,8,Low,47.5,26.79,Low,Medium,No,Secondary,Yes,Yes,Yes,Yes,4,Secondary,No,0,0,1,1,44,Medium,NO,Academic Disengagement,Counselling Support,Monitor
STU_GUJ_005263,2021,SCH_083,Valsad,Rural,Female,OBC,2,Very Low,84.8,13.17,Low,Medium,No,Secondary,Yes,No,Yes,No,6,Primary,No,0,0,1,0,43,Medium,NO,Travel Constraint,Provide Transport,Monitor
STU_GUJ_008517,2019,SCH_150,Morbi,Rural,Male,SC,3,Low,99.0,17.86,Medium,Medium,Yes,Primary,Yes,Yes,No,No,5,Illiterate,No,0,0,1,0,23,Low,NO,Travel Constraint,Provide Transport,Low Priority
STU_GUJ_010905,2021,SCH_109,Vadodara,Urban,Male,OBC,11,Low,83.8,16.35,Medium,Medium,Yes,Graduate,Yes,No,No,No,2,Illiterate,No,1,1,1,0,21,Low,NO,Travel Constraint,Provide Transport,Low Priority
STU_GUJ_001435,2019,SCH_045,Navsari,Tribal,Female,ST,2,Medium,46.8,3.04,Low,Low,No,Secondary,Yes,No,No,No,7,Illiterate,Yes,1,0,0,1,53,Medium,NO,Academic Disengagement,Counselling Support,Monitor
STU_GUJ_003858,2020,SCH_091,Rajkot,Rural,Male,OBC,3,Medium,64.0,12.11,High,Medium,No,Illiterate,Yes,Yes,No,No,7,Primary,Yes,0,0,1,1,25,Low,NO,Academic Disengagement,Counselling Support,Low Priority
STU_GUJ_004602,2019,SCH_024,Mehsana,Rural,Male,General,11,Low,94.3,20.47,Low,Medium,Yes,Illiterate,Yes,Yes,No,No,3,Secondary,No,1,1,1,0,34,Low,NO,Travel Constraint,Provide Transport,Low Priority
STU_GUJ_002674,2022,SCH_164,Sabarkantha,Rural,Female,ST,3,Low,97.3,15.28,Medium,High,Yes,Primary,Yes,No,No,Yes,7,Primary,No,0,0,1,0,36,Low,NO,Travel Constraint,Provide Transport,Low Priority
STU_GUJ_005181,2024,SCH_170,Junagadh,Rural,Female,OBC,6,Low,50.2,15.69,Medium,Medium,No,Primary,Yes,No,Yes,No,2,Secondary,Yes,0,0,1,1,33,Low,NO,Academic Disengagement,Counselling Support,Low Priority
STU_GUJ_000488,2019,SCH_122,Amreli,Urban,Male,General,4,Low,56.2,12.19,High,High,Yes,Illiterate,No,No,No,Yes,6,Illiterate,Yes,0,0,1,1,41,Medium,NO,Academic Disengagement,Counselling Support,Monitor
STU_GUJ_005518,2025,SCH_098,Ahmedabad,Tribal,Male,OBC,1,Very Low,51.7,14.18,High,Low,No,Secondary,Yes,No,No,No,6,Secondary,Yes,0,0,1,1,40,Low,NO,Academic Disengagement,Counselling Support,Low Priority
STU_GUJ_000534,2020,SCH_083,Rajkot,Rural,Female,General,6,High,85.4,11.87,Low,Low,Yes,Primary,No,No,No,No,5,Illiterate,Yes,0,0,1,0,27,Low,NO,Travel Constraint,Provide Transport,Low Priority
STU_GUJ_007603,2021,SCH_168,Surat,Urban,Female,OBC,11,Medium,45.9,15.29,High,Low,Yes,Illiterate,Yes,No,No,No,3,Primary,No,1,1,1,1,41,Medium,NO,Academic Disengagement,Counselling Support,Monitor
STU_GUJ_007607,2022,SCH_104,Gandhinagar,Rural,Male,General,8,Medium,51.2,1.78,Medium,Low,Yes,Primary,Yes,No,No,No,5,Primary,Yes,0,0,0,1,31,Low,NO,Academic Disengagement,Counselling Support,Low Priority
STU_GUJ_006082,2020,SCH_075,Anand,Tribal,Female,ST,1,Very Low,52.5,4.28,Low,High,Yes,Primary,No,No,No,No,6,Illiterate,No,1,0,0,1,39,Low,NO,Academic Disengagement,Counselling Support,Low Priority
STU_GUJ_002961,2021,SCH_087,Vadodara,Rural,Male,General,7,Low,57.4,2.68,High,Medium,No,Primary,Yes,No,Yes,No,5,Primary,No,0,0,0,1,42,Medium,NO,Academic Disengagement,Counselling Support,Monitor
STU_GUJ_002184,2024,SCH_022,Jamnagar,Tribal,Male,ST,11,Very Low,69.9,11.93,Low,Medium,No,Illiterate,No,No,Yes,No,2,Primary,Yes,0,1,1,1,61,Medium,NO,Academic Disengagement,Counselling Support,Monitor
STU_GUJ_010965,2023,SCH_104,Jamnagar,Tribal,Female,General,2,Very Low,67.4,9.45,Medium,High,No,Illiterate,Yes,No,No,No,5,Illiterate,No,0,0,1,1,35,Low,NO,Academic Disengagement,Counselling Support,Low Priority
STU_GUJ_004169,2019,SCH_142,Junagadh,Urban,Female,General,1,Medium,57.9,3.74,Medium,High,Yes,Illiterate,Yes,No,No,No,5,Illiterate,No,1,0,0,1,28,Low,NO,Academic Disengagement,Counselling Support,Low Priority
STU_GUJ_005720,2024,SCH_010,Bhavnagar,Urban,Female,General,4,Low,52.1,21.39,Low,Medium,No,Graduate,Yes,No,No,No,8,Illiterate,Yes,1,0,1,1,30,Low,NO,Academic Disengagement,Counselling Support,Low Priority
STU_GUJ_011204,2025,SCH_028,Bhavnagar,Rural,Female,SC,5,Low,74.2,14.78,Medium,Medium,Yes,Secondary,Yes,No,No,Yes,3,Primary,No,0,0,1,0,22,Low,NO,Travel Constraint,Provide Transport,Low Priority
STU_GUJ_011556,2019,SCH_069,Bhavnagar,Tribal,Female,OBC,3,Medium,73.7,2.88,Low,High,Yes,Primary,No,Yes,No,No,6,Primary,Yes,0,0,0,0,17,Low,NO,Social Factor,Community Engagement,Low Priority
STU_GUJ_007092,2025,SCH_084,Bhavnagar,Urban,Male,OBC,4,High,84.9,20.86,Low,Medium,No,Primary,Yes,Yes,No,No,2,Secondary,No,1,0,1,0,25,Low,NO,Travel Constraint,Provide Transport,Low Priority
STU_GUJ_009327,2024,SCH_059,Gandhinagar,Rural,Female,SC,2,Very Low,63.4,6.67,High,High,Yes,Primary,Yes,Yes,No,No,4,Secondary,No,1,0,1,1,35,Low,NO,Academic Disengagement,Counselling Support,Low Priority
STU_GUJ_006715,2019,SCH_030,Patan,Rural,Female,OBC,8,Medium,99.6,27.92,Medium,Medium,No,Illiterate,Yes,No,Yes,Yes,5,Primary,No,0,0,1,0,33,Low,NO,Travel Constraint,Provide Transport,Low Priority
STU_GUJ_000201,2024,SCH_020,Mehsana,Urban,Male,SC,9,High,43.3,4.16,Low,Medium,No,Primary,Yes,Yes,No,No,6,Primary,Yes,0,1,0,1,53,Medium,NO,Academic Disengagement,Counselling Support,Monitor
STU_GUJ_011773,2022,SCH_080,Anand,Rural,Male,OBC,5,Very Low,90.1,17.27,High,Low,Yes,Illiterate,Yes,Yes,No,No,4,Primary,No,0,0,1,0,27,Low,NO,Travel Constraint,Provide Transport,Low Priority
STU_GUJ_002211,2025,SCH_157,Kutch,Tribal,Male,SC,11,Very Low,57.8,13.21,Low,Low,Yes,Primary,Yes,No,No,No,8,Secondary,No,1,1,1,1,50,Medium,NO,Academic Disengagement,Counselling Support,Monitor
STU_GUJ_008252,2021,SCH_012,Patan,Urban,Female,OBC,11,Low,82.7,26.97,Medium,Medium,No,Secondary,No,No,No,No,4,Primary,Yes,0,1,1,0,26,Low,NO,Travel Constraint,Provide Transport,Low Priority
STU_GUJ_007839,2020,SCH_021,Sabarkantha,Urban,Male,SC,10,High,55.9,15.45,Medium,Low,No,Secondary,Yes,No,No,No,2,Graduate,No,1,1,1,1,40,Low,NO,Academic Disengagement,Counselling Support,Low Priority
STU_GUJ_009120,2020,SCH_013,Vadodara,Urban,Female,OBC,3,High,54.6,27.71,Low,Medium,No,Illiterate,Yes,Yes,No,No,8,Illiterate,Yes,0,0,1,1,21,Low,NO,Academic Disengagement,Counselling Support,Low Priority
STU_GUJ_008762,2024,SCH_055,Bhavnagar,Urban,Female,General,8,Low,73.2,11.56,Low,High,Yes,Secondary,Yes,No,Yes,No,6,Primary,Yes,0,0,1,0,28,Low,NO,Travel Constraint,Provide Transport,Low Priority
STU_GUJ_009118,2025,SCH_164,Mehsana,Rural,Male,ST,7,Low,99.6,4.23,Medium,Medium,Yes,Primary,Yes,No,No,No,7,Secondary,No,0,0,0,0,16,Low,NO,Social Factor,Community Engagement,Low Priority
STU_GUJ_011719,2020,SCH_136,Surat,Urban,Male,General,9,Low,62.5,24.8,Low,High,Yes,Secondary,Yes,No,No,No,8,Illiterate,Yes,0,1,1,1,36,Low,NO,Academic Disengagement,Counselling Support,Low Priority
STU_GUJ_002445,2020,SCH_055,Valsad,Tribal,Female,SC,4,Low,78.1,21.23,Medium,High,Yes,Illiterate,Yes,No,Yes,No,5,Secondary,No,1,0,1,0,36,Low,NO,Travel Constraint,Provide Transport,Low Priority
STU_GUJ_003313,2023,SCH_034,Rajkot,Urban,Female,SC,4,Very Low,58.9,26.61,Medium,Low,Yes,Primary,Yes,Yes,No,No,8,Secondary,Yes,1,0,1,1,31,Low,NO,Academic Disengagement,Counselling Support,Low Priority
STU_GUJ_000219,2019,SCH_015,Navsari,Rural,Female,OBC,7,Very Low,82.2,19.1,Medium,High,Yes,Primary,No,No,No,No,7,Illiterate,Yes,0,0,1,0,21,Low,NO,Travel Constraint,Provide Transport,Low Priority
STU_GUJ_002616,2025,SCH_165,Valsad,Urban,Female,General,9,Very Low,74.9,23.8,Medium,Low,No,Illiterate,Yes,Yes,No,No,4,Primary,Yes,1,1,1,0,44,Medium,NO,Travel Constraint,Provide Transport,Monitor
STU_GUJ_008030,2023,SCH_024,Valsad,Tribal,Male,OBC,10,Very Low,86.2,18.98,Low,Low,Yes,Secondary,No,No,No,Yes,4,Illiterate,Yes,0,1,1,0,48,Medium,NO,Travel Constraint,Provide Transport,Monitor
STU_GUJ_003778,2022,SCH_007,Bhavnagar,Rural,Male,SC,5,Very Low,67.6,24.69,High,Medium,Yes,Secondary,Yes,No,No,No,3,Secondary,No,0,0,1,1,37,Low,NO,Academic Disengagement,Counselling Support,Low Priority
STU_GUJ_004630,2025,SCH_151,Dahod,Rural,Female,SC,10,Very Low,97.7,0.96,Medium,Low,Yes,Primary,Yes,No,Yes,No,5,Graduate,No,0,1,0,0,53,Medium,NO,Economic Pressure,Provide Scholarship,Monitor
STU_GUJ_010737,2024,SCH_051,Ahmedabad,Rural,Female,SC,12,Low,80.0,1.16,High,Low,No,Illiterate,No,Yes,No,No,8,Graduate,Yes,0,1,0,0,33,Low,NO,Social Factor,Community Engagement,Low Priority
STU_GUJ_009193,2025,SCH_147,Anand,Rural,Male,ST,9,Very Low,42.8,7.76,Low,High,Yes,Graduate,Yes,No,Yes,No,6,Graduate,No,1,1,1,1,57,Medium,NO,Academic Disengagement,Counselling Support,Monitor
STU_GUJ_011999,2024,SCH_142,Morbi,Rural,Female,SC,11,Medium,68.7,27.8,High,Low,Yes,Secondary,No,No,No,No,6,Illiterate,No,0,1,1,1,56,Medium,NO,Academic Disengagement,Counselling Support,Monitor
STU_GUJ_011752,2023,SCH_025,Kutch,Rural,Male,OBC,12,Low,85.1,25.38,High,High,No,Primary,Yes,Yes,No,No,8,Primary,Yes,1,1,1,0,24,Low,NO,Travel Constraint,Provide Transport,Low Priority
STU_GUJ_007190,2024,SCH_062,Kutch,Rural,Female,General,10,Medium,72.6,12.5,Medium,High,Yes,Illiterate,Yes,No,No,No,6,Primary,Yes,0,1,1,0,32,Low,NO,Travel Constraint,Provide Transport,Low Priority
STU_GUJ_011591,2020,SCH_174,Bhavnagar,Urban,Female,OBC,1,High,88.2,11.21,Medium,Low,No,Secondary,Yes,Yes,No,No,2,Illiterate,No,1,0,1,0,22,Low,NO,Travel Constraint,Provide Transport,Low Priority
STU_GUJ_001671,2023,SCH_125,Bhavnagar,Rural,Female,General,3,Medium,69.7,6.23,Low,Medium,No,Illiterate,Yes,Yes,No,No,4,Illiterate,No,1,0,1,1,42,Medium,NO,Academic Disengagement,Counselling Support,Monitor
STU_GUJ_001189,2025,SCH_097,Navsari,Urban,Female,General,12,Very Low,75.3,17.03,High,High,Yes,Illiterate,Yes,Yes,No,No,4,Graduate,No,0,1,1,0,30,Low,NO,Travel Constraint,Provide Transport,Low Priority
STU_GUJ_001615,2024,SCH_138,Bhavnagar,Urban,Female,ST,2,Very Low,55.2,18.39,Low,High,No,Primary,Yes,Yes,Yes,No,6,Illiterate,Yes,1,0,1,1,47,Medium,NO,Academic Disengagement,Counselling Support,Monitor
STU_GUJ_002341,2023,SCH_178,Morbi,Rural,Female,SC,8,Medium,43.9,11.63,Medium,Low,Yes,Primary,No,Yes,No,No,4,Primary,Yes,0,0,1,1,47,Medium,NO,Academic Disengagement,Counselling Support,Monitor
STU_GUJ_005668,2020,SCH_016,Banaskantha,Rural,Female,ST,3,Medium,48.7,3.89,Medium,Low,Yes,Secondary,Yes,Yes,No,Yes,8,Illiterate,No,0,0,0,1,39,Low,NO,Academic Disengagement,Counselling Support,Low Priority
STU_GUJ_002874,2022,SCH_097,Kutch,Rural,Female,OBC,2,Low,46.7,27.11,Low,High,No,Secondary,No,No,Yes,Yes,6,Secondary,Yes,0,0,1,1,51,Medium,NO,Academic Disengagement,Counselling Support,Monitor
STU_GUJ_005944,2022,SCH_012,Bharuch,Urban,Male,General,7,Medium,41.0,0.75,Medium,Low,Yes,Graduate,Yes,Yes,No,No,3,Illiterate,No,1,0,0,1,28,Low,NO,Academic Disengagement,Counselling Support,Low Priority
STU_GUJ_003018,2023,SCH_124,Anand,Urban,Female,OBC,7,Low,51.9,18.2,High,Medium,Yes,Illiterate,No,No,No,No,3,Illiterate,No,0,0,1,1,19,Low,NO,Academic Disengagement,Counselling Support,Low Priority
STU_GUJ_004093,2023,SCH_139,Amreli,Urban,Male,SC,3,Low,93.8,4.88,Medium,Medium,Yes,Illiterate,Yes,No,No,No,6,Primary,No,0,0,0,0,5,Low,NO,Social Factor,Community Engagement,Low Priority
STU_GUJ_003291,2025,SCH_053,Anand,Urban,Female,ST,2,Medium,46.2,15.48,Medium,Low,Yes,Primary,Yes,Yes,No,No,5,Illiterate,No,0,0,1,1,34,Low,NO,Academic Disengagement,Counselling Support,Low Priority
STU_GUJ_000096,2024,SCH_019,Rajkot,Urban,Female,General,4,Medium,41.7,1.03,Medium,Low,Yes,Illiterate,No,Yes,No,No,2,Illiterate,Yes,0,0,0,1,28,Low,NO,Academic Disengagement,Counselling Support,Low Priority
STU_GUJ_003404,2022,SCH_149,Dahod,Rural,Male,OBC,10,Low,64.4,3.15,Medium,High,Yes,Primary,No,Yes,No,No,7,Primary,Yes,0,1,0,1,37,Low,NO,Academic Disengagement,Counselling Support,Low Priority
STU_GUJ_011578,2023,SCH_035,Sabarkantha,Rural,Male,General,6,Medium,59.9,25.02,Low,Medium,No,Illiterate,Yes,Yes,No,No,2,Secondary,Yes,1,0,1,1,33,Low,NO,Academic Disengagement,Counselling Support,Low Priority
STU_GUJ_007189,2019,SCH_048,Rajkot,Rural,Female,SC,2,Low,85.0,15.73,Low,Medium,No,Primary,No,Yes,No,No,6,Primary,Yes,1,0,1,0,36,Low,NO,Travel Constraint,Provide Transport,Low Priority
STU_GUJ_005803,2020,SCH_032,Surat,Rural,Male,SC,3,Low,93.8,17.04,Medium,Low,No,Illiterate,No,No,No,No,2,Illiterate,Yes,1,0,1,0,28,Low,NO,Travel Constraint,Provide Transport,Low Priority
STU_GUJ_003099,2020,SCH_008,Navsari,Rural,Male,SC,9,High,88.8,2.98,Medium,Medium,Yes,Illiterate,No,Yes,No,No,7,Graduate,No,0,1,0,0,20,Low,NO,Social Factor,Community Engagement,Low Priority
STU_GUJ_003419,2021,SCH_175,Valsad,Rural,Male,SC,8,Medium,49.5,0.26,Low,Low,No,Primary,Yes,No,No,No,2,Secondary,No,1,0,0,1,46,Medium,NO,Academic Disengagement,Counselling Support,Monitor
STU_GUJ_007635,2021,SCH_127,Mehsana,Tribal,Male,General,9,High,58.6,10.18,Medium,Medium,Yes,Secondary,Yes,Yes,No,No,5,Illiterate,No,1,1,1,1,51,Medium,NO,Academic Disengagement,Counselling Support,Monitor
STU_GUJ_011044,2025,SCH_015,Kutch,Tribal,Female,General,5,Medium,74.1,27.04,Low,Low,Yes,Secondary,No,No,No,No,2,Graduate,Yes,1,0,1,0,41,Medium,NO,Travel Constraint,Provide Transport,Monitor
STU_GUJ_009718,2023,SCH_037,Valsad,Urban,Male,OBC,5,High,77.3,15.51,Low,Low,Yes,Primary,Yes,No,No,No,2,Primary,No,0,0,1,0,24,Low,NO,Travel Constraint,Provide Transport,Low Priority
STU_GUJ_001414,2024,SCH_175,Junagadh,Rural,Male,OBC,2,Low,90.5,1.85,Low,Low,Yes,Illiterate,Yes,Yes,Yes,No,8,Illiterate,No,0,0,0,0,36,Low,NO,Social Factor,Community Engagement,Low Priority
STU_GUJ_011794,2025,SCH_045,Bhavnagar,Urban,Female,SC,7,Very Low,49.6,22.83,High,Medium,Yes,Primary,Yes,No,Yes,No,6,Illiterate,No,1,0,1,1,41,Medium,NO,Academic Disengagement,Counselling Support,Monitor
STU_GUJ_007316,2025,SCH_168,Vadodara,Rural,Male,ST,10,Very Low,94.2,23.99,High,Medium,Yes,Illiterate,Yes,No,Yes,No,2,Illiterate,No,0,1,1,0,59,Medium,NO,Travel Constraint,Provide Transport,Monitor
STU_GUJ_001374,2023,SCH_030,Mehsana,Urban,Female,General,1,Medium,92.9,7.38,High,High,Yes,Primary,Yes,Yes,No,No,3,Primary,No,0,0,1,0,23,Low,NO,Travel Constraint,Provide Transport,Low Priority
STU_GUJ_002361,2020,SCH_134,Kutch,Urban,Male,SC,12,Low,73.1,20.01,Low,Medium,No,Graduate,Yes,Yes,No,Yes,6,Illiterate,Yes,0,1,1,0,33,Low,NO,Travel Constraint,Provide Transport,Low Priority
STU_GUJ_002058,2019,SCH_103,Surat,Tribal,Male,General,4,Low,76.4,9.69,Low,Low,Yes,Illiterate,No,No,Yes,No,7,Illiterate,Yes,1,0,1,0,43,Medium,NO,Travel Constraint,Provide Transport,Monitor
STU_GUJ_003149,2021,SCH_176,Amreli,Rural,Male,General,6,Low,82.3,21.14,Low,Medium,No,Primary,Yes,Yes,Yes,No,7,Illiterate,No,0,0,1,0,41,Medium,NO,Travel Constraint,Provide Transport,Monitor
STU_GUJ_005014,2022,SCH_124,Sabarkantha,Urban,Female,ST,10,High,65.4,14.3,High,High,Yes,Illiterate,Yes,Yes,No,No,4,Graduate,No,0,1,1,1,39,Low,NO,Academic Disengagement,Counselling Support,Low Priority
STU_GUJ_004505,2020,SCH_046,Ahmedabad,Urban,Male,General,8,Very Low,71.8,7.11,Medium,Medium,No,Secondary,Yes,No,No,No,5,Illiterate,No,1,0,1,0,31,Low,NO,Travel Constraint,Provide Transport,Low Priority
STU_GUJ_009404,2021,SCH_164,Rajkot,Urban,Male,ST,1,High,63.1,6.01,Medium,High,Yes,Primary,No,No,No,No,4,Primary,Yes,0,0,1,1,38,Low,NO,Academic Disengagement,Counselling Support,Low Priority
STU_GUJ_009647,2020,SCH_165,Amreli,Urban,Male,OBC,5,High,86.6,11.35,Medium,Low,Yes,Illiterate,Yes,Yes,No,No,3,Secondary,Yes,0,0,1,0,8,Low,NO,Travel Constraint,Provide Transport,Low Priority
STU_GUJ_004405,2025,SCH_034,Gandhinagar,Rural,Male,ST,6,Low,80.6,21.19,Low,Medium,Yes,Illiterate,Yes,No,No,No,5,Primary,No,1,0,1,0,35,Low,NO,Travel Constraint,Provide Transport,Low Priority
STU_GUJ_000857,2020,SCH_064,Junagadh,Rural,Male,ST,5,Very Low,80.6,20.03,Low,Medium,No,Primary,Yes,No,No,No,6,Graduate,No,0,0,1,0,39,Low,NO,Travel Constraint,Provide Transport,Low Priority
STU_GUJ_005177,2019,SCH_113,Vadodara,Tribal,Female,OBC,8,Low,83.1,18.24,Medium,Low,No,Primary,Yes,Yes,No,Yes,7,Illiterate,Yes,0,0,1,0,33,Low,NO,Travel Constraint,Provide Transport,Low Priority
STU_GUJ_010550,2022,SCH_167,Rajkot,Rural,Female,General,2,Low,48.6,26.55,Medium,Low,Yes,Secondary,No,Yes,No,No,4,Illiterate,Yes,0,0,1,1,46,Medium,NO,Academic Disengagement,Counselling Support,Monitor
STU_GUJ_010659,2021,SCH_101,Mehsana,Rural,Male,OBC,2,High,86.6,1.63,Low,Low,Yes,Primary,No,No,No,No,5,Primary,No,0,0,0,0,28,Low,NO,Social Factor,Community Engagement,Low Priority
STU_GUJ_002320,2023,SCH_068,Mehsana,Rural,Male,OBC,1,Medium,40.5,23.3,Medium,Low,Yes,Illiterate,Yes,No,No,No,5,Secondary,No,0,0,1,1,33,Low,NO,Academic Disengagement,Counselling Support,Low Priority
STU_GUJ_009762,2021,SCH_046,Sabarkantha,Rural,Male,SC,12,Medium,55.6,11.52,Low,High,Yes,Illiterate,Yes,No,No,No,7,Illiterate,Yes,0,1,1,1,43,Medium,NO,Academic Disengagement,Counselling Support,Monitor
STU_GUJ_008032,2023,SCH_158,Bhavnagar,Urban,Female,General,9,Very Low,100.0,0.88,Low,High,No,Illiterate,Yes,Yes,No,No,7,Primary,No,0,1,0,0,31,Low,NO,Economic Pressure,Provide Scholarship,Low Priority
STU_GUJ_005063,2020,SCH_124,Bharuch,Tribal,Female,OBC,4,Low,84.4,0.67,Medium,Low,Yes,Secondary,No,No,No,Yes,5,Illiterate,No,0,0,0,0,28,Low,NO,Social Factor,Community Engagement,Low Priority
STU_GUJ_001209,2022,SCH_147,Amreli,Urban,Male,OBC,4,Low,47.0,4.25,Low,Medium,Yes,Illiterate,No,No,No,No,5,Illiterate,No,0,0,0,1,31,Low,NO,Academic Disengagement,Counselling Support,Low Priority
STU_GUJ_010130,2024,SCH_090,Patan,Rural,Female,ST,6,Very Low,89.8,20.12,High,Low,No,Secondary,No,Yes,No,Yes,2,Secondary,Yes,0,0,1,0,40,Low,NO,Travel Constraint,Provide Transport,Low Priority
STU_GUJ_011812,2021,SCH_139,Dahod,Tribal,Male,General,4,Medium,42.0,17.81,Medium,Low,No,Graduate,Yes,No,No,No,2,Illiterate,No,1,0,1,1,34,Low,NO,Academic Disengagement,Counselling Support,Low Priority
STU_GUJ_008894,2024,SCH_151,Kutch,Tribal,Male,General,10,Low,61.1,15.71,High,High,No,Primary,Yes,Yes,No,Yes,8,Illiterate,No,1,1,1,1,48,Medium,NO,Academic Disengagement,Counselling Support,Monitor
STU_GUJ_006499,2021,SCH_130,Valsad,Tribal,Male,OBC,4,Medium,56.9,4.46,High,Medium,No,Illiterate,No,Yes,No,No,7,Illiterate,Yes,0,0,0,1,33,Low,NO,Academic Disengagement,Counselling Support,Low Priority
STU_GUJ_009518,2024,SCH_060,Navsari,Urban,Male,SC,12,Medium,75.4,9.88,Low,Low,Yes,Graduate,Yes,No,Yes,No,5,Illiterate,No,1,1,1,0,47,Medium,NO,Travel Constraint,Provide Transport,Monitor
STU_GUJ_001278,2021,SCH_014,Gandhinagar,Rural,Male,OBC,11,Medium,63.8,5.73,Low,Medium,Yes,Illiterate,Yes,No,No,No,3,Graduate,No,0,1,1,1,47,Medium,NO,Academic Disengagement,Counselling Support,Monitor
STU_GUJ_002472,2019,SCH_023,Junagadh,Urban,Male,ST,4,Low,67.5,1.13,Medium,Low,Yes,Graduate,Yes,No,No,No,8,Illiterate,No,0,0,0,1,25,Low,NO,Academic Disengagement,Counselling Support,Low Priority
STU_GUJ_003939,2022,SCH_062,Banaskantha,Tribal,Male,General,8,Very Low,63.9,26.67,Medium,Medium,Yes,Primary,Yes,Yes,Yes,No,2,Illiterate,No,0,0,1,1,60,Medium,NO,Academic Disengagement,Counselling Support,Monitor
STU_GUJ_000102,2025,SCH_009,Banaskantha,Rural,Female,OBC,4,Very Low,71.6,12.93,Medium,Low,Yes,Secondary,Yes,Yes,No,No,8,Illiterate,No,1,0,1,0,41,Medium,NO,Travel Constraint,Provide Transport,Monitor
STU_GUJ_006900,2024,SCH_100,Amreli,Tribal,Female,OBC,8,Low,76.5,20.26,Medium,Medium,No,Graduate,Yes,Yes,No,No,7,Illiterate,Yes,1,0,1,0,31,Low,NO,Travel Constraint,Provide Transport,Low Priority
STU_GUJ_000725,2025,SCH_036,Anand,Urban,Female,OBC,10,Low,98.2,0.58,High,Medium,Yes,Illiterate,No,Yes,No,No,2,Illiterate,Yes,0,1,0,0,20,Low,NO,Social Factor,Community Engagement,Low Priority
STU_GUJ_004817,2019,SCH_083,Dahod,Rural,Male,SC,1,Medium,47.0,13.19,Low,Medium,Yes,Illiterate,Yes,No,No,No,5,Primary,Yes,0,0,1,1,37,Low,NO,Academic Disengagement,Counselling Support,Low Priority
STU_GUJ_002378,2020,SCH_061,Amreli,Rural,Female,OBC,9,Very Low,76.3,8.04,Medium,Medium,Yes,Illiterate,No,Yes,No,No,2,Illiterate,No,1,1,1,0,34,Low,NO,Travel Constraint,Provide Transport,Low Priority
STU_GUJ_000813,2024,SCH_081,Bharuch,Urban,Female,OBC,4,Medium,66.1,21.21,Medium,Low,No,Graduate,No,Yes,No,No,4,Illiterate,No,0,0,1,1,32,Low,NO,Academic Disengagement,Counselling Support,Low Priority
STU_GUJ_000305,2021,SCH_096,Bhavnagar,Urban,Female,ST,4,Low,45.6,1.82,Medium,High,Yes,Primary,No,Yes,Yes,No,2,Primary,Yes,0,0,0,1,33,Low,NO,Academic Disengagement,Counselling Support,Low Priority
STU_GUJ_008938,2022,SCH_048,Bharuch,Urban,Female,SC,12,High,74.5,10.08,Medium,High,Yes,Secondary,Yes,No,Yes,No,8,Illiterate,No,0,1,1,0,41,Medium,NO,Travel Constraint,Provide Transport,Monitor
STU_GUJ_005404,2021,SCH_076,Navsari,Urban,Female,General,4,Low,69.6,18.46,High,Medium,No,Illiterate,No,Yes,No,No,2,Secondary,Yes,0,0,1,1,22,Low,NO,Academic Disengagement,Counselling Support,Low Priority
STU_GUJ_004641,2025,SCH_046,Bhavnagar,Rural,Male,ST,11,Very Low,67.8,21.08,Medium,Medium,Yes,Graduate,Yes,No,Yes,No,8,Primary,No,0,1,1,1,61,Medium,NO,Academic Disengagement,Counselling Support,Monitor
STU_GUJ_008698,2019,SCH_166,Junagadh,Rural,Male,OBC,9,Medium,91.6,15.56,Low,High,Yes,Illiterate,Yes,Yes,No,No,8,Illiterate,No,0,1,1,0,35,Low,NO,Travel Constraint,Provide Transport,Low Priority
STU_GUJ_006366,2019,SCH_061,Bharuch,Urban,Male,ST,7,High,86.0,25.86,High,Low,No,Illiterate,Yes,No,Yes,No,8,Primary,No,0,0,1,0,37,Low,NO,Travel Constraint,Provide Transport,Low Priority
STU_GUJ_000100,2025,SCH_145,Sabarkantha,Urban,Male,SC,2,Medium,44.4,19.71,Medium,Medium,Yes,Primary,No,Yes,No,No,4,Secondary,No,1,0,1,1,21,Low,NO,Academic Disengagement,Counselling Support,Low Priority
STU_GUJ_005100,2023,SCH_011,Dahod,Urban,Female,General,9,Low,68.3,19.49,Medium,Medium,Yes,Graduate,No,Yes,No,No,5,Illiterate,No,0,1,1,1,28,Low,NO,Academic Disengagement,Counselling Support,Low Priority
STU_GUJ_000851,2022,SCH_074,Navsari,Tribal,Male,OBC,8,Low,45.2,19.86,Medium,Medium,No,Primary,No,Yes,No,No,7,Illiterate,Yes,1,0,1,1,32,Low,NO,Academic Disengagement,Counselling Support,Low Priority
STU_GUJ_005703,2023,SCH_079,Anand,Rural,Male,OBC,6,Medium,40.0,14.15,Low,Low,Yes,Illiterate,Yes,Yes,No,Yes,7,Illiterate,No,0,0,1,1,57,Medium,NO,Academic Disengagement,Counselling Support,Monitor
STU_GUJ_000386,2024,SCH_074,Banaskantha,Rural,Male,General,8,Low,88.0,21.39,Medium,Medium,No,Graduate,Yes,Yes,Yes,Yes,7,Primary,Yes,1,0,1,0,37,Low,NO,Travel Constraint,Provide Transport,Low Priority
STU_GUJ_004786,2019,SCH_038,Jamnagar,Urban,Female,General,6,Very Low,60.6,25.62,Medium,Low,Yes,Illiterate,Yes,No,No,No,5,Primary,No,0,0,1,1,30,Low,NO,Academic Disengagement,Counselling Support,Low Priority
STU_GUJ_004044,2019,SCH_131,Vadodara,Tribal,Female,ST,11,Low,52.7,4.84,Low,Medium,No,Graduate,Yes,No,Yes,Yes,3,Illiterate,No,1,1,0,1,59,Medium,NO,Academic Disengagement,Counselling Support,Monitor
STU_GUJ_009781,2019,SCH_013,Anand,Tribal,Female,ST,1,Medium,57.0,10.16,Medium,Medium,No,Illiterate,No,Yes,Yes,Yes,5,Secondary,Yes,0,0,1,1,40,Low,NO,Academic Disengagement,Counselling Support,Low Priority
STU_GUJ_007884,2023,SCH_119,Vadodara,Rural,Male,General,12,Very Low,85.8,1.33,High,Medium,No,Secondary,Yes,Yes,No,No,3,Illiterate,No,1,1,0,0,34,Low,NO,Economic Pressure,Provide Scholarship,Low Priority
STU_GUJ_010787,2025,SCH_157,Patan,Tribal,Male,OBC,1,Low,55.5,24.09,Medium,High,Yes,Illiterate,Yes,Yes,No,No,7,Primary,No,0,0,1,1,40,Low,NO,Academic Disengagement,Counselling Support,Low Priority
STU_GUJ_009902,2025,SCH_156,Anand,Rural,Male,General,9,Low,42.5,12.83,Low,Low,Yes,Illiterate,Yes,Yes,No,No,4,Primary,No,0,1,1,1,47,Medium,NO,Academic Disengagement,Counselling Support,Monitor
STU_GUJ_008254,2020,SCH_110,Vadodara,Tribal,Male,SC,10,Medium,68.2,17.14,Medium,Medium,No,Secondary,Yes,Yes,No,No,6,Graduate,No,0,1,1,1,38,Low,NO,Academic Disengagement,Counselling Support,Low Priority
STU_GUJ_006413,2022,SCH_038,Valsad,Tribal,Female,SC,5,Low,43.6,16.22,Low,Medium,Yes,Illiterate,Yes,No,No,No,4,Secondary,Yes,1,0,1,1,45,Medium,NO,Academic Disengagement,Counselling Support,Monitor
STU_GUJ_008302,2022,SCH_142,Junagadh,Urban,Female,General,4,Low,69.4,11.18,Medium,Medium,Yes,Primary,No,No,No,No,7,Primary,No,0,0,1,1,15,Low,NO,Academic Disengagement,Counselling Support,Low Priority
STU_GUJ_005386,2021,SCH_092,Banaskantha,Tribal,Male,General,3,Medium,40.2,12.89,Low,Medium,Yes,Illiterate,Yes,No,No,No,8,Secondary,Yes,1,0,1,1,54,Medium,NO,Academic Disengagement,Counselling Support,Monitor
STU_GUJ_010718,2024,SCH_080,Ahmedabad,Rural,Male,OBC,6,High,78.9,13.34,Medium,Medium,Yes,Primary,No,No,No,Yes,7,Secondary,No,0,0,1,0,19,Low,NO,Travel Constraint,Provide Transport,Low Priority
STU_GUJ_010332,2019,SCH_094,Bhavnagar,Urban,Female,ST,6,Medium,66.9,1.45,Low,Low,No,Illiterate,Yes,Yes,No,No,5,Illiterate,No,0,0,0,1,49,Medium,NO,Academic Disengagement,Counselling Support,Monitor
STU_GUJ_008721,2024,SCH_103,Jamnagar,Tribal,Male,ST,12,Very Low,65.2,2.38,Medium,Medium,Yes,Primary,Yes,No,No,No,6,Illiterate,No,0,1,0,1,48,Medium,NO,Academic Disengagement,Counselling Support,Monitor
STU_GUJ_010939,2023,SCH_077,Jamnagar,Urban,Male,OBC,5,Medium,44.7,25.07,Medium,Medium,No,Primary,No,Yes,No,No,8,Primary,Yes,0,0,1,1,25,Low,NO,Academic Disengagement,Counselling Support,Low Priority
STU_GUJ_010445,2025,SCH_172,Kutch,Rural,Female,General,5,Medium,76.6,17.36,Low,Low,Yes,Secondary,No,No,No,No,4,Secondary,No,0,0,1,0,45,Medium,NO,Travel Constraint,Provide Transport,Monitor
STU_GUJ_002733,2025,SCH_117,Valsad,Rural,Female,OBC,3,Low,71.8,7.96,High,Medium,Yes,Secondary,Yes,Yes,No,Yes,5,Secondary,Yes,0,0,1,0,23,Low,NO,Travel Constraint,Provide Transport,Low Priority
STU_GUJ_009446,2024,SCH_060,Mehsana,Rural,Female,SC,4,Low,43.7,21.88,Low,Medium,Yes,Primary,Yes,Yes,No,Yes,6,Illiterate,No,0,0,1,1,28,Low,NO,Academic Disengagement,Counselling Support,Low Priority
STU_GUJ_009599,2019,SCH_012,Morbi,Rural,Male,OBC,5,Low,91.4,9.24,Low,Medium,Yes,Secondary,Yes,Yes,Yes,No,4,Illiterate,Yes,0,0,1,0,15,Low,NO,Travel Constraint,Provide Transport,Low Priority
STU_GUJ_000462,2020,SCH_078,Bharuch,Tribal,Female,General,10,Low,48.3,26.81,High,High,Yes,Primary,Yes,No,No,No,2,Graduate,Yes,1,1,1,1,48,Medium,NO,Academic Disengagement,Counselling Support,Monitor
STU_GUJ_010568,2020,SCH_086,Vadodara,Rural,Male,OBC,3,Medium,93.3,13.63,Medium,High,Yes,Primary,No,Yes,No,No,5,Primary,Yes,0,0,1,0,24,Low,NO,Travel Constraint,Provide Transport,Low Priority
STU_GUJ_000120,2023,SCH_094,Vadodara,Urban,Female,General,9,Low,85.6,26.14,Medium,Low,No,Illiterate,No,No,Yes,No,3,Illiterate,No,0,1,1,0,33,Low,NO,Travel Constraint,Provide Transport,Low Priority
STU_GUJ_001571,2025,SCH_164,Amreli,Rural,Male,General,2,Low,48.6,12.58,Medium,High,Yes,Primary,Yes,No,Yes,No,5,Illiterate,Yes,0,0,1,1,39,Low,NO,Academic Disengagement,Counselling Support,Low Priority
STU_GUJ_007736,2020,SCH_152,Bhavnagar,Rural,Female,OBC,11,Low,40.4,5.67,Medium,High,No,Illiterate,Yes,Yes,No,No,3,Primary,No,0,1,1,1,50,Medium,NO,Academic Disengagement,Counselling Support,Monitor
STU_GUJ_008619,2019,SCH_145,Ahmedabad,Rural,Female,SC,3,Medium,72.4,21.34,High,High,Yes,Primary,Yes,Yes,Yes,No,6,Illiterate,No,1,0,1,0,31,Low,NO,Travel Constraint,Provide Transport,Low Priority
STU_GUJ_000358,2019,SCH_116,Bhavnagar,Urban,Female,OBC,2,Medium,40.1,1.04,Medium,Medium,Yes,Secondary,No,Yes,Yes,No,7,Secondary,Yes,0,0,0,1,25,Low,NO,Academic Disengagement,Counselling Support,Low Priority
STU_GUJ_004309,2023,SCH_158,Bharuch,Tribal,Female,SC,3,Very Low,62.2,8.62,Medium,Medium,Yes,Primary,Yes,No,No,No,5,Illiterate,Yes,0,0,1,1,45,Medium,NO,Academic Disengagement,Counselling Support,Monitor
STU_GUJ_003910,2019,SCH_141,Surat,Rural,Female,OBC,9,Medium,63.1,7.14,Medium,Medium,Yes,Graduate,Yes,Yes,No,No,5,Primary,Yes,1,1,1,1,48,Medium,NO,Academic Disengagement,Counselling Support,Monitor
STU_GUJ_002047,2022,SCH_069,Vadodara,Tribal,Female,OBC,1,Very Low,82.5,13.25,Low,Medium,No,Illiterate,No,No,No,No,6,Secondary,No,1,0,1,0,36,Low,NO,Travel Constraint,Provide Transport,Low Priority
STU_GUJ_005366,2021,SCH_089,Surat,Rural,Female,ST,3,High,76.4,8.58,Low,Low,No,Secondary,Yes,Yes,No,No,4,Secondary,No,0,0,1,0,21,Low,NO,Travel Constraint,Provide Transport,Low Priority
STU_GUJ_002151,2025,SCH_080,Valsad,Tribal,Female,OBC,9,Low,94.7,0.5,High,Medium,Yes,Primary,No,Yes,No,No,3,Primary,No,0,1,0,0,32,Low,NO,Social Factor,Community Engagement,Low Priority
STU_GUJ_008123,2020,SCH_053,Jamnagar,Urban,Male,SC,1,High,60.6,18.2,Medium,Low,No,Secondary,Yes,No,Yes,Yes,8,Graduate,No,0,0,1,1,36,Low,NO,Academic Disengagement,Counselling Support,Low Priority
STU_GUJ_004049,2024,SCH_014,Valsad,Rural,Male,OBC,8,High,72.0,24.24,Low,Low,Yes,Secondary,Yes,Yes,No,No,5,Illiterate,Yes,0,0,1,0,38,Low,NO,Travel Constraint,Provide Transport,Low Priority
STU_GUJ_001982,2021,SCH_180,Anand,Tribal,Female,SC,6,Low,41.2,21.91,Low,Low,Yes,Graduate,Yes,Yes,No,No,8,Illiterate,Yes,1,0,1,1,60,Medium,NO,Academic Disengagement,Counselling Support,Monitor
STU_GUJ_001403,2020,SCH_061,Surat,Rural,Female,OBC,1,Medium,66.1,7.76,Medium,High,Yes,Primary,Yes,Yes,No,No,4,Primary,Yes,0,0,1,1,41,Medium,NO,Academic Disengagement,Counselling Support,Monitor
STU_GUJ_010592,2022,SCH_116,Bharuch,Urban,Female,OBC,2,Low,87.6,22.82,Medium,Low,No,Secondary,Yes,No,No,No,8,Illiterate,Yes,0,0,1,0,22,Low,NO,Travel Constraint,Provide Transport,Low Priority
STU_GUJ_005584,2023,SCH_044,Amreli,Tribal,Male,General,11,Low,77.1,17.42,Medium,Medium,No,Primary,Yes,Yes,No,Yes,5,Illiterate,Yes,0,1,1,0,25,Low,NO,Travel Constraint,Provide Transport,Low Priority
STU_GUJ_000397,2019,SCH_156,Dahod,Rural,Female,OBC,2,Very Low,96.9,12.8,Low,Medium,Yes,Primary,Yes,Yes,Yes,No,3,Illiterate,No,0,0,1,0,44,Medium,NO,Travel Constraint,Provide Transport,Monitor
STU_GUJ_001040,2023,SCH_033,Gandhinagar,Rural,Male,OBC,12,Low,86.9,1.4,Medium,Medium,No,Secondary,No,Yes,No,No,2,Secondary,No,1,1,0,0,22,Low,NO,Social Factor,Community Engagement,Low Priority
STU_GUJ_010610,2020,SCH_038,Kutch,Rural,Male,General,5,Very Low,65.7,0.19,Medium,Medium,Yes,Illiterate,Yes,Yes,No,No,4,Illiterate,Yes,0,0,0,1,26,Low,NO,Academic Disengagement,Counselling Support,Low Priority
STU_GUJ_001587,2019,SCH_093,Morbi,Urban,Male,OBC,6,Medium,48.6,16.8,High,Low,No,Illiterate,Yes,No,No,No,4,Primary,No,0,0,1,1,40,Low,NO,Academic Disengagement,Counselling Support,Low Priority
STU_GUJ_003692,2020,SCH_023,Surat,Rural,Male,General,12,Low,91.5,19.89,Medium,Low,No,Illiterate,Yes,Yes,No,No,7,Illiterate,Yes,0,1,1,0,32,Low,NO,Travel Constraint,Provide Transport,Low Priority
STU_GUJ_005426,2024,SCH_002,Sabarkantha,Rural,Female,OBC,12,Low,58.5,3.85,Medium,Low,No,Graduate,No,No,No,No,6,Illiterate,No,0,1,0,1,52,Medium,NO,Academic Disengagement,Counselling Support,Monitor
STU_GUJ_000380,2021,SCH_038,Kutch,Tribal,Female,General,8,Very Low,78.8,26.17,Low,Low,No,Graduate,Yes,No,No,No,5,Illiterate,No,1,0,1,0,48,Medium,NO,Travel Constraint,Provide Transport,Monitor
STU_GUJ_007803,2025,SCH_121,Kutch,Urban,Female,General,2,Very Low,41.2,2.62,Medium,Medium,Yes,Illiterate,Yes,No,No,No,5,Illiterate,No,1,0,0,1,34,Low,NO,Academic Disengagement,Counselling Support,Low Priority
STU_GUJ_002143,2021,SCH_147,Valsad,Urban,Female,General,9,Medium,71.7,5.61,High,Medium,No,Primary,No,Yes,No,No,6,Illiterate,Yes,0,1,1,0,30,Low,NO,Travel Constraint,Provide Transport,Low Priority
STU_GUJ_004129,2023,SCH_127,Vadodara,Rural,Female,OBC,1,Low,68.9,25.62,Low,Medium,Yes,Illiterate,Yes,Yes,No,No,5,Primary,No,0,0,1,1,44,Medium,NO,Academic Disengagement,Counselling Support,Monitor
STU_GUJ_002460,2019,SCH_045,Patan,Tribal,Male,General,3,Medium,85.2,27.91,High,Medium,No,Illiterate,No,No,No,No,7,Secondary,Yes,0,0,1,0,26,Low,NO,Travel Constraint,Provide Transport,Low Priority
STU_GUJ_011279,2021,SCH_049,Anand,Urban,Female,SC,6,Medium,83.3,2.68,Medium,Low,Yes,Illiterate,No,Yes,Yes,No,7,Secondary,No,0,0,0,0,28,Low,NO,Social Factor,Community Engagement,Low Priority
STU_GUJ_001054,2023,SCH_022,Patan,Rural,Female,OBC,11,Very Low,65.9,4.33,Low,High,Yes,Primary,Yes,No,No,No,4,Secondary,No,1,1,0,1,49,Medium,NO,Academic Disengagement,Counselling Support,Monitor
STU_GUJ_001787,2023,SCH_110,Valsad,Urban,Male,SC,11,Very Low,62.6,16.94,Medium,Low,Yes,Primary,Yes,Yes,No,No,4,Primary,Yes,1,1,1,1,52,Medium,NO,Academic Disengagement,Counselling Support,Monitor
STU_GUJ_008205,2022,SCH_042,Valsad,Tribal,Male,ST,3,Very Low,72.7,15.66,Medium,Medium,Yes,Graduate,Yes,No,Yes,No,6,Secondary,No,1,0,1,0,49,Medium,NO,Travel Constraint,Provide Transport,Monitor
STU_GUJ_004843,2022,SCH_044,Anand,Rural,Male,OBC,11,High,98.3,0.25,Low,High,Yes,Primary,Yes,Yes,No,No,7,Secondary,No,0,1,0,0,41,Medium,NO,Social Factor,Community Engagement,Monitor
STU_GUJ_010320,2019,SCH_089,Patan,Rural,Female,SC,8,Medium,82.1,0.23,Low,Low,Yes,Primary,No,No,No,Yes,8,Illiterate,No,0,0,0,0,30,Low,NO,Social Factor,Community Engagement,Low Priority
STU_GUJ_010288,2020,SCH_138,Sabarkantha,Urban,Female,OBC,9,High,57.1,20.49,Medium,Medium,Yes,Primary,Yes,Yes,No,No,2,Illiterate,Yes,1,1,1,1,32,Low,NO,Academic Disengagement,Counselling Support,Low Priority
STU_GUJ_002246,2022,SCH_028,Patan,Rural,Female,OBC,3,Very Low,80.3,9.85,Medium,Medium,Yes,Secondary,Yes,Yes,No,No,4,Primary,No,0,0,1,0,20,Low,NO,Travel Constraint,Provide Transport,Low Priority
STU_GUJ_008608,2023,SCH_062,Valsad,Tribal,Male,OBC,8,Very Low,49.3,8.52,Medium,Medium,No,Primary,Yes,Yes,No,No,3,Graduate,Yes,1,0,1,1,49,Medium,NO,Academic Disengagement,Counselling Support,Monitor
STU_GUJ_007283,2023,SCH_085,Morbi,Rural,Male,OBC,5,Medium,61.1,17.71,Medium,Low,Yes,Primary,Yes,No,Yes,No,3,Primary,No,1,0,1,1,51,Medium,NO,Academic Disengagement,Counselling Support,Monitor
STU_GUJ_007842,2019,SCH_163,Valsad,Rural,Male,SC,7,Low,72.2,11.05,Medium,Medium,Yes,Primary,Yes,Yes,No,Yes,4,Graduate,Yes,0,0,1,0,28,Low,NO,Travel Constraint,Provide Transport,Low Priority
STU_GUJ_003820,2019,SCH_073,Mehsana,Urban,Female,SC,11,High,76.4,23.88,Low,Medium,Yes,Primary,Yes,Yes,No,No,7,Graduate,Yes,0,1,1,0,24,Low,NO,Travel Constraint,Provide Transport,Low Priority
STU_GUJ_003379,2024,SCH_041,Surat,Tribal,Female,OBC,3,Medium,57.2,24.48,Medium,Medium,No,Primary,No,Yes,No,No,2,Primary,Yes,0,0,1,1,46,Medium,NO,Academic Disengagement,Counselling Support,Monitor
STU_GUJ_003922,2022,SCH_050,Surat,Rural,Female,ST,12,Very Low,93.6,8.07,Low,Medium,Yes,Graduate,Yes,Yes,No,Yes,7,Primary,Yes,1,1,1,0,50,Medium,NO,Travel Constraint,Provide Transport,Monitor
STU_GUJ_009605,2023,SCH_052,Mehsana,Rural,Female,OBC,2,Very Low,40.5,8.39,Low,Medium,Yes,Secondary,No,Yes,No,No,7,Illiterate,Yes,0,0,1,1,32,Low,NO,Academic Disengagement,Counselling Support,Low Priority
STU_GUJ_002964,2022,SCH_179,Anand,Tribal,Male,ST,6,Low,94.4,23.25,Low,High,Yes,Illiterate,Yes,Yes,No,Yes,6,Graduate,No,0,0,1,0,32,Low,NO,Travel Constraint,Provide Transport,Low Priority
STU_GUJ_009864,2021,SCH_031,Navsari,Rural,Male,OBC,5,High,53.5,7.92,Low,Medium,No,Primary,No,No,No,No,8,Primary,Yes,1,0,1,1,32,Low,NO,Academic Disengagement,Counselling Support,Low Priority
STU_GUJ_007621,2019,SCH_056,Bharuch,Urban,Female,ST,3,Very Low,78.8,19.78,High,Medium,No,Secondary,Yes,Yes,No,No,5,Primary,Yes,0,0,1,0,27,Low,NO,Travel Constraint,Provide Transport,Low Priority
STU_GUJ_001497,2021,SCH_125,Sabarkantha,Rural,Male,General,12,High,56.6,6.34,High,Medium,No,Primary,Yes,Yes,No,No,7,Secondary,Yes,0,1,1,1,45,Medium,NO,Academic Disengagement,Counselling Support,Monitor
STU_GUJ_007467,2024,SCH_001,Rajkot,Tribal,Male,OBC,8,Medium,80.3,18.78,Medium,High,Yes,Illiterate,Yes,Yes,Yes,No,2,Primary,No,1,0,1,0,40,Low,NO,Travel Constraint,Provide Transport,Low Priority
STU_GUJ_005764,2023,SCH_108,Amreli,Rural,Male,General,3,Very Low,72.0,8.91,Medium,Medium,No,Illiterate,Yes,Yes,No,No,3,Primary,No,0,0,1,0,19,Low,NO,Travel Constraint,Provide Transport,Low Priority
STU_GUJ_003703,2020,SCH_121,Jamnagar,Rural,Male,SC,6,Low,76.2,14.09,Low,Medium,Yes,Illiterate,No,Yes,No,No,7,Secondary,No,0,0,1,0,20,Low,NO,Travel Constraint,Provide Transport,Low Priority
STU_GUJ_003895,2022,SCH_066,Ahmedabad,Urban,Female,OBC,4,Very Low,64.8,11.71,High,Medium,Yes,Primary,Yes,Yes,No,No,7,Primary,No,0,0,1,1,35,Low,NO,Academic Disengagement,Counselling Support,Low Priority
STU_GUJ_009319,2024,SCH_169,Anand,Tribal,Female,OBC,12,High,64.4,9.03,Low,Medium,No,Secondary,Yes,Yes,No,No,4,Illiterate,No,1,1,1,1,52,Medium,NO,Academic Disengagement,Counselling Support,Monitor
STU_GUJ_006467,2023,SCH_143,Bharuch,Rural,Female,SC,7,Very Low,87.0,20.87,Medium,Low,No,Secondary,Yes,Yes,No,No,2,Graduate,No,0,0,1,0,34,Low,NO,Travel Constraint,Provide Transport,Low Priority
STU_GUJ_003661,2022,SCH_056,Mehsana,Rural,Male,General,2,High,59.4,1.31,Medium,High,No,Graduate,No,No,No,Yes,3,Secondary,No,0,0,0,1,33,Low,NO,Academic Disengagement,Counselling Support,Low Priority
STU_GUJ_002086,2021,SCH_058,Amreli,Rural,Male,ST,4,Low,80.4,1.42,High,Low,Yes,Secondary,Yes,Yes,No,No,3,Secondary,Yes,0,0,0,0,28,Low,NO,Social Factor,Community Engagement,Low Priority
STU_GUJ_009819,2019,SCH_003,Anand,Urban,Male,ST,8,Very Low,69.5,5.15,Medium,Low,Yes,Primary,No,Yes,No,Yes,6,Primary,No,1,0,1,1,37,Low,NO,Academic Disengagement,Counselling Support,Low Priority
STU_GUJ_004254,2021,SCH_144,Dahod,Rural,Male,General,11,Very Low,80.8,9.74,Low,Low,Yes,Secondary,Yes,No,No,No,6,Illiterate,Yes,1,1,1,0,35,Low,NO,Travel Constraint,Provide Transport,Low Priority
STU_GUJ_002352,2025,SCH_099,Anand,Urban,Female,OBC,7,Very Low,62.9,4.86,Low,High,No,Primary,Yes,Yes,No,No,2,Secondary,Yes,0,0,0,1,30,Low,NO,Academic Disengagement,Counselling Support,Low Priority
STU_GUJ_004376,2022,SCH_001,Surat,Urban,Female,SC,2,Low,71.0,9.65,Medium,Medium,No,Illiterate,No,Yes,No,No,4,Primary,No,0,0,1,0,18,Low,NO,Travel Constraint,Provide Transport,Low Priority
STU_GUJ_000555,2019,SCH_110,Jamnagar,Urban,Male,ST,9,High,81.3,22.79,High,Medium,Yes,Graduate,Yes,Yes,No,No,5,Primary,Yes,1,1,1,0,35,Low,NO,Travel Constraint,Provide Transport,Low Priority
STU_GUJ_007086,2020,SCH_079,Bharuch,Urban,Male,OBC,12,Very Low,44.9,4.56,Medium,Medium,Yes,Primary,No,No,No,Yes,3,Graduate,No,1,1,0,1,39,Low,NO,Academic Disengagement,Counselling Support,Low Priority
STU_GUJ_007458,2024,SCH_136,Dahod,Urban,Female,General,11,Medium,43.0,21.15,Low,Medium,Yes,Primary,No,No,No,Yes,3,Primary,No,1,1,1,1,43,Medium,NO,Academic Disengagement,Counselling Support,Monitor
STU_GUJ_009573,2021,SCH_118,Dahod,Rural,Male,OBC,12,Low,85.0,13.46,Low,Low,Yes,Primary,No,Yes,No,No,6,Graduate,No,1,1,1,0,32,Low,NO,Travel Constraint,Provide Transport,Low Priority
STU_GUJ_005021,2022,SCH_015,Valsad,Rural,Female,SC,10,Very Low,96.1,25.04,Low,High,No,Illiterate,Yes,Yes,No,No,8,Illiterate,Yes,1,1,1,0,44,Medium,NO,Travel Constraint,Provide Transport,Monitor
STU_GUJ_000669,2021,SCH_073,Morbi,Rural,Male,SC,4,Low,74.5,10.41,Low,Medium,Yes,Secondary,Yes,Yes,No,No,8,Primary,No,0,0,1,0,31,Low,NO,Travel Constraint,Provide Transport,Low Priority
STU_GUJ_003743,2019,SCH_045,Amreli,Tribal,Male,OBC,1,Medium,69.5,5.67,High,High,No,Primary,Yes,Yes,No,No,8,Secondary,Yes,1,0,1,1,31,Low,NO,Academic Disengagement,Counselling Support,Low Priority
STU_GUJ_000048,2022,SCH_066,Vadodara,Tribal,Male,SC,6,Low,86.7,8.74,Medium,Medium,Yes,Primary,Yes,Yes,No,No,3,Illiterate,No,1,0,1,0,8,Low,NO,Travel Constraint,Provide Transport,Low Priority
STU_GUJ_010061,2023,SCH_071,Banaskantha,Urban,Female,ST,9,Medium,71.6,25.57,Medium,Medium,No,Illiterate,Yes,Yes,No,No,2,Illiterate,No,0,1,1,0,43,Medium,NO,Travel Constraint,Provide Transport,Monitor
STU_GUJ_010040,2019,SCH_103,Jamnagar,Urban,Female,General,7,Very Low,79.5,15.67,Medium,Low,No,Secondary,No,No,No,Yes,7,Primary,No,0,0,1,0,37,Low,NO,Travel Constraint,Provide Transport,Low Priority
STU_GUJ_006840,2022,SCH_131,Patan,Rural,Female,OBC,9,Low,69.4,18.33,Low,Low,No,Graduate,Yes,Yes,Yes,No,5,Illiterate,Yes,0,1,1,1,52,Medium,NO,Academic Disengagement,Counselling Support,Monitor
STU_GUJ_011951,2020,SCH_148,Patan,Urban,Female,OBC,5,Low,94.3,21.62,Medium,Low,No,Secondary,No,Yes,No,No,3,Primary,Yes,0,0,1,0,11,Low,NO,Travel Constraint,Provide Transport,Low Priority
STU_GUJ_001179,2025,SCH_077,Mehsana,Rural,Male,OBC,3,Very Low,57.5,27.17,Medium,Low,Yes,Illiterate,Yes,No,No,No,4,Graduate,No,1,0,1,1,39,Low,NO,Academic Disengagement,Counselling Support,Low Priority
STU_GUJ_007602,2020,SCH_136,Vadodara,Urban,Female,OBC,4,Low,69.0,21.62,High,Low,No,Secondary,No,Yes,No,No,4,Primary,Yes,1,0,1,1,27,Low,NO,Academic Disengagement,Counselling Support,Low Priority
STU_GUJ_010962,2021,SCH_093,Dahod,Rural,Female,OBC,5,High,67.3,5.65,High,High,Yes,Graduate,No,Yes,No,No,7,Illiterate,No,0,0,1,1,27,Low,NO,Academic Disengagement,Counselling Support,Low Priority
STU_GUJ_002992,2022,SCH_137,Gandhinagar,Tribal,Male,General,9,Low,97.4,2.53,Medium,Medium,No,Graduate,Yes,Yes,No,No,8,Primary,Yes,0,1,0,0,25,Low,NO,Social Factor,Community Engagement,Low Priority
STU_GUJ_001784,2019,SCH_016,Bharuch,Rural,Female,SC,6,Low,80.7,12.57,High,High,No,Secondary,Yes,No,Yes,No,2,Primary,No,0,0,1,0,27,Low,NO,Travel Constraint,Provide Transport,Low Priority
STU_GUJ_004873,2024,SCH_026,Patan,Urban,Male,SC,7,Medium,93.8,23.1,High,Medium,Yes,Secondary,Yes,No,No,No,2,Illiterate,No,0,0,1,0,14,Low,NO,Travel Constraint,Provide Transport,Low Priority
STU_GUJ_005848,2023,SCH_178,Dahod,Rural,Female,SC,11,Low,61.4,2.43,High,Medium,No,Primary,Yes,Yes,No,No,2,Illiterate,Yes,1,1,0,1,39,Low,NO,Academic Disengagement,Counselling Support,Low Priority
STU_GUJ_002219,2019,SCH_044,Anand,Urban,Female,SC,3,Low,49.8,4.11,Low,Medium,No,Secondary,No,Yes,No,No,3,Secondary,Yes,0,0,0,1,33,Low,NO,Academic Disengagement,Counselling Support,Low Priority
STU_GUJ_010448,2023,SCH_111,Morbi,Rural,Female,SC,2,High,89.8,6.94,Low,Low,No,Primary,Yes,Yes,No,No,7,Illiterate,Yes,1,0,1,0,19,Low,NO,Travel Constraint,Provide Transport,Low Priority
STU_GUJ_003915,2023,SCH_125,Navsari,Urban,Female,OBC,11,Low,58.0,1.28,High,High,No,Illiterate,Yes,Yes,No,No,3,Illiterate,No,0,1,0,1,32,Low,NO,Academic Disengagement,Counselling Support,Low Priority
STU_GUJ_003223,2020,SCH_173,Vadodara,Urban,Female,OBC,12,Very Low,46.3,20.25,Low,Medium,Yes,Primary,Yes,No,No,No,2,Illiterate,Yes,0,1,1,1,46,Medium,NO,Academic Disengagement,Counselling Support,Monitor
STU_GUJ_005139,2024,SCH_102,Amreli,Tribal,Male,General,3,Low,61.7,24.83,Low,Medium,Yes,Secondary,Yes,Yes,No,No,2,Illiterate,Yes,1,0,1,1,43,Medium,NO,Academic Disengagement,Counselling Support,Monitor
STU_GUJ_005101,2025,SCH_157,Navsari,Rural,Male,SC,9,Low,97.2,18.01,High,Medium,Yes,Illiterate,Yes,No,No,No,4,Secondary,No,1,1,1,0,19,Low,NO,Travel Constraint,Provide Transport,Low Priority
STU_GUJ_004421,2021,SCH_151,Ahmedabad,Urban,Female,ST,11,High,66.0,14.06,Low,Medium,Yes,Illiterate,Yes,Yes,No,No,6,Illiterate,No,1,1,1,1,38,Low,NO,Academic Disengagement,Counselling Support,Low Priority
STU_GUJ_004314,2022,SCH_069,Bhavnagar,Urban,Female,General,7,Very Low,49.6,27.72,High,High,No,Graduate,Yes,Yes,No,No,5,Primary,No,0,0,1,1,34,Low,NO,Academic Disengagement,Counselling Support,Low Priority
STU_GUJ_003004,2020,SCH_020,Banaskantha,Urban,Male,SC,7,Medium,64.4,10.04,Medium,Medium,Yes,Primary,Yes,No,No,No,8,Graduate,No,1,0,1,1,19,Low,NO,Academic Disengagement,Counselling Support,Low Priority
STU_GUJ_006683,2024,SCH_072,Jamnagar,Tribal,Female,General,2,Low,56.0,5.17,Medium,Medium,Yes,Illiterate,Yes,No,No,No,8,Primary,Yes,0,0,1,1,35,Low,NO,Academic Disengagement,Counselling Support,Low Priority
STU_GUJ_000246,2019,SCH_076,Bhavnagar,Urban,Male,OBC,8,Medium,45.6,9.85,High,Low,Yes,Illiterate,Yes,No,No,No,7,Primary,No,0,0,1,1,34,Low,NO,Academic Disengagement,Counselling Support,Low Priority
STU_GUJ_009363,2020,SCH_044,Mehsana,Rural,Female,General,10,Very Low,89.6,5.19,Medium,Medium,Yes,Secondary,Yes,Yes,No,No,4,Illiterate,No,1,1,1,0,39,Low,NO,Travel Constraint,Provide Transport,Low Priority
STU_GUJ_003530,2019,SCH_166,Banaskantha,Tribal,Female,OBC,8,High,57.9,9.8,Low,Low,No,Secondary,No,No,Yes,No,4,Illiterate,No,0,0,1,1,55,Medium,NO,Academic Disengagement,Counselling Support,Monitor
STU_GUJ_009534,2024,SCH_166,Valsad,Urban,Male,OBC,10,Low,98.7,24.89,Medium,Medium,Yes,Secondary,Yes,Yes,No,No,8,Secondary,No,1,1,1,0,20,Low,NO,Travel Constraint,Provide Transport,Low Priority
STU_GUJ_008142,2019,SCH_154,Kutch,Urban,Male,SC,12,Very Low,71.0,9.69,Low,High,Yes,Graduate,Yes,No,Yes,No,8,Primary,No,0,1,1,0,56,Medium,NO,Travel Constraint,Provide Transport,Monitor
STU_GUJ_009859,2019,SCH_112,Vadodara,Urban,Male,ST,7,Very Low,50.9,1.76,Low,Medium,Yes,Illiterate,Yes,No,Yes,No,8,Illiterate,No,1,0,0,1,53,Medium,NO,Academic Disengagement,Counselling Support,Monitor
STU_GUJ_007690,2019,SCH_065,Rajkot,Rural,Male,OBC,9,Very Low,58.3,13.3,Medium,Low,No,Secondary,Yes,No,No,No,6,Graduate,Yes,0,1,1,1,42,Medium,NO,Academic Disengagement,Counselling Support,Monitor
STU_GUJ_010865,2021,SCH_044,Ahmedabad,Urban,Male,OBC,4,Medium,41.1,3.19,Low,Medium,Yes,Illiterate,Yes,Yes,No,No,2,Primary,No,0,0,0,1,26,Low,NO,Academic Disengagement,Counselling Support,Low Priority
STU_GUJ_002040,2020,SCH_140,Valsad,Rural,Female,ST,5,High,93.7,4.54,Medium,Medium,Yes,Illiterate,Yes,Yes,No,No,3,Illiterate,Yes,1,0,0,0,18,Low,NO,Social Factor,Community Engagement,Low Priority
STU_GUJ_001023,2021,SCH_099,Patan,Tribal,Male,SC,12,High,74.6,22.88,Medium,Medium,No,Illiterate,Yes,Yes,No,No,2,Illiterate,No,0,1,1,0,31,Low,NO,Travel Constraint,Provide Transport,Low Priority
STU_GUJ_002689,2024,SCH_048,Patan,Rural,Female,OBC,3,Medium,46.5,15.04,Low,Medium,Yes,Secondary,Yes,Yes,No,No,5,Secondary,Yes,1,0,1,1,37,Low,NO,Academic Disengagement,Counselling Support,Low Priority
STU_GUJ_008135,2024,SCH_013,Morbi,Urban,Male,SC,6,High,41.8,16.95,Low,Low,Yes,Graduate,No,No,No,No,4,Illiterate,Yes,0,0,1,1,47,Medium,NO,Academic Disengagement,Counselling Support,Monitor
STU_GUJ_011627,2022,SCH_016,Junagadh,Rural,Female,ST,10,High,46.9,17.45,High,Medium,Yes,Primary,Yes,No,No,No,7,Secondary,No,1,1,1,1,30,Low,NO,Academic Disengagement,Counselling Support,Low Priority
STU_GUJ_008117,2024,SCH_075,Banaskantha,Rural,Female,General,2,Very Low,45.0,27.1,Low,Medium,No,Primary,Yes,No,No,No,5,Primary,No,1,0,1,1,43,Medium,NO,Academic Disengagement,Counselling Support,Monitor
STU_GUJ_010260,2022,SCH_145,Navsari,Tribal,Female,SC,10,Medium,56.2,22.02,Medium,Medium,Yes,Primary,Yes,No,Yes,No,6,Illiterate,No,1,1,1,1,62,Medium,NO,Academic Disengagement,Counselling Support,Monitor
STU_GUJ_004694,2024,SCH_021,Bharuch,Urban,Male,General,10,Medium,67.5,27.2,Medium,Low,Yes,Illiterate,Yes,No,Yes,No,2,Secondary,No,1,1,1,1,48,Medium,NO,Academic Disengagement,Counselling Support,Monitor
STU_GUJ_002373,2021,SCH_169,Anand,Rural,Male,OBC,3,Low,58.9,22.53,High,Medium,Yes,Illiterate,No,Yes,No,No,8,Primary,Yes,0,0,1,1,21,Low,NO,Academic Disengagement,Counselling Support,Low Priority
STU_GUJ_005839,2022,SCH_162,Rajkot,Rural,Male,OBC,2,Very Low,83.7,7.41,Low,High,Yes,Primary,No,Yes,No,No,5,Illiterate,No,0,0,1,0,28,Low,NO,Travel Constraint,Provide Transport,Low Priority
STU_GUJ_010697,2024,SCH_112,Morbi,Rural,Male,ST,6,Low,75.8,17.61,Low,Medium,Yes,Illiterate,Yes,No,No,No,2,Primary,Yes,0,0,1,0,28,Low,NO,Travel Constraint,Provide Transport,Low Priority
STU_GUJ_004868,2023,SCH_083,Valsad,Rural,Male,SC,5,High,57.2,20.03,Medium,Medium,Yes,Illiterate,Yes,No,Yes,No,2,Secondary,Yes,0,0,1,1,41,Medium,NO,Academic Disengagement,Counselling Support,Monitor
STU_GUJ_011702,2022,SCH_174,Sabarkantha,Rural,Female,OBC,7,Low,84.1,25.33,Medium,Medium,Yes,Graduate,Yes,No,No,No,2,Primary,No,1,0,1,0,23,Low,NO,Travel Constraint,Provide Transport,Low Priority
STU_GUJ_001693,2023,SCH_035,Rajkot,Urban,Male,SC,2,Medium,43.0,10.45,High,High,Yes,Secondary,No,Yes,No,No,4,Illiterate,Yes,0,0,1,1,25,Low,NO,Academic Disengagement,Counselling Support,Low Priority
STU_GUJ_011595,2022,SCH_068,Kutch,Urban,Female,General,4,Medium,75.1,11.38,Low,Medium,No,Primary,No,Yes,No,No,3,Secondary,No,0,0,1,0,22,Low,NO,Travel Constraint,Provide Transport,Low Priority
STU_GUJ_010308,2023,SCH_066,Patan,Rural,Female,OBC,11,Low,55.0,0.27,High,High,Yes,Secondary,Yes,No,Yes,No,8,Illiterate,No,1,1,0,1,56,Medium,NO,Academic Disengagement,Counselling Support,Monitor
STU_GUJ_001492,2025,SCH_116,Rajkot,Rural,Female,SC,6,High,73.6,3.37,Medium,Medium,Yes,Graduate,Yes,No,No,Yes,4,Secondary,No,0,0,0,0,20,Low,NO,Social Factor,Community Engagement,Low Priority
STU_GUJ_003786,2023,SCH_171,Rajkot,Urban,Male,ST,8,Medium,47.6,7.43,Low,High,No,Primary,No,Yes,No,No,4,Graduate,Yes,0,0,1,1,37,Low,NO,Academic Disengagement,Counselling Support,Low Priority
STU_GUJ_003653,2022,SCH_002,Mehsana,Tribal,Male,OBC,5,Medium,88.8,1.89,Low,High,No,Secondary,Yes,No,Yes,No,4,Primary,Yes,0,0,0,0,24,Low,NO,Social Factor,Community Engagement,Low Priority
STU_GUJ_003672,2020,SCH_020,Bhavnagar,Urban,Female,OBC,1,High,56.6,20.31,Medium,Medium,Yes,Illiterate,Yes,No,No,No,2,Secondary,Yes,0,0,1,1,22,Low,NO,Academic Disengagement,Counselling Support,Low Priority
STU_GUJ_010935,2019,SCH_141,Anand,Rural,Male,SC,3,High,82.9,27.05,Medium,Medium,Yes,Primary,Yes,Yes,Yes,No,8,Illiterate,No,0,0,1,0,38,Low,NO,Travel Constraint,Provide Transport,Low Priority
STU_GUJ_008566,2020,SCH_112,Anand,Rural,Female,ST,1,Medium,75.2,19.3,Medium,Medium,Yes,Illiterate,Yes,No,Yes,No,4,Secondary,Yes,0,0,1,0,35,Low,NO,Travel Constraint,Provide Transport,Low Priority
STU_GUJ_008573,2024,SCH_138,Vadodara,Tribal,Female,SC,4,Very Low,90.6,3.39,Medium,Medium,Yes,Secondary,Yes,Yes,Yes,No,5,Illiterate,No,1,0,0,0,41,Medium,NO,Economic Pressure,Provide Scholarship,Monitor
STU_GUJ_010615,2025,SCH_078,Navsari,Urban,Male,SC,12,Very Low,94.8,2.14,Medium,Low,No,Primary,No,Yes,No,No,6,Illiterate,No,1,1,0,0,42,Medium,NO,Economic Pressure,Provide Scholarship,Monitor
STU_GUJ_005266,2019,SCH_116,Amreli,Urban,Male,ST,5,Medium,59.0,4.7,Medium,Low,Yes,Illiterate,Yes,No,No,No,7,Primary,Yes,1,0,0,1,33,Low,NO,Academic Disengagement,Counselling Support,Low Priority
STU_GUJ_003449,2025,SCH_056,Rajkot,Urban,Female,General,11,Low,92.8,3.77,Low,Low,Yes,Graduate,Yes,Yes,No,No,5,Primary,Yes,0,1,0,0,30,Low,NO,Social Factor,Community Engagement,Low Priority
STU_GUJ_003680,2022,SCH_086,Anand,Urban,Female,OBC,5,Low,96.1,14.09,High,Low,No,Primary,Yes,Yes,No,Yes,4,Secondary,Yes,0,0,1,0,12,Low,NO,Travel Constraint,Provide Transport,Low Priority
STU_GUJ_006190,2022,SCH_140,Amreli,Tribal,Female,OBC,8,Low,88.9,1.86,High,Medium,Yes,Secondary,Yes,No,No,Yes,2,Secondary,No,0,0,0,0,27,Low,NO,Social Factor,Community Engagement,Low Priority
STU_GUJ_007445,2019,SCH_035,Anand,Urban,Female,OBC,9,Very Low,81.1,10.22,Low,Medium,Yes,Secondary,Yes,No,Yes,Yes,4,Secondary,Yes,1,1,1,0,43,Medium,NO,Travel Constraint,Provide Transport,Monitor
STU_GUJ_006878,2019,SCH_031,Dahod,Rural,Female,OBC,5,Medium,88.8,25.68,Low,Medium,Yes,Illiterate,No,Yes,No,No,5,Secondary,No,0,0,1,0,18,Low,NO,Travel Constraint,Provide Transport,Low Priority
STU_GUJ_004468,2019,SCH_174,Valsad,Urban,Female,SC,6,Medium,60.0,6.4,High,High,Yes,Illiterate,No,Yes,No,No,8,Graduate,Yes,0,0,1,1,34,Low,NO,Academic Disengagement,Counselling Support,Low Priority
STU_GUJ_004098,2022,SCH_050,Vadodara,Rural,Female,SC,3,Low,63.0,13.45,High,Low,Yes,Illiterate,Yes,No,No,No,6,Primary,Yes,0,0,1,1,36,Low,NO,Academic Disengagement,Counselling Support,Low Priority
STU_GUJ_007338,2022,SCH_040,Dahod,Urban,Female,General,2,Very Low,49.0,7.82,Medium,Medium,Yes,Secondary,Yes,Yes,No,Yes,7,Primary,No,1,0,1,1,34,Low,NO,Academic Disengagement,Counselling Support,Low Priority
STU_GUJ_004157,2025,SCH_099,Sabarkantha,Tribal,Female,ST,9,Low,42.9,27.1,Medium,High,Yes,Primary,Yes,Yes,No,No,4,Primary,Yes,1,1,1,1,46,Medium,NO,Academic Disengagement,Counselling Support,Monitor
STU_GUJ_007135,2020,SCH_101,Bharuch,Tribal,Female,ST,6,Low,82.7,18.12,Medium,High,No,Illiterate,Yes,Yes,No,No,4,Illiterate,No,0,0,1,0,28,Low,NO,Travel Constraint,Provide Transport,Low Priority
STU_GUJ_005212,2024,SCH_177,Navsari,Rural,Male,General,9,Very Low,65.2,21.69,High,Medium,No,Graduate,Yes,No,Yes,No,5,Illiterate,Yes,0,1,1,1,48,Medium,NO,Academic Disengagement,Counselling Support,Monitor
STU_GUJ_004681,2019,SCH_077,Gandhinagar,Rural,Female,OBC,12,High,65.9,7.49,Low,Low,No,Primary,No,Yes,Yes,No,4,Secondary,Yes,0,1,1,1,68,Medium,NO,Academic Disengagement,Counselling Support,Monitor
STU_GUJ_002630,2021,SCH_044,Jamnagar,Rural,Male,OBC,2,Low,49.0,24.17,High,High,Yes,Graduate,Yes,No,No,No,5,Illiterate,No,0,0,1,1,37,Low,NO,Academic Disengagement,Counselling Support,Low Priority
STU_GUJ_006364,2022,SCH_157,Gandhinagar,Tribal,Female,OBC,8,High,62.1,20.28,Medium,High,No,Illiterate,Yes,No,Yes,No,6,Illiterate,Yes,0,0,1,1,55,Medium,NO,Academic Disengagement,Counselling Support,Monitor
STU_GUJ_002532,2022,SCH_120,Bhavnagar,Urban,Female,OBC,5,Low,96.4,24.64,High,Medium,Yes,Illiterate,No,No,No,No,2,Secondary,No,0,0,1,0,13,Low,NO,Travel Constraint,Provide Transport,Low Priority
STU_GUJ_001513,2020,SCH_080,Morbi,Rural,Female,ST,12,Low,46.8,8.8,Low,Low,Yes,Illiterate,Yes,No,No,No,8,Secondary,Yes,1,1,1,1,50,Medium,NO,Academic Disengagement,Counselling Support,Monitor
STU_GUJ_004005,2024,SCH_066,Amreli,Urban,Male,SC,3,Low,46.1,3.79,Low,Medium,Yes,Secondary,No,Yes,No,No,2,Illiterate,Yes,0,0,0,1,35,Low,NO,Academic Disengagement,Counselling Support,Low Priority
STU_GUJ_004465,2023,SCH_160,Rajkot,Tribal,Female,ST,4,Low,90.7,26.73,High,Medium,Yes,Primary,No,No,No,Yes,5,Illiterate,No,0,0,1,0,39,Low,NO,Travel Constraint,Provide Transport,Low Priority
STU_GUJ_001011,2019,SCH_051,Junagadh,Urban,Male,SC,7,Very Low,55.5,10.75,Medium,Medium,Yes,Primary,No,Yes,No,No,5,Graduate,Yes,0,0,1,1,32,Low,NO,Academic Disengagement,Counselling Support,Low Priority
STU_GUJ_006508,2025,SCH_084,Bhavnagar,Rural,Male,ST,12,High,74.4,9.23,Medium,Medium,Yes,Illiterate,No,Yes,Yes,No,5,Illiterate,Yes,0,1,1,0,37,Low,NO,Travel Constraint,Provide Transport,Low Priority
STU_GUJ_011106,2021,SCH_062,Sabarkantha,Rural,Male,OBC,9,Medium,56.5,15.85,High,Low,Yes,Secondary,Yes,Yes,No,No,5,Primary,No,0,1,1,1,44,Medium,NO,Academic Disengagement,Counselling Support,Monitor
STU_GUJ_002423,2022,SCH_170,Surat,Tribal,Female,SC,3,Very Low,82.9,7.75,Medium,Medium,No,Primary,Yes,No,No,No,6,Graduate,Yes,1,0,1,0,26,Low,NO,Travel Constraint,Provide Transport,Low Priority
STU_GUJ_002055,2023,SCH_178,Vadodara,Rural,Male,OBC,2,Low,41.4,18.99,Medium,Medium,No,Primary,No,Yes,No,No,6,Secondary,Yes,1,0,1,1,31,Low,NO,Academic Disengagement,Counselling Support,Low Priority
STU_GUJ_010307,2022,SCH_038,Gandhinagar,Rural,Female,ST,11,Very Low,74.8,24.08,Medium,Medium,No,Secondary,No,Yes,No,No,4,Illiterate,No,0,1,1,0,51,Medium,NO,Travel Constraint,Provide Transport,Monitor
STU_GUJ_007638,2025,SCH_060,Mehsana,Tribal,Female,OBC,10,Low,61.1,15.19,Low,Medium,No,Primary,Yes,Yes,Yes,No,5,Illiterate,No,1,1,1,1,56,Medium,NO,Academic Disengagement,Counselling Support,Monitor
STU_GUJ_006128,2021,SCH_172,Navsari,Urban,Male,ST,6,Very Low,73.5,5.79,Low,Medium,Yes,Primary,Yes,No,No,No,5,Primary,Yes,0,0,1,0,40,Low,NO,Travel Constraint,Provide Transport,Low Priority
STU_GUJ_005573,2019,SCH_037,Dahod,Rural,Female,SC,8,Very Low,87.7,16.26,Medium,Medium,Yes,Illiterate,Yes,Yes,No,Yes,3,Primary,No,0,0,1,0,37,Low,NO,Travel Constraint,Provide Transport,Low Priority
STU_GUJ_000909,2019,SCH_159,Banaskantha,Rural,Female,General,12,Low,50.3,2.14,Medium,Low,Yes,Illiterate,Yes,Yes,No,No,6,Primary,Yes,1,1,0,1,46,Medium,NO,Academic Disengagement,Counselling Support,Monitor
STU_GUJ_011098,2019,SCH_076,Gandhinagar,Urban,Male,OBC,5,Very Low,91.4,0.7,High,High,Yes,Primary,Yes,No,No,No,5,Secondary,No,0,0,0,0,19,Low,NO,Economic Pressure,Provide Scholarship,Low Priority
STU_GUJ_007699,2024,SCH_026,Rajkot,Tribal,Male,ST,8,Very Low,72.1,6.99,Low,High,No,Illiterate,Yes,No,No,No,4,Illiterate,Yes,0,0,1,0,35,Low,NO,Travel Constraint,Provide Transport,Low Priority
STU_GUJ_008080,2024,SCH_025,Amreli,Tribal,Female,SC,12,Low,85.1,10.58,High,Low,No,Illiterate,No,Yes,No,No,8,Secondary,No,0,1,1,0,48,Medium,NO,Travel Constraint,Provide Transport,Monitor
STU_GUJ_008983,2020,SCH_168,Gandhinagar,Tribal,Male,OBC,6,Very Low,60.0,10.76,High,Low,No,Primary,No,No,No,No,2,Primary,No,0,0,1,1,47,Medium,NO,Academic Disengagement,Counselling Support,Monitor
STU_GUJ_006312,2024,SCH_054,Patan,Tribal,Female,OBC,12,Very Low,92.3,10.42,Medium,Low,Yes,Secondary,No,No,No,No,6,Secondary,Yes,1,1,1,0,40,Low,NO,Travel Constraint,Provide Transport,Low Priority
STU_GUJ_000215,2022,SCH_016,Bhavnagar,Rural,Male,ST,12,High,62.4,8.81,Medium,Low,Yes,Secondary,Yes,Yes,No,No,3,Secondary,No,1,1,1,1,59,Medium,NO,Academic Disengagement,Counselling Support,Monitor
STU_GUJ_002987,2023,SCH_107,Anand,Urban,Male,ST,11,Very Low,61.0,15.11,Low,Medium,Yes,Illiterate,Yes,Yes,No,Yes,2,Primary,No,0,1,1,1,52,Medium,NO,Academic Disengagement,Counselling Support,Monitor
STU_GUJ_009100,2021,SCH_099,Vadodara,Tribal,Male,SC,6,Very Low,63.7,8.3,High,Medium,Yes,Graduate,No,Yes,No,No,6,Illiterate,No,0,0,1,1,37,Low,NO,Academic Disengagement,Counselling Support,Low Priority
STU_GUJ_003116,2020,SCH_054,Jamnagar,Rural,Female,OBC,6,Low,74.5,22.47,Medium,Medium,No,Illiterate,Yes,No,No,No,5,Primary,No,0,0,1,0,19,Low,NO,Travel Constraint,Provide Transport,Low Priority
STU_GUJ_007262,2021,SCH_068,Dahod,Rural,Male,SC,3,Very Low,41.6,8.85,Medium,Medium,Yes,Illiterate,Yes,Yes,No,No,6,Graduate,Yes,1,0,1,1,27,Low,NO,Academic Disengagement,Counselling Support,Low Priority
STU_GUJ_011102,2019,SCH_102,Bhavnagar,Rural,Female,ST,8,Medium,49.5,19.67,High,Medium,Yes,Primary,No,Yes,No,No,6,Secondary,No,1,0,1,1,36,Low,NO,Academic Disengagement,Counselling Support,Low Priority
STU_GUJ_006189,2020,SCH_054,Bhavnagar,Urban,Male,OBC,2,High,54.4,17.58,Medium,High,No,Secondary,Yes,Yes,Yes,No,8,Primary,Yes,0,0,1,1,22,Low,NO,Academic Disengagement,Counselling Support,Low Priority
STU_GUJ_010549,2021,SCH_175,Patan,Rural,Male,General,12,Low,72.0,27.16,Medium,Medium,Yes,Secondary,Yes,Yes,No,No,7,Primary,Yes,0,1,1,0,30,Low,NO,Travel Constraint,Provide Transport,Low Priority
STU_GUJ_006456,2019,SCH_087,Jamnagar,Rural,Male,OBC,5,Medium,71.9,16.29,High,Medium,No,Graduate,Yes,Yes,No,No,6,Primary,No,0,0,1,0,17,Low,NO,Travel Constraint,Provide Transport,Low Priority
STU_GUJ_000015,2022,SCH_115,Banaskantha,Rural,Male,ST,11,Medium,72.0,20.47,Low,Low,No,Illiterate,Yes,Yes,No,No,2,Primary,Yes,1,1,1,0,43,Medium,NO,Travel Constraint,Provide Transport,Monitor
STU_GUJ_002803,2019,SCH_103,Gandhinagar,Rural,Male,OBC,10,Low,52.3,4.71,Medium,High,Yes,Illiterate,No,Yes,Yes,No,3,Illiterate,Yes,1,1,0,1,50,Medium,NO,Academic Disengagement,Counselling Support,Monitor
STU_GUJ_011515,2019,SCH_024,Vadodara,Rural,Male,General,3,Very Low,90.0,6.79,Medium,Medium,Yes,Illiterate,Yes,No,No,No,2,Graduate,Yes,1,0,1,0,15,Low,NO,Travel Constraint,Provide Transport,Low Priority
STU_GUJ_001702,2020,SCH_063,Surat,Tribal,Male,OBC,8,Medium,57.3,12.59,Medium,Low,No,Primary,Yes,Yes,No,No,3,Illiterate,Yes,0,0,1,1,37,Low,NO,Academic Disengagement,Counselling Support,Low Priority
STU_GUJ_002702,2022,SCH_165,Bharuch,Rural,Female,OBC,8,Low,44.9,1.74,Low,Low,Yes,Illiterate,Yes,No,No,No,2,Primary,No,0,0,0,1,30,Low,NO,Academic Disengagement,Counselling Support,Low Priority
STU_GUJ_001321,2025,SCH_062,Jamnagar,Urban,Female,ST,3,Low,57.5,12.76,Medium,Low,Yes,Illiterate,Yes,Yes,No,No,3,Secondary,No,0,0,1,1,45,Medium,NO,Academic Disengagement,Counselling Support,Monitor
STU_GUJ_010081,2022,SCH_023,Kutch,Rural,Male,General,2,Very Low,77.4,14.07,Low,Medium,No,Primary,Yes,No,Yes,No,5,Primary,No,0,0,1,0,38,Low,NO,Travel Constraint,Provide Transport,Low Priority
STU_GUJ_010141,2019,SCH_122,Mehsana,Rural,Male,ST,7,Medium,68.2,27.66,Medium,Medium,Yes,Illiterate,Yes,Yes,No,No,3,Illiterate,No,1,0,1,1,54,Medium,NO,Academic Disengagement,Counselling Support,Monitor
STU_GUJ_008063,2023,SCH_077,Patan,Rural,Male,OBC,7,Low,57.6,0.43,Medium,Low,Yes,Primary,Yes,Yes,Yes,No,2,Illiterate,No,0,0,0,1,44,Medium,NO,Academic Disengagement,Counselling Support,Monitor
STU_GUJ_005029,2023,SCH_132,Sabarkantha,Rural,Male,SC,7,Very Low,61.2,13.73,High,Medium,No,Illiterate,Yes,Yes,Yes,No,2,Primary,Yes,1,0,1,1,48,Medium,NO,Academic Disengagement,Counselling Support,Monitor
STU_GUJ_000519,2021,SCH_165,Surat,Rural,Male,General,12,Medium,46.1,23.79,Low,Medium,Yes,Secondary,Yes,No,Yes,No,6,Illiterate,Yes,0,1,1,1,54,Medium,NO,Academic Disengagement,Counselling Support,Monitor
STU_GUJ_010444,2024,SCH_102,Valsad,Tribal,Male,OBC,12,Very Low,92.5,13.43,Medium,High,Yes,Secondary,No,No,No,No,8,Illiterate,Yes,0,1,1,0,41,Medium,NO,Travel Constraint,Provide Transport,Monitor
STU_GUJ_003541,2021,SCH_117,Vadodara,Urban,Female,General,12,Very Low,95.4,13.9,Medium,Medium,Yes,Graduate,Yes,No,No,No,4,Illiterate,Yes,1,1,1,0,30,Low,NO,Travel Constraint,Provide Transport,Low Priority
STU_GUJ_011942,2021,SCH_174,Junagadh,Tribal,Female,SC,10,High,96.6,11.3,Medium,Low,No,Graduate,Yes,No,No,No,5,Secondary,Yes,1,1,1,0,47,Medium,NO,Travel Constraint,Provide Transport,Monitor
STU_GUJ_011836,2020,SCH_120,Rajkot,Tribal,Male,ST,4,Medium,76.8,22.99,Medium,Medium,Yes,Illiterate,Yes,Yes,No,No,5,Illiterate,Yes,0,0,1,0,24,Low,NO,Travel Constraint,Provide Transport,Low Priority
STU_GUJ_010459,2019,SCH_039,Amreli,Rural,Female,OBC,11,Medium,93.1,1.19,Low,Low,Yes,Graduate,Yes,No,Yes,No,3,Illiterate,Yes,1,1,0,0,44,Medium,NO,Social Factor,Community Engagement,Monitor
STU_GUJ_004411,2019,SCH_154,Patan,Rural,Male,OBC,2,Very Low,69.1,8.3,Low,Medium,No,Secondary,No,No,No,No,4,Secondary,No,1,0,1,1,40,Low,NO,Academic Disengagement,Counselling Support,Low Priority
STU_GUJ_005701,2022,SCH_096,Sabarkantha,Urban,Female,OBC,10,Medium,59.0,15.02,Low,Medium,Yes,Primary,Yes,Yes,No,No,3,Graduate,No,1,1,1,1,48,Medium,NO,Academic Disengagement,Counselling Support,Monitor
STU_GUJ_002381,2025,SCH_053,Surat,Urban,Female,General,3,Very Low,63.5,5.5,Medium,Medium,Yes,Secondary,No,No,No,No,7,Primary,Yes,0,0,1,1,41,Medium,NO,Academic Disengagement,Counselling Support,Monitor
STU_GUJ_002103,2022,SCH_040,Anand,Urban,Female,SC,11,High,69.3,25.71,High,Low,No,Primary,Yes,No,No,No,4,Secondary,Yes,1,1,1,1,48,Medium,NO,Academic Disengagement,Counselling Support,Monitor
STU_GUJ_006831,2025,SCH_174,Ahmedabad,Rural,Male,ST,9,High,53.6,0.49,Medium,High,Yes,Secondary,No,Yes,No,No,2,Secondary,No,0,1,0,1,56,Medium,NO,Academic Disengagement,Counselling Support,Monitor
STU_GUJ_006907,2024,SCH_097,Amreli,Urban,Male,ST,8,Low,44.1,11.63,Low,Medium,No,Illiterate,Yes,No,No,No,3,Primary,No,0,0,1,1,39,Low,NO,Academic Disengagement,Counselling Support,Low Priority
STU_GUJ_007846,2021,SCH_080,Dahod,Rural,Male,SC,4,Low,69.3,1.24,Medium,High,Yes,Primary,Yes,Yes,No,No,7,Graduate,Yes,0,0,0,1,23,Low,NO,Academic Disengagement,Counselling Support,Low Priority
STU_GUJ_010096,2021,SCH_163,Patan,Rural,Female,SC,11,High,95.9,5.48,Medium,Medium,Yes,Primary,Yes,Yes,Yes,No,4,Primary,No,1,1,1,0,37,Low,NO,Travel Constraint,Provide Transport,Low Priority
STU_GUJ_010821,2023,SCH_046,Kutch,Urban,Female,SC,7,Low,57.3,16.73,High,Medium,Yes,Secondary,Yes,Yes,No,No,3,Illiterate,Yes,1,0,1,1,20,Low,NO,Academic Disengagement,Counselling Support,Low Priority
STU_GUJ_001644,2020,SCH_002,Kutch,Tribal,Male,ST,8,Low,47.3,13.79,Low,Medium,Yes,Illiterate,No,Yes,No,No,4,Primary,No,0,0,1,1,50,Medium,NO,Academic Disengagement,Counselling Support,Monitor
STU_GUJ_000032,2019,SCH_153,Junagadh,Tribal,Female,OBC,7,Medium,55.3,23.66,Low,High,Yes,Secondary,Yes,No,No,No,6,Primary,No,1,0,1,1,39,Low,NO,Academic Disengagement,Counselling Support,Low Priority
STU_GUJ_002228,2021,SCH_131,Mehsana,Tribal,Female,OBC,7,Low,66.6,16.35,High,Medium,No,Illiterate,Yes,No,No,No,8,Illiterate,No,0,0,1,1,48,Medium,NO,Academic Disengagement,Counselling Support,Monitor
STU_GUJ_009292,2020,SCH_012,Mehsana,Urban,Male,ST,5,Low,73.2,17.57,Medium,High,No,Secondary,No,No,No,No,3,Illiterate,No,0,0,1,0,30,Low,NO,Travel Constraint,Provide Transport,Low Priority
STU_GUJ_010505,2022,SCH_153,Rajkot,Tribal,Male,OBC,12,Medium,61.0,8.14,Low,High,No,Secondary,No,No,No,No,6,Illiterate,No,0,1,1,1,52,Medium,NO,Academic Disengagement,Counselling Support,Monitor
STU_GUJ_007172,2020,SCH_010,Amreli,Tribal,Male,SC,1,Very Low,72.4,27.55,High,Low,Yes,Primary,Yes,Yes,No,No,3,Graduate,No,0,0,1,0,23,Low,NO,Travel Constraint,Provide Transport,Low Priority
STU_GUJ_001792,2025,SCH_167,Morbi,Tribal,Male,OBC,2,Very Low,59.2,9.88,Low,Medium,Yes,Primary,Yes,No,No,No,3,Illiterate,Yes,0,0,1,1,42,Medium,NO,Academic Disengagement,Counselling Support,Monitor
STU_GUJ_005399,2020,SCH_028,Junagadh,Urban,Male,General,12,Very Low,80.9,10.44,Medium,Medium,Yes,Secondary,No,Yes,No,No,3,Primary,Yes,0,1,1,0,30,Low,NO,Travel Constraint,Provide Transport,Low Priority
STU_GUJ_007173,2019,SCH_013,Mehsana,Rural,Male,General,11,High,96.0,7.69,Medium,Medium,Yes,Graduate,Yes,No,No,No,7,Illiterate,No,0,1,1,0,23,Low,NO,Travel Constraint,Provide Transport,Low Priority
STU_GUJ_000674,2019,SCH_017,Sabarkantha,Urban,Male,SC,11,Low,45.7,27.66,Low,Medium,Yes,Secondary,Yes,No,No,No,5,Primary,Yes,1,1,1,1,34,Low,NO,Academic Disengagement,Counselling Support,Low Priority
STU_GUJ_000051,2023,SCH_156,Jamnagar,Rural,Female,General,4,Low,60.9,0.22,Medium,Low,Yes,Graduate,No,Yes,Yes,No,6,Secondary,No,1,0,0,1,49,Medium,NO,Academic Disengagement,Counselling Support,Monitor
STU_GUJ_000484,2025,SCH_076,Junagadh,Tribal,Female,SC,6,Medium,60.7,15.98,Low,Low,Yes,Illiterate,Yes,No,No,No,8,Primary,Yes,1,0,1,1,53,Medium,NO,Academic Disengagement,Counselling Support,Monitor
STU_GUJ_001924,2024,SCH_063,Ahmedabad,Tribal,Male,OBC,4,Low,50.2,22.67,Medium,Low,Yes,Illiterate,No,No,Yes,No,5,Illiterate,Yes,1,0,1,1,48,Medium,NO,Academic Disengagement,Counselling Support,Monitor
STU_GUJ_011780,2022,SCH_127,Amreli,Rural,Male,OBC,5,Medium,53.4,23.76,Low,High,Yes,Illiterate,Yes,No,No,No,5,Primary,Yes,0,0,1,1,50,Medium,NO,Academic Disengagement,Counselling Support,Monitor
STU_GUJ_009222,2025,SCH_059,Morbi,Rural,Male,OBC,7,Medium,51.3,24.78,Low,High,Yes,Secondary,No,No,No,No,8,Secondary,Yes,0,0,1,1,35,Low,NO,Academic Disengagement,Counselling Support,Low Priority
STU_GUJ_010516,2025,SCH_179,Gandhinagar,Rural,Male,SC,9,Low,65.2,23.26,High,High,Yes,Illiterate,Yes,Yes,No,No,6,Illiterate,No,0,1,1,1,32,Low,NO,Academic Disengagement,Counselling Support,Low Priority
STU_GUJ_000928,2025,SCH_141,Vadodara,Tribal,Male,SC,3,High,55.1,6.18,Medium,Medium,Yes,Secondary,Yes,Yes,No,No,8,Graduate,Yes,0,0,1,1,46,Medium,NO,Academic Disengagement,Counselling Support,Monitor
STU_GUJ_005532,2022,SCH_013,Rajkot,Rural,Male,OBC,7,Medium,99.8,15.31,High,Medium,Yes,Illiterate,No,No,No,No,3,Primary,No,1,0,1,0,18,Low,NO,Travel Constraint,Provide Transport,Low Priority
STU_GUJ_004920,2024,SCH_090,Rajkot,Urban,Female,OBC,11,Low,93.3,11.04,Low,Medium,Yes,Primary,Yes,No,No,No,3,Illiterate,No,0,1,1,0,19,Low,NO,Travel Constraint,Provide Transport,Low Priority
STU_GUJ_008499,2023,SCH_018,Ahmedabad,Urban,Male,General,3,Medium,50.1,4.83,Low,Medium,Yes,Illiterate,Yes,Yes,No,No,3,Illiterate,No,0,0,0,1,22,Low,NO,Academic Disengagement,Counselling Support,Low Priority
STU_GUJ_001951,2020,SCH_059,Bhavnagar,Rural,Male,General,2,Low,96.3,7.19,Medium,High,Yes,Primary,Yes,Yes,No,No,7,Graduate,No,0,0,1,0,15,Low,NO,Travel Constraint,Provide Transport,Low Priority
STU_GUJ_008076,2022,SCH_026,Surat,Tribal,Female,OBC,6,Low,66.1,4.17,High,High,Yes,Secondary,Yes,Yes,No,No,3,Illiterate,No,0,0,0,1,32,Low,NO,Academic Disengagement,Counselling Support,Low Priority
STU_GUJ_002168,2021,SCH_098,Valsad,Urban,Male,General,3,High,82.1,2.04,Low,High,Yes,Secondary,Yes,No,No,No,7,Secondary,No,0,0,0,0,24,Low,NO,Social Factor,Community Engagement,Low Priority
STU_GUJ_007069,2025,SCH_146,Amreli,Rural,Female,OBC,4,Low,67.5,13.29,Medium,Medium,Yes,Primary,Yes,Yes,No,No,6,Secondary,Yes,0,0,1,1,22,Low,NO,Academic Disengagement,Counselling Support,Low Priority
STU_GUJ_004925,2022,SCH_049,Dahod,Urban,Female,OBC,1,Medium,48.5,13.98,Low,Medium,No,Secondary,No,Yes,No,Yes,8,Illiterate,No,0,0,1,1,44,Medium,NO,Academic Disengagement,Counselling Support,Monitor
STU_GUJ_008385,2021,SCH_171,Mehsana,Tribal,Female,OBC,2,High,56.7,17.34,High,High,Yes,Graduate,Yes,Yes,No,No,3,Primary,Yes,1,0,1,1,38,Low,NO,Academic Disengagement,Counselling Support,Low Priority
STU_GUJ_003035,2023,SCH_063,Dahod,Urban,Female,ST,4,Very Low,42.4,13.31,Medium,Medium,Yes,Graduate,Yes,Yes,No,No,2,Graduate,No,1,0,1,1,37,Low,NO,Academic Disengagement,Counselling Support,Low Priority
STU_GUJ_011914,2019,SCH_156,Patan,Rural,Female,General,9,Low,69.2,14.22,High,Low,Yes,Primary,Yes,No,No,No,6,Illiterate,Yes,1,1,1,1,47,Medium,NO,Academic Disengagement,Counselling Support,Monitor
STU_GUJ_007061,2023,SCH_047,Junagadh,Urban,Female,OBC,12,Low,89.0,13.12,Medium,Low,Yes,Graduate,Yes,Yes,No,No,4,Secondary,No,0,1,1,0,21,Low,NO,Travel Constraint,Provide Transport,Low Priority
STU_GUJ_009339,2021,SCH_149,Banaskantha,Tribal,Male,ST,11,Low,58.7,21.62,Medium,Low,Yes,Primary,Yes,Yes,No,No,2,Illiterate,Yes,0,1,1,1,49,Medium,NO,Academic Disengagement,Counselling Support,Monitor
STU_GUJ_007906,2023,SCH_034,Vadodara,Rural,Male,OBC,5,Medium,71.5,16.75,Medium,Medium,No,Secondary,No,No,Yes,No,8,Illiterate,No,1,0,1,0,33,Low,NO,Travel Constraint,Provide Transport,Low Priority
STU_GUJ_004607,2022,SCH_081,Gandhinagar,Tribal,Female,OBC,3,High,56.3,20.21,High,Low,Yes,Primary,No,Yes,No,No,2,Secondary,No,1,0,1,1,38,Low,NO,Academic Disengagement,Counselling Support,Low Priority
STU_GUJ_002349,2023,SCH_057,Gandhinagar,Urban,Female,SC,8,Low,44.3,27.4,Low,Medium,No,Primary,No,No,No,No,5,Secondary,Yes,0,0,1,1,40,Low,NO,Academic Disengagement,Counselling Support,Low Priority
STU_GUJ_001348,2024,SCH_141,Ahmedabad,Rural,Female,OBC,3,Low,79.0,17.55,Medium,Medium,Yes,Secondary,Yes,No,No,No,2,Secondary,No,0,0,1,0,4,Low,NO,Travel Constraint,Provide Transport,Low Priority
STU_GUJ_002767,2023,SCH_080,Amreli,Urban,Male,OBC,2,Low,98.0,8.31,Low,Low,Yes,Graduate,Yes,Yes,Yes,No,6,Illiterate,No,0,0,1,0,31,Low,NO,Travel Constraint,Provide Transport,Low Priority
STU_GUJ_004041,2025,SCH_013,Bharuch,Rural,Male,General,8,Medium,69.2,4.86,High,Medium,Yes,Graduate,Yes,No,No,No,8,Primary,No,1,0,0,1,34,Low,NO,Academic Disengagement,Counselling Support,Low Priority
STU_GUJ_002237,2021,SCH_005,Sabarkantha,Urban,Female,OBC,2,Very Low,72.8,20.77,Medium,High,Yes,Primary,Yes,No,No,No,2,Secondary,No,0,0,1,0,25,Low,NO,Travel Constraint,Provide Transport,Low Priority
STU_GUJ_005717,2020,SCH_018,Kutch,Tribal,Female,SC,5,Low,81.3,24.09,Medium,High,No,Illiterate,No,No,No,Yes,4,Graduate,Yes,0,0,1,0,37,Low,NO,Travel Constraint,Provide Transport,Low Priority
STU_GUJ_010119,2019,SCH_125,Bharuch,Tribal,Male,General,3,Very Low,96.5,0.77,Low,Low,No,Secondary,No,Yes,No,No,5,Illiterate,No,0,0,0,0,28,Low,NO,Economic Pressure,Provide Scholarship,Low Priority
STU_GUJ_007404,2022,SCH_171,Mehsana,Rural,Male,OBC,3,Very Low,51.5,23.26,High,Low,No,Primary,Yes,Yes,No,No,5,Illiterate,No,0,0,1,1,48,Medium,NO,Academic Disengagement,Counselling Support,Monitor
STU_GUJ_007986,2023,SCH_132,Valsad,Rural,Male,General,3,High,55.1,27.19,Low,High,Yes,Primary,No,No,Yes,Yes,2,Primary,No,0,0,1,1,48,Medium,NO,Academic Disengagement,Counselling Support,Monitor
STU_GUJ_011227,2022,SCH_121,Morbi,Rural,Male,SC,1,Medium,47.4,1.03,Medium,Low,No,Primary,Yes,No,No,No,2,Secondary,No,1,0,0,1,30,Low,NO,Academic Disengagement,Counselling Support,Low Priority
STU_GUJ_001431,2021,SCH_051,Rajkot,Urban,Male,SC,8,Medium,74.9,24.11,Low,Medium,Yes,Illiterate,Yes,Yes,No,No,5,Illiterate,No,1,0,1,0,27,Low,NO,Travel Constraint,Provide Transport,Low Priority
STU_GUJ_001276,2022,SCH_028,Bhavnagar,Rural,Female,OBC,12,Very Low,57.1,10.93,High,High,No,Illiterate,Yes,No,Yes,No,3,Primary,Yes,0,1,1,1,72,High,YES,Academic Disengagement,Counselling Support,Immediate
STU_GUJ_007756,2025,SCH_106,Kutch,Tribal,Male,OBC,4,Very Low,50.8,15.91,Medium,Low,Yes,Primary,Yes,No,Yes,No,5,Secondary,No,0,0,1,1,42,Medium,NO,Academic Disengagement,Counselling Support,Monitor
STU_GUJ_010182,2024,SCH_062,Junagadh,Urban,Male,OBC,8,High,96.2,17.44,Medium,Low,No,Graduate,Yes,No,No,No,4,Graduate,Yes,1,0,1,0,22,Low,NO,Travel Constraint,Provide Transport,Low Priority
STU_GUJ_006516,2021,SCH_118,Dahod,Tribal,Male,SC,12,Low,79.5,18.23,High,Low,Yes,Secondary,No,No,No,No,3,Illiterate,No,1,1,1,0,50,Medium,NO,Travel Constraint,Provide Transport,Monitor
STU_GUJ_003155,2025,SCH_087,Mehsana,Tribal,Female,OBC,7,Medium,72.3,13.42,High,Low,Yes,Illiterate,Yes,Yes,No,No,8,Graduate,Yes,0,0,1,0,34,Low,NO,Travel Constraint,Provide Transport,Low Priority
STU_GUJ_003370,2020,SCH_033,Ahmedabad,Rural,Male,OBC,6,Low,57.4,25.08,Medium,Medium,No,Graduate,Yes,Yes,No,No,7,Illiterate,Yes,1,0,1,1,17,Low,NO,Academic Disengagement,Counselling Support,Low Priority
STU_GUJ_010903,2023,SCH_001,Bhavnagar,Rural,Male,SC,9,Very Low,84.6,2.28,Medium,Medium,Yes,Illiterate,Yes,No,Yes,No,2,Secondary,Yes,0,1,0,0,32,Low,NO,Economic Pressure,Provide Scholarship,Low Priority
STU_GUJ_005636,2024,SCH_163,Dahod,Urban,Female,OBC,12,Low,64.2,21.54,High,Medium,Yes,Illiterate,No,Yes,No,Yes,6,Illiterate,No,0,1,1,1,33,Low,NO,Academic Disengagement,Counselling Support,Low Priority
STU_GUJ_004709,2019,SCH_099,Mehsana,Tribal,Male,General,12,Medium,72.5,13.2,Medium,Low,No,Primary,Yes,Yes,No,Yes,4,Illiterate,No,0,1,1,0,46,Medium,NO,Travel Constraint,Provide Transport,Monitor
STU_GUJ_004839,2021,SCH_128,Bhavnagar,Rural,Male,OBC,11,Medium,60.0,24.11,Medium,Low,No,Illiterate,Yes,Yes,No,No,2,Illiterate,No,0,1,1,1,43,Medium,NO,Academic Disengagement,Counselling Support,Monitor
STU_GUJ_003049,2025,SCH_034,Junagadh,Rural,Female,SC,1,Low,86.5,26.57,Low,Low,No,Primary,Yes,No,No,No,6,Illiterate,Yes,0,0,1,0,33,Low,NO,Travel Constraint,Provide Transport,Low Priority
STU_GUJ_007811,2021,SCH_101,Navsari,Rural,Male,ST,12,Very Low,92.8,12.51,High,High,Yes,Primary,Yes,Yes,No,No,8,Primary,No,1,1,1,0,39,Low,NO,Travel Constraint,Provide Transport,Low Priority
STU_GUJ_011176,2019,SCH_070,Mehsana,Urban,Male,General,10,High,94.0,2.7,Low,Low,No,Graduate,No,No,No,No,6,Primary,No,0,1,0,0,28,Low,NO,Social Factor,Community Engagement,Low Priority
STU_GUJ_009800,2023,SCH_144,Gandhinagar,Rural,Female,SC,11,Medium,72.6,5.44,Medium,Medium,Yes,Primary,No,Yes,No,No,4,Primary,No,0,1,1,0,24,Low,NO,Travel Constraint,Provide Transport,Low Priority
STU_GUJ_005581,2024,SCH_016,Amreli,Rural,Male,SC,5,Very Low,43.5,4.84,Low,Medium,No,Primary,Yes,No,No,No,4,Graduate,No,1,0,0,1,30,Low,NO,Academic Disengagement,Counselling Support,Low Priority
STU_GUJ_007808,2019,SCH_114,Surat,Rural,Female,OBC,3,Low,87.1,18.32,Medium,Medium,No,Primary,Yes,Yes,No,No,4,Primary,Yes,0,0,1,0,24,Low,NO,Travel Constraint,Provide Transport,Low Priority
STU_GUJ_003289,2021,SCH_065,Patan,Tribal,Male,SC,3,Low,44.2,17.28,Low,Medium,No,Graduate,Yes,Yes,No,No,3,Illiterate,No,0,0,1,1,52,Medium,NO,Academic Disengagement,Counselling Support,Monitor
STU_GUJ_002013,2021,SCH_071,Vadodara,Rural,Male,SC,6,Medium,53.6,6.9,High,Medium,No,Illiterate,No,Yes,No,No,5,Secondary,Yes,0,0,1,1,28,Low,NO,Academic Disengagement,Counselling Support,Low Priority
STU_GUJ_007093,2023,SCH_015,Surat,Urban,Female,General,12,Low,48.4,25.79,High,Medium,Yes,Illiterate,No,Yes,No,No,3,Secondary,Yes,0,1,1,1,39,Low,NO,Academic Disengagement,Counselling Support,Low Priority
STU_GUJ_001454,2021,SCH_108,Bharuch,Urban,Male,SC,10,Very Low,83.7,4.71,High,Medium,Yes,Secondary,Yes,No,No,No,6,Secondary,Yes,0,1,0,0,23,Low,NO,Economic Pressure,Provide Scholarship,Low Priority
STU_GUJ_001079,2019,SCH_069,Junagadh,Rural,Male,ST,6,Very Low,76.3,22.81,Low,Medium,No,Primary,Yes,Yes,No,No,3,Secondary,Yes,1,0,1,0,36,Low,NO,Travel Constraint,Provide Transport,Low Priority
STU_GUJ_006464,2020,SCH_018,Surat,Tribal,Male,OBC,9,Very Low,76.7,9.77,Medium,High,No,Secondary,Yes,Yes,No,No,8,Illiterate,No,1,1,1,0,46,Medium,NO,Travel Constraint,Provide Transport,Monitor
STU_GUJ_010502,2024,SCH_138,Navsari,Rural,Female,OBC,9,Low,48.5,27.71,Medium,Medium,Yes,Secondary,Yes,Yes,No,No,2,Primary,No,1,1,1,1,49,Medium,NO,Academic Disengagement,Counselling Support,Monitor
STU_GUJ_000435,2020,SCH_109,Patan,Rural,Male,ST,12,Medium,66.7,24.95,Medium,Low,Yes,Illiterate,Yes,Yes,No,No,7,Primary,No,1,1,1,1,48,Medium,NO,Academic Disengagement,Counselling Support,Monitor
STU_GUJ_007196,2022,SCH_012,Kutch,Urban,Female,ST,12,Very Low,44.1,3.46,Medium,Medium,Yes,Illiterate,Yes,Yes,No,No,6,Secondary,No,1,1,0,1,50,Medium,NO,Academic Disengagement,Counselling Support,Monitor
STU_GUJ_000614,2022,SCH_118,Morbi,Urban,Female,ST,12,High,61.0,4.48,Low,Medium,Yes,Graduate,No,Yes,No,No,6,Graduate,No,0,1,0,1,39,Low,NO,Academic Disengagement,Counselling Support,Low Priority
STU_GUJ_011926,2019,SCH_129,Junagadh,Urban,Female,General,10,High,69.6,0.24,Medium,Medium,Yes,Illiterate,No,Yes,No,No,8,Illiterate,No,0,1,0,1,35,Low,NO,Academic Disengagement,Counselling Support,Low Priority
STU_GUJ_002994,2025,SCH_150,Dahod,Urban,Male,SC,11,Low,57.8,12.39,Low,Medium,Yes,Illiterate,Yes,No,Yes,No,3,Primary,No,0,1,1,1,48,Medium,NO,Academic Disengagement,Counselling Support,Monitor
STU_GUJ_011663,2022,SCH_141,Mehsana,Rural,Female,General,6,Low,48.6,9.56,High,Medium,Yes,Primary,Yes,No,No,No,2,Secondary,No,0,0,1,1,28,Low,NO,Academic Disengagement,Counselling Support,Low Priority
STU_GUJ_001112,2021,SCH_005,Rajkot,Urban,Female,OBC,8,Medium,47.6,10.2,Medium,Low,Yes,Primary,Yes,Yes,No,Yes,3,Illiterate,No,0,0,1,1,25,Low,NO,Academic Disengagement,Counselling Support,Low Priority
STU_GUJ_007248,2024,SCH_068,Patan,Urban,Male,OBC,1,High,95.1,8.77,Medium,Medium,Yes,Primary,Yes,Yes,No,No,2,Primary,Yes,0,0,1,0,11,Low,NO,Travel Constraint,Provide Transport,Low Priority
STU_GUJ_007710,2019,SCH_120,Anand,Urban,Male,OBC,12,Very Low,55.7,16.38,High,Low,No,Secondary,Yes,No,No,No,4,Secondary,No,0,1,1,1,42,Medium,NO,Academic Disengagement,Counselling Support,Monitor
STU_GUJ_010791,2024,SCH_126,Surat,Rural,Male,ST,9,Low,59.2,8.5,Medium,Medium,Yes,Primary,Yes,Yes,No,No,3,Graduate,No,1,1,1,1,40,Low,NO,Academic Disengagement,Counselling Support,Low Priority
STU_GUJ_001283,2021,SCH_120,Banaskantha,Tribal,Female,General,12,Medium,45.7,5.42,Low,Medium,No,Primary,No,No,No,No,8,Primary,No,1,1,1,1,59,Medium,NO,Academic Disengagement,Counselling Support,Monitor
STU_GUJ_002454,2019,SCH_156,Sabarkantha,Urban,Male,SC,8,Medium,87.0,21.28,Medium,Low,Yes,Primary,Yes,No,No,No,2,Graduate,Yes,1,0,1,0,22,Low,NO,Travel Constraint,Provide Transport,Low Priority
STU_GUJ_010513,2021,SCH_087,Bharuch,Urban,Female,OBC,11,Medium,77.4,12.05,Medium,High,Yes,Primary,No,No,Yes,Yes,2,Illiterate,No,0,1,1,0,39,Low,NO,Travel Constraint,Provide Transport,Low Priority
STU_GUJ_007891,2022,SCH_147,Bharuch,Rural,Male,OBC,4,Low,61.2,11.79,Low,Medium,No,Graduate,Yes,No,No,No,7,Illiterate,No,0,0,1,1,47,Medium,NO,Academic Disengagement,Counselling Support,Monitor
STU_GUJ_011959,2019,SCH_062,Kutch,Rural,Female,SC,6,Low,98.9,9.01,High,Medium,Yes,Illiterate,Yes,Yes,No,No,2,Illiterate,Yes,0,0,1,0,15,Low,NO,Travel Constraint,Provide Transport,Low Priority
STU_GUJ_006593,2025,SCH_171,Navsari,Urban,Male,SC,4,Medium,57.4,1.04,Low,High,No,Primary,Yes,No,No,No,3,Primary,Yes,1,0,0,1,41,Medium,NO,Academic Disengagement,Counselling Support,Monitor
STU_GUJ_008367,2021,SCH_104,Bharuch,Tribal,Male,OBC,1,Very Low,61.8,6.0,Medium,High,Yes,Illiterate,No,No,No,No,6,Illiterate,Yes,1,0,1,1,27,Low,NO,Academic Disengagement,Counselling Support,Low Priority
STU_GUJ_000915,2025,SCH_052,Ahmedabad,Urban,Male,SC,3,High,81.9,20.07,Low,Low,Yes,Graduate,Yes,No,No,No,7,Illiterate,No,0,0,1,0,28,Low,NO,Travel Constraint,Provide Transport,Low Priority
STU_GUJ_005282,2025,SCH_159,Anand,Rural,Male,OBC,2,Low,82.7,20.37,Low,High,No,Illiterate,Yes,Yes,No,No,4,Secondary,No,0,0,1,0,30,Low,NO,Travel Constraint,Provide Transport,Low Priority
STU_GUJ_005837,2022,SCH_042,Vadodara,Urban,Female,OBC,8,Medium,78.0,24.89,Medium,Low,No,Graduate,Yes,No,No,No,3,Secondary,No,0,0,1,0,17,Low,NO,Travel Constraint,Provide Transport,Low Priority
STU_GUJ_009328,2019,SCH_117,Junagadh,Urban,Female,ST,12,Low,87.3,23.89,Medium,High,No,Primary,Yes,Yes,No,No,8,Secondary,No,0,1,1,0,32,Low,NO,Travel Constraint,Provide Transport,Low Priority
STU_GUJ_001198,2020,SCH_093,Surat,Tribal,Male,ST,4,Very Low,76.7,26.19,Low,Low,Yes,Primary,Yes,Yes,No,No,5,Illiterate,No,1,0,1,0,37,Low,NO,Travel Constraint,Provide Transport,Low Priority
STU_GUJ_006388,2022,SCH_027,Bhavnagar,Urban,Male,OBC,10,Low,55.0,0.58,High,High,No,Primary,Yes,No,No,No,4,Illiterate,No,0,1,0,1,38,Low,NO,Academic Disengagement,Counselling Support,Low Priority
STU_GUJ_009567,2022,SCH_062,Bhavnagar,Urban,Female,General,3,Medium,99.4,19.16,Medium,Medium,No,Secondary,Yes,No,No,No,7,Secondary,No,0,0,1,0,11,Low,NO,Travel Constraint,Provide Transport,Low Priority
STU_GUJ_007734,2024,SCH_076,Jamnagar,Tribal,Male,General,1,Low,58.1,5.74,High,Low,Yes,Primary,Yes,No,No,No,4,Primary,No,0,0,1,1,41,Medium,NO,Academic Disengagement,Counselling Support,Monitor
STU_GUJ_002877,2022,SCH_044,Rajkot,Urban,Female,ST,2,Very Low,94.9,15.84,Medium,Low,Yes,Primary,Yes,No,No,No,5,Graduate,No,0,0,1,0,32,Low,NO,Travel Constraint,Provide Transport,Low Priority
STU_GUJ_008324,2024,SCH_066,Sabarkantha,Urban,Male,General,2,Low,95.2,27.05,Medium,Medium,Yes,Primary,Yes,Yes,No,No,4,Illiterate,No,0,0,1,0,6,Low,NO,Travel Constraint,Provide Transport,Low Priority
STU_GUJ_005909,2024,SCH_107,Bhavnagar,Urban,Female,OBC,3,Medium,63.4,22.15,Medium,Medium,No,Graduate,Yes,Yes,No,No,7,Primary,Yes,0,0,1,1,36,Low,NO,Academic Disengagement,Counselling Support,Low Priority
STU_GUJ_007999,2020,SCH_067,Banaskantha,Rural,Male,OBC,11,Very Low,72.9,18.22,Medium,High,No,Secondary,Yes,Yes,No,No,4,Primary,No,0,1,1,0,33,Low,NO,Travel Constraint,Provide Transport,Low Priority
STU_GUJ_000108,2020,SCH_035,Gandhinagar,Rural,Female,SC,5,Low,57.6,3.91,Medium,Medium,Yes,Secondary,Yes,Yes,No,No,5,Illiterate,Yes,1,0,0,1,23,Low,NO,Academic Disengagement,Counselling Support,Low Priority
STU_GUJ_003690,2024,SCH_078,Amreli,Rural,Female,General,10,Medium,86.3,26.12,Medium,Low,Yes,Illiterate,No,Yes,Yes,No,5,Primary,No,0,1,1,0,46,Medium,NO,Travel Constraint,Provide Transport,Monitor
STU_GUJ_004608,2020,SCH_018,Ahmedabad,Urban,Male,SC,9,Medium,64.1,7.77,Medium,Medium,Yes,Secondary,Yes,No,No,No,8,Primary,No,0,1,1,1,45,Medium,NO,Academic Disengagement,Counselling Support,Monitor
STU_GUJ_009976,2020,SCH_112,Anand,Tribal,Male,SC,11,Medium,44.9,19.79,Medium,Low,No,Secondary,No,No,No,No,5,Graduate,Yes,1,1,1,1,49,Medium,NO,Academic Disengagement,Counselling Support,Monitor
STU_GUJ_011335,2021,SCH_049,Ahmedabad,Rural,Male,General,10,Low,80.2,19.06,Medium,Medium,Yes,Secondary,Yes,No,No,No,4,Secondary,Yes,1,1,1,0,14,Low,NO,Travel Constraint,Provide Transport,Low Priority
STU_GUJ_008092,2021,SCH_125,Amreli,Rural,Male,OBC,12,Low,64.7,20.11,Medium,Medium,Yes,Secondary,Yes,Yes,No,No,4,Secondary,No,0,1,1,1,35,Low,NO,Academic Disengagement,Counselling Support,Low Priority
STU_GUJ_008217,2019,SCH_064,Dahod,Tribal,Male,ST,3,High,46.9,22.9,Medium,High,No,Illiterate,Yes,No,No,No,2,Illiterate,Yes,0,0,1,1,38,Low,NO,Academic Disengagement,Counselling Support,Low Priority
STU_GUJ_000968,2019,SCH_042,Bhavnagar,Rural,Male,ST,2,Very Low,63.2,26.45,High,High,No,Secondary,Yes,Yes,Yes,No,7,Illiterate,No,1,0,1,1,48,Medium,NO,Academic Disengagement,Counselling Support,Monitor
STU_GUJ_006250,2020,SCH_160,Patan,Rural,Male,SC,8,Medium,53.6,12.68,Low,Medium,No,Graduate,No,Yes,No,No,3,Secondary,No,0,0,1,1,52,Medium,NO,Academic Disengagement,Counselling Support,Monitor
STU_GUJ_000218,2024,SCH_061,Patan,Urban,Female,SC,12,Very Low,78.5,22.11,Medium,Medium,No,Primary,Yes,No,No,Yes,6,Secondary,Yes,0,1,1,0,39,Low,NO,Travel Constraint,Provide Transport,Low Priority
STU_GUJ_002983,2021,SCH_178,Ahmedabad,Tribal,Male,OBC,6,High,49.8,10.95,Medium,High,Yes,Graduate,No,Yes,No,No,4,Secondary,Yes,1,0,1,1,27,Low,NO,Academic Disengagement,Counselling Support,Low Priority
STU_GUJ_007444,2020,SCH_119,Anand,Rural,Male,SC,3,Medium,44.3,12.86,Medium,Low,No,Primary,No,No,No,No,4,Secondary,No,0,0,1,1,33,Low,NO,Academic Disengagement,Counselling Support,Low Priority
STU_GUJ_005580,2019,SCH_143,Kutch,Urban,Female,OBC,9,Low,69.6,7.61,High,High,Yes,Primary,Yes,Yes,No,No,3,Primary,No,1,1,1,1,45,Medium,NO,Academic Disengagement,Counselling Support,Monitor
STU_GUJ_007700,2020,SCH_137,Sabarkantha,Urban,Female,ST,3,Very Low,42.7,4.04,High,Low,Yes,Illiterate,Yes,No,No,No,4,Primary,Yes,0,0,0,1,45,Medium,NO,Academic Disengagement,Counselling Support,Monitor
STU_GUJ_008476,2020,SCH_095,Morbi,Tribal,Male,General,9,High,71.9,11.65,Low,High,No,Primary,No,No,Yes,No,2,Graduate,No,0,1,1,0,49,Medium,NO,Travel Constraint,Provide Transport,Monitor
STU_GUJ_004951,2024,SCH_141,Morbi,Tribal,Female,OBC,1,Very Low,93.2,7.87,High,Low,No,Illiterate,Yes,Yes,No,No,5,Secondary,Yes,0,0,1,0,36,Low,NO,Travel Constraint,Provide Transport,Low Priority
STU_GUJ_000511,2023,SCH_099,Junagadh,Rural,Female,OBC,6,Medium,54.6,22.04,Medium,Medium,Yes,Primary,No,Yes,No,No,6,Primary,No,1,0,1,1,32,Low,NO,Academic Disengagement,Counselling Support,Low Priority
STU_GUJ_005235,2022,SCH_012,Bharuch,Tribal,Female,ST,8,High,86.9,16.79,High,Medium,No,Illiterate,No,Yes,Yes,No,4,Illiterate,No,1,0,1,0,43,Medium,NO,Travel Constraint,Provide Transport,Monitor
STU_GUJ_006821,2025,SCH_010,Junagadh,Urban,Male,OBC,1,High,66.1,8.45,Medium,Low,No,Secondary,Yes,No,No,No,7,Secondary,Yes,1,0,1,1,28,Low,NO,Academic Disengagement,Counselling Support,Low Priority
STU_GUJ_004484,2021,SCH_039,Anand,Tribal,Male,General,12,Low,96.5,22.41,Low,Medium,No,Illiterate,Yes,Yes,No,No,4,Graduate,No,0,1,1,0,36,Low,NO,Travel Constraint,Provide Transport,Low Priority
STU_GUJ_006063,2021,SCH_100,Rajkot,Tribal,Male,OBC,9,Low,79.4,19.92,Medium,High,No,Illiterate,No,Yes,Yes,No,7,Illiterate,Yes,1,1,1,0,46,Medium,NO,Travel Constraint,Provide Transport,Monitor
STU_GUJ_000574,2025,SCH_010,Bharuch,Urban,Male,General,1,Medium,85.9,24.75,Medium,Medium,Yes,Graduate,Yes,No,No,No,7,Illiterate,No,0,0,1,0,25,Low,NO,Travel Constraint,Provide Transport,Low Priority
STU_GUJ_006576,2020,SCH_015,Navsari,Rural,Female,OBC,5,Low,55.4,15.11,Medium,Medium,No,Secondary,Yes,Yes,Yes,No,5,Graduate,No,0,0,1,1,38,Low,NO,Academic Disengagement,Counselling Support,Low Priority
STU_GUJ_000040,2025,SCH_019,Navsari,Urban,Male,OBC,11,Low,69.9,5.98,Medium,Medium,Yes,Primary,Yes,No,No,No,8,Illiterate,No,0,1,1,1,24,Low,NO,Academic Disengagement,Counselling Support,Low Priority
STU_GUJ_004218,2022,SCH_072,Anand,Rural,Male,SC,9,Very Low,49.1,11.81,Medium,Medium,Yes,Secondary,Yes,Yes,No,No,3,Illiterate,No,0,1,1,1,40,Low,NO,Academic Disengagement,Counselling Support,Low Priority
STU_GUJ_003911,2022,SCH_076,Jamnagar,Urban,Male,ST,6,High,65.0,7.33,Medium,Medium,Yes,Illiterate,Yes,No,No,No,7,Illiterate,No,1,0,1,1,28,Low,NO,Academic Disengagement,Counselling Support,Low Priority
STU_GUJ_001624,2019,SCH_158,Morbi,Rural,Male,General,9,Medium,41.9,27.1,Medium,High,Yes,Secondary,No,No,No,No,6,Secondary,No,1,1,1,1,35,Low,NO,Academic Disengagement,Counselling Support,Low Priority
STU_GUJ_007282,2019,SCH_157,Surat,Urban,Male,OBC,2,Low,58.8,14.9,Low,Medium,Yes,Illiterate,No,Yes,No,No,4,Illiterate,Yes,0,0,1,1,25,Low,NO,Academic Disengagement,Counselling Support,Low Priority
STU_GUJ_001415,2021,SCH_001,Dahod,Tribal,Female,General,8,Low,44.4,0.17,Low,Low,Yes,Illiterate,Yes,Yes,No,No,7,Primary,Yes,1,0,0,1,55,Medium,NO,Academic Disengagement,Counselling Support,Monitor
STU_GUJ_002565,2021,SCH_026,Sabarkantha,Tribal,Female,General,1,Very Low,98.1,18.34,Medium,Medium,Yes,Graduate,Yes,No,No,Yes,8,Primary,No,0,0,1,0,25,Low,NO,Travel Constraint,Provide Transport,Low Priority
STU_GUJ_006849,2022,SCH_098,Bhavnagar,Urban,Male,SC,6,Medium,74.0,13.56,Medium,Low,Yes,Illiterate,Yes,No,No,No,6,Secondary,No,0,0,1,0,7,Low,NO,Travel Constraint,Provide Transport,Low Priority
STU_GUJ_002407,2024,SCH_042,Bharuch,Tribal,Male,SC,7,Very Low,91.3,16.26,High,Medium,No,Secondary,Yes,Yes,No,No,4,Graduate,No,0,0,1,0,21,Low,NO,Travel Constraint,Provide Transport,Low Priority
STU_GUJ_008845,2019,SCH_050,Sabarkantha,Urban,Male,SC,8,High,63.0,13.42,Medium,Medium,No,Secondary,Yes,No,No,No,5,Primary,No,0,0,1,1,32,Low,NO,Academic Disengagement,Counselling Support,Low Priority
STU_GUJ_008644,2020,SCH_034,Vadodara,Rural,Male,OBC,6,High,59.1,7.54,Low,High,Yes,Graduate,Yes,Yes,No,No,6,Secondary,No,1,0,1,1,35,Low,NO,Academic Disengagement,Counselling Support,Low Priority
STU_GUJ_005227,2020,SCH_134,Gandhinagar,Rural,Male,OBC,2,High,53.3,14.71,High,High,Yes,Illiterate,Yes,No,No,No,2,Secondary,No,1,0,1,1,41,Medium,NO,Academic Disengagement,Counselling Support,Monitor
STU_GUJ_003285,2023,SCH_042,Amreli,Tribal,Male,OBC,12,Low,96.3,6.92,Low,High,No,Illiterate,No,No,No,No,8,Secondary,Yes,0,1,1,0,38,Low,NO,Travel Constraint,Provide Transport,Low Priority
STU_GUJ_005479,2025,SCH_001,Amreli,Tribal,Female,General,2,Medium,53.4,11.95,Medium,Medium,Yes,Illiterate,No,Yes,No,Yes,4,Primary,No,0,0,1,1,48,Medium,NO,Academic Disengagement,Counselling Support,Monitor
STU_GUJ_000347,2022,SCH_106,Anand,Urban,Male,OBC,1,Very Low,93.6,17.95,High,Medium,No,Secondary,Yes,Yes,Yes,No,6,Illiterate,No,0,0,1,0,42,Medium,NO,Travel Constraint,Provide Transport,Monitor
STU_GUJ_007223,2022,SCH_110,Banaskantha,Rural,Male,General,12,Very Low,57.8,0.71,Low,Medium,No,Illiterate,Yes,Yes,No,No,2,Secondary,No,1,1,0,1,45,Medium,NO,Academic Disengagement,Counselling Support,Monitor
STU_GUJ_007111,2019,SCH_070,Patan,Rural,Female,ST,10,High,81.4,6.66,High,High,Yes,Secondary,Yes,No,No,No,4,Illiterate,Yes,0,1,1,0,35,Low,NO,Travel Constraint,Provide Transport,Low Priority
STU_GUJ_002629,2020,SCH_033,Kutch,Rural,Male,General,9,Medium,51.6,4.48,High,Low,Yes,Graduate,Yes,Yes,No,No,7,Secondary,No,0,1,0,1,30,Low,NO,Academic Disengagement,Counselling Support,Low Priority
STU_GUJ_009844,2025,SCH_153,Surat,Urban,Male,General,2,Very Low,84.0,17.95,Medium,Medium,No,Primary,Yes,Yes,No,No,5,Primary,No,1,0,1,0,18,Low,NO,Travel Constraint,Provide Transport,Low Priority
STU_GUJ_003315,2020,SCH_062,Morbi,Rural,Female,OBC,10,Low,73.2,16.22,Medium,Medium,No,Illiterate,Yes,No,No,No,7,Primary,Yes,1,1,1,0,36,Low,NO,Travel Constraint,Provide Transport,Low Priority
STU_GUJ_007633,2023,SCH_067,Gandhinagar,Rural,Female,OBC,3,Low,78.7,10.14,Low,Low,No,Graduate,Yes,Yes,No,No,3,Primary,No,1,0,1,0,35,Low,NO,Travel Constraint,Provide Transport,Low Priority
STU_GUJ_003044,2022,SCH_165,Navsari,Tribal,Female,OBC,9,Low,62.8,22.2,Low,Medium,Yes,Primary,Yes,Yes,No,No,2,Illiterate,Yes,1,1,1,1,63,Medium,NO,Academic Disengagement,Counselling Support,Monitor
STU_GUJ_010671,2021,SCH_019,Banaskantha,Urban,Male,OBC,5,Very Low,66.6,2.87,Medium,Medium,No,Primary,No,No,No,No,2,Secondary,No,0,0,0,1,27,Low,NO,Academic Disengagement,Counselling Support,Low Priority
STU_GUJ_004994,2022,SCH_102,Patan,Rural,Male,OBC,12,Very Low,65.1,5.0,Low,Medium,Yes,Illiterate,No,Yes,Yes,No,3,Illiterate,No,1,1,0,1,68,Medium,NO,Academic Disengagement,Counselling Support,Monitor
STU_GUJ_007423,2019,SCH_104,Vadodara,Urban,Male,General,7,High,48.5,4.2,High,High,Yes,Illiterate,No,No,No,No,7,Illiterate,No,0,0,0,1,31,Low,NO,Academic Disengagement,Counselling Support,Low Priority
STU_GUJ_004048,2024,SCH_035,Sabarkantha,Rural,Female,General,3,Low,67.0,25.42,Low,High,Yes,Graduate,Yes,Yes,No,No,4,Illiterate,Yes,0,0,1,1,35,Low,NO,Academic Disengagement,Counselling Support,Low Priority
STU_GUJ_009058,2023,SCH_170,Patan,Urban,Female,ST,1,Medium,75.1,17.27,Medium,Low,Yes,Primary,Yes,No,No,No,5,Graduate,Yes,0,0,1,0,24,Low,NO,Travel Constraint,Provide Transport,Low Priority
STU_GUJ_011996,2020,SCH_026,Anand,Rural,Female,OBC,8,Medium,75.1,7.41,Medium,Medium,No,Primary,Yes,Yes,No,No,3,Primary,No,0,0,1,0,26,Low,NO,Travel Constraint,Provide Transport,Low Priority
STU_GUJ_005035,2023,SCH_035,Amreli,Rural,Female,General,1,Medium,52.2,15.51,Medium,High,Yes,Secondary,Yes,Yes,Yes,No,4,Primary,No,0,0,1,1,46,Medium,NO,Academic Disengagement,Counselling Support,Monitor
STU_GUJ_004611,2023,SCH_040,Bhavnagar,Rural,Male,OBC,7,Medium,91.9,25.69,Medium,Medium,Yes,Secondary,No,No,No,No,3,Illiterate,No,0,0,1,0,14,Low,NO,Travel Constraint,Provide Transport,Low Priority
STU_GUJ_011957,2021,SCH_163,Navsari,Urban,Male,OBC,8,Medium,74.0,12.15,High,High,No,Graduate,Yes,Yes,No,No,6,Primary,Yes,0,0,1,0,22,Low,NO,Travel Constraint,Provide Transport,Low Priority
STU_GUJ_005336,2020,SCH_126,Morbi,Rural,Female,ST,4,Very Low,53.6,4.86,Low,Medium,No,Secondary,Yes,Yes,Yes,No,8,Primary,Yes,1,0,0,1,44,Medium,NO,Academic Disengagement,Counselling Support,Monitor
STU_GUJ_009592,2024,SCH_126,Vadodara,Rural,Female,OBC,9,Very Low,57.6,25.5,Low,Medium,Yes,Illiterate,Yes,Yes,No,No,5,Graduate,No,1,1,1,1,46,Medium,NO,Academic Disengagement,Counselling Support,Monitor
STU_GUJ_011792,2021,SCH_158,Gandhinagar,Rural,Female,OBC,11,Low,59.7,17.92,Low,High,No,Illiterate,Yes,No,No,No,7,Graduate,No,1,1,1,1,46,Medium,NO,Academic Disengagement,Counselling Support,Monitor
STU_GUJ_005012,2021,SCH_038,Kutch,Rural,Female,ST,3,Low,73.6,23.42,High,High,Yes,Primary,Yes,No,Yes,No,8,Graduate,No,1,0,1,0,44,Medium,NO,Travel Constraint,Provide Transport,Monitor
STU_GUJ_009040,2022,SCH_010,Amreli,Urban,Female,General,9,Very Low,56.6,21.29,High,Medium,Yes,Secondary,Yes,Yes,No,No,8,Illiterate,No,1,1,1,1,41,Medium,NO,Academic Disengagement,Counselling Support,Monitor
STU_GUJ_000938,2019,SCH_096,Surat,Rural,Female,OBC,3,High,81.6,12.33,Medium,Medium,No,Secondary,No,Yes,No,No,6,Illiterate,No,0,0,1,0,18,Low,NO,Travel Constraint,Provide Transport,Low Priority
STU_GUJ_004533,2023,SCH_083,Dahod,Rural,Female,OBC,10,Low,81.8,3.64,Low,Medium,No,Primary,No,Yes,No,No,5,Secondary,Yes,0,1,0,0,27,Low,NO,Social Factor,Community Engagement,Low Priority
STU_GUJ_004845,2024,SCH_098,Gandhinagar,Rural,Female,OBC,11,Low,95.8,10.85,Medium,Low,No,Graduate,Yes,Yes,Yes,No,3,Primary,No,1,1,1,0,61,Medium,NO,Travel Constraint,Provide Transport,Monitor
STU_GUJ_003465,2019,SCH_036,Junagadh,Rural,Female,OBC,3,Low,43.5,1.81,Low,High,Yes,Illiterate,Yes,No,No,No,6,Graduate,No,0,0,0,1,30,Low,NO,Academic Disengagement,Counselling Support,Low Priority
STU_GUJ_008070,2025,SCH_173,Ahmedabad,Rural,Female,SC,10,Medium,51.6,19.98,High,Medium,Yes,Primary,Yes,No,No,No,4,Primary,No,0,1,1,1,34,Low,NO,Academic Disengagement,Counselling Support,Low Priority
STU_GUJ_000178,2025,SCH_033,Surat,Tribal,Female,SC,11,High,89.0,24.72,Medium,Medium,Yes,Primary,No,Yes,No,No,8,Illiterate,No,0,1,1,0,44,Medium,NO,Travel Constraint,Provide Transport,Monitor
STU_GUJ_007334,2023,SCH_173,Patan,Urban,Male,SC,5,Low,43.3,19.81,Low,High,Yes,Secondary,Yes,No,No,No,2,Illiterate,No,0,0,1,1,28,Low,NO,Academic Disengagement,Counselling Support,Low Priority
STU_GUJ_003603,2019,SCH_063,Rajkot,Rural,Female,OBC,4,Very Low,60.7,10.54,High,Low,No,Primary,No,No,No,No,6,Graduate,No,1,0,1,1,41,Medium,NO,Academic Disengagement,Counselling Support,Monitor
STU_GUJ_008303,2023,SCH_135,Vadodara,Tribal,Female,SC,4,Low,51.3,25.76,Low,Medium,Yes,Primary,Yes,No,Yes,Yes,3,Illiterate,No,1,0,1,1,51,Medium,NO,Academic Disengagement,Counselling Support,Monitor
STU_GUJ_007502,2022,SCH_066,Jamnagar,Rural,Female,General,9,Low,91.0,1.62,Medium,Low,Yes,Secondary,Yes,No,No,No,8,Illiterate,No,1,1,0,0,18,Low,NO,Social Factor,Community Engagement,Low Priority
STU_GUJ_010632,2025,SCH_086,Gandhinagar,Rural,Female,OBC,9,Medium,42.2,23.05,High,Medium,Yes,Illiterate,Yes,Yes,No,No,3,Primary,No,0,1,1,1,37,Low,NO,Academic Disengagement,Counselling Support,Low Priority
STU_GUJ_001220,2024,SCH_077,Anand,Urban,Male,OBC,1,Low,99.9,6.28,Low,Medium,Yes,Secondary,Yes,Yes,No,Yes,7,Illiterate,Yes,1,0,1,0,16,Low,NO,Travel Constraint,Provide Transport,Low Priority
STU_GUJ_008311,2019,SCH_128,Navsari,Rural,Male,SC,9,Very Low,71.1,13.38,Medium,Medium,No,Graduate,Yes,Yes,No,No,4,Secondary,No,0,1,1,0,47,Medium,NO,Travel Constraint,Provide Transport,Monitor
STU_GUJ_011354,2021,SCH_025,Anand,Rural,Male,OBC,12,Low,97.9,9.14,Medium,High,No,Illiterate,Yes,No,No,No,4,Illiterate,Yes,0,1,1,0,34,Low,NO,Travel Constraint,Provide Transport,Low Priority
STU_GUJ_007020,2022,SCH_011,Sabarkantha,Urban,Female,OBC,5,Very Low,87.7,22.41,High,Medium,Yes,Illiterate,Yes,No,No,No,5,Illiterate,No,0,0,1,0,17,Low,NO,Travel Constraint,Provide Transport,Low Priority
STU_GUJ_009843,2023,SCH_010,Valsad,Urban,Male,ST,12,Low,72.0,20.81,Medium,Medium,No,Illiterate,Yes,No,No,No,2,Graduate,No,1,1,1,0,44,Medium,NO,Travel Constraint,Provide Transport,Monitor
STU_GUJ_000458,2025,SCH_083,Vadodara,Rural,Male,OBC,8,High,55.2,18.53,Low,High,Yes,Primary,Yes,Yes,Yes,No,2,Illiterate,Yes,0,0,1,1,51,Medium,NO,Academic Disengagement,Counselling Support,Monitor
STU_GUJ_005065,2023,SCH_043,Banaskantha,Tribal,Female,SC,8,Low,53.4,23.01,Low,Medium,No,Secondary,No,No,Yes,No,6,Secondary,No,1,0,1,1,51,Medium,NO,Academic Disengagement,Counselling Support,Monitor
STU_GUJ_001158,2023,SCH_012,Rajkot,Urban,Female,ST,9,Very Low,91.0,26.58,Medium,Medium,No,Illiterate,No,No,No,No,3,Secondary,No,1,1,1,0,41,Medium,NO,Travel Constraint,Provide Transport,Monitor
STU_GUJ_009515,2020,SCH_027,Vadodara,Tribal,Male,ST,2,Very Low,59.2,3.22,Medium,Medium,No,Primary,No,No,No,No,3,Primary,Yes,1,0,0,1,42,Medium,NO,Academic Disengagement,Counselling Support,Monitor
STU_GUJ_003239,2024,SCH_174,Vadodara,Rural,Female,SC,2,Medium,89.9,2.89,High,Medium,No,Illiterate,Yes,Yes,No,No,5,Secondary,No,0,0,0,0,28,Low,NO,Social Factor,Community Engagement,Low Priority
STU_GUJ_009831,2022,SCH_152,Banaskantha,Tribal,Female,OBC,1,Low,59.8,18.77,Medium,High,Yes,Illiterate,Yes,No,No,No,7,Illiterate,Yes,0,0,1,1,44,Medium,NO,Academic Disengagement,Counselling Support,Monitor
STU_GUJ_001214,2019,SCH_169,Sabarkantha,Rural,Female,ST,11,Low,64.9,22.16,Medium,High,Yes,Graduate,No,Yes,Yes,No,8,Primary,Yes,1,1,1,1,61,Medium,NO,Academic Disengagement,Counselling Support,Monitor
STU_GUJ_011132,2024,SCH_023,Anand,Tribal,Female,General,10,Low,49.0,20.02,Medium,Medium,Yes,Graduate,Yes,Yes,No,Yes,7,Illiterate,Yes,1,1,1,1,45,Medium,NO,Academic Disengagement,Counselling Support,Monitor
STU_GUJ_011481,2019,SCH_145,Gandhinagar,Rural,Male,SC,1,Medium,74.8,17.68,High,High,No,Primary,Yes,No,Yes,No,5,Illiterate,No,0,0,1,0,20,Low,NO,Travel Constraint,Provide Transport,Low Priority
STU_GUJ_011849,2025,SCH_008,Dahod,Tribal,Male,OBC,1,High,60.5,1.93,Low,Low,No,Graduate,Yes,Yes,No,No,2,Illiterate,No,0,0,0,1,32,Low,NO,Academic Disengagement,Counselling Support,Low Priority
STU_GUJ_007837,2024,SCH_105,Gandhinagar,Urban,Male,SC,3,Very Low,80.0,1.92,Medium,Medium,Yes,Illiterate,No,No,No,No,3,Secondary,No,0,0,0,0,15,Low,NO,Economic Pressure,Provide Scholarship,Low Priority
STU_GUJ_010624,2019,SCH_034,Vadodara,Rural,Male,ST,10,Very Low,56.5,8.39,Medium,Medium,Yes,Primary,Yes,Yes,Yes,No,4,Illiterate,Yes,0,1,1,1,50,Medium,NO,Academic Disengagement,Counselling Support,Monitor
STU_GUJ_008944,2020,SCH_038,Banaskantha,Urban,Male,General,3,Very Low,49.0,15.72,Low,High,Yes,Illiterate,No,Yes,No,Yes,5,Secondary,No,0,0,1,1,38,Low,NO,Academic Disengagement,Counselling Support,Low Priority
STU_GUJ_000933,2020,SCH_071,Navsari,Tribal,Male,General,2,Low,43.2,0.42,Medium,Low,No,Primary,Yes,Yes,No,No,5,Secondary,No,0,0,0,1,47,Medium,NO,Academic Disengagement,Counselling Support,Monitor
STU_GUJ_004723,2024,SCH_008,Bhavnagar,Tribal,Male,SC,9,Very Low,83.0,21.33,Medium,Medium,Yes,Secondary,Yes,No,No,No,6,Illiterate,No,1,1,1,0,33,Low,NO,Travel Constraint,Provide Transport,Low Priority
STU_GUJ_004194,2025,SCH_066,Mehsana,Rural,Male,General,12,Very Low,56.1,3.43,Low,Medium,No,Secondary,Yes,No,No,No,8,Primary,No,1,1,0,1,55,Medium,NO,Academic Disengagement,Counselling Support,Monitor
STU_GUJ_002232,2022,SCH_111,Dahod,Urban,Male,ST,12,Low,67.2,27.29,Low,Low,No,Illiterate,Yes,Yes,No,No,2,Graduate,Yes,0,1,1,1,46,Medium,NO,Academic Disengagement,Counselling Support,Monitor
STU_GUJ_002652,2025,SCH_074,Bhavnagar,Tribal,Male,SC,5,Very Low,56.2,19.87,Low,Low,Yes,Secondary,Yes,No,No,No,3,Illiterate,Yes,0,0,1,1,57,Medium,NO,Academic Disengagement,Counselling Support,Monitor
STU_GUJ_001985,2022,SCH_018,Mehsana,Rural,Male,ST,2,Medium,99.1,20.24,Medium,Low,Yes,Illiterate,Yes,No,No,No,6,Primary,No,0,0,1,0,27,Low,NO,Travel Constraint,Provide Transport,Low Priority
STU_GUJ_008807,2022,SCH_118,Morbi,Rural,Female,General,12,Low,85.2,15.86,Medium,Medium,Yes,Primary,Yes,No,Yes,Yes,4,Illiterate,Yes,0,1,1,0,36,Low,NO,Travel Constraint,Provide Transport,Low Priority
STU_GUJ_002474,2022,SCH_010,Anand,Urban,Female,General,6,Very Low,69.6,13.9,High,Medium,Yes,Secondary,Yes,Yes,No,No,3,Secondary,Yes,0,0,1,1,32,Low,NO,Academic Disengagement,Counselling Support,Low Priority
STU_GUJ_001434,2025,SCH_135,Morbi,Rural,Male,SC,9,Low,61.3,9.76,Low,Medium,No,Graduate,No,Yes,No,No,5,Primary,No,1,1,1,1,50,Medium,NO,Academic Disengagement,Counselling Support,Monitor
STU_GUJ_010884,2025,SCH_077,Bharuch,Rural,Female,OBC,2,Low,67.4,21.11,Medium,Medium,Yes,Secondary,No,No,No,No,6,Illiterate,No,0,0,1,1,40,Low,NO,Academic Disengagement,Counselling Support,Low Priority
STU_GUJ_005368,2022,SCH_078,Amreli,Urban,Female,OBC,9,Very Low,85.2,3.77,High,Medium,Yes,Graduate,Yes,No,Yes,No,2,Primary,Yes,0,1,0,0,31,Low,NO,Economic Pressure,Provide Scholarship,Low Priority
STU_GUJ_004032,2019,SCH_050,Jamnagar,Tribal,Male,General,7,Low,94.0,8.53,High,Low,Yes,Illiterate,Yes,Yes,Yes,Yes,3,Illiterate,Yes,1,0,1,0,33,Low,NO,Travel Constraint,Provide Transport,Low Priority
STU_GUJ_002215,2023,SCH_053,Sabarkantha,Urban,Female,OBC,12,Medium,62.3,16.42,High,Low,Yes,Illiterate,No,No,No,No,8,Graduate,No,0,1,1,1,43,Medium,NO,Academic Disengagement,Counselling Support,Monitor
STU_GUJ_011258,2020,SCH_118,Ahmedabad,Rural,Male,General,1,Very Low,75.7,18.99,High,Low,Yes,Primary,No,Yes,No,No,5,Illiterate,Yes,1,0,1,0,28,Low,NO,Travel Constraint,Provide Transport,Low Priority
STU_GUJ_000304,2025,SCH_116,Ahmedabad,Urban,Male,OBC,11,Low,67.7,26.08,High,Low,Yes,Secondary,Yes,Yes,No,No,6,Secondary,No,0,1,1,1,38,Low,NO,Academic Disengagement,Counselling Support,Low Priority
STU_GUJ_008945,2024,SCH_138,Dahod,Urban,Female,OBC,6,Very Low,88.4,23.05,Low,Medium,Yes,Illiterate,Yes,Yes,No,No,8,Primary,Yes,1,0,1,0,41,Medium,NO,Travel Constraint,Provide Transport,Monitor
STU_GUJ_010762,2023,SCH_032,Patan,Rural,Female,OBC,9,Low,53.9,26.61,Medium,Medium,Yes,Illiterate,Yes,Yes,Yes,No,3,Illiterate,No,1,1,1,1,53,Medium,NO,Academic Disengagement,Counselling Support,Monitor
STU_GUJ_000971,2025,SCH_073,Amreli,Rural,Female,ST,7,Low,69.0,22.68,Low,Low,No,Illiterate,Yes,No,No,Yes,2,Illiterate,Yes,0,0,1,1,57,Medium,NO,Academic Disengagement,Counselling Support,Monitor
STU_GUJ_010422,2021,SCH_045,Junagadh,Tribal,Male,General,3,Medium,51.6,26.54,High,Medium,Yes,Graduate,Yes,Yes,Yes,No,6,Secondary,No,1,0,1,1,38,Low,NO,Academic Disengagement,Counselling Support,Low Priority
STU_GUJ_005415,2020,SCH_101,Patan,Tribal,Female,ST,1,Very Low,84.2,23.51,Medium,Low,No,Primary,No,Yes,Yes,No,8,Secondary,No,1,0,1,0,44,Medium,NO,Travel Constraint,Provide Transport,Monitor
STU_GUJ_000211,2024,SCH_055,Bharuch,Rural,Female,OBC,4,Medium,98.7,6.72,Medium,Medium,No,Illiterate,Yes,Yes,No,Yes,5,Secondary,Yes,0,0,1,0,28,Low,NO,Travel Constraint,Provide Transport,Low Priority
STU_GUJ_001935,2023,SCH_145,Morbi,Urban,Male,General,5,Medium,74.1,5.6,Medium,High,Yes,Graduate,Yes,No,No,No,4,Illiterate,No,0,0,1,0,10,Low,NO,Travel Constraint,Provide Transport,Low Priority
STU_GUJ_011696,2025,SCH_103,Patan,Rural,Male,OBC,9,Low,87.7,8.14,Medium,Medium,Yes,Graduate,No,No,No,No,6,Primary,No,0,1,1,0,19,Low,NO,Travel Constraint,Provide Transport,Low Priority
STU_GUJ_000652,2025,SCH_175,Mehsana,Rural,Female,General,10,Very Low,45.2,21.6,Low,Medium,No,Secondary,No,No,Yes,No,2,Primary,No,1,1,1,1,61,Medium,NO,Academic Disengagement,Counselling Support,Monitor
STU_GUJ_011206,2021,SCH_127,Surat,Urban,Female,ST,7,Low,49.2,22.03,Medium,Low,Yes,Primary,No,Yes,No,Yes,2,Graduate,No,0,0,1,1,48,Medium,NO,Academic Disengagement,Counselling Support,Monitor
STU_GUJ_009310,2020,SCH_164,Dahod,Tribal,Female,General,8,Low,78.7,10.4,Medium,Medium,No,Secondary,No,Yes,No,No,4,Illiterate,No,0,0,1,0,28,Low,NO,Travel Constraint,Provide Transport,Low Priority
STU_GUJ_010143,2022,SCH_127,Bharuch,Rural,Male,ST,7,Medium,44.7,9.32,Medium,High,No,Graduate,Yes,Yes,No,No,2,Primary,No,1,0,1,1,39,Low,NO,Academic Disengagement,Counselling Support,Low Priority
STU_GUJ_008234,2023,SCH_167,Junagadh,Tribal,Female,OBC,3,Low,41.3,8.32,High,High,Yes,Primary,No,Yes,Yes,No,5,Illiterate,No,0,0,1,1,38,Low,NO,Academic Disengagement,Counselling Support,Low Priority
STU_GUJ_003614,2024,SCH_138,Navsari,Urban,Male,SC,1,Medium,99.8,17.22,Medium,Medium,Yes,Secondary,Yes,No,Yes,No,2,Secondary,No,0,0,1,0,33,Low,NO,Travel Constraint,Provide Transport,Low Priority
STU_GUJ_006818,2021,SCH_050,Morbi,Rural,Female,ST,7,Very Low,54.2,1.38,Medium,Low,No,Primary,Yes,Yes,No,Yes,5,Graduate,No,1,0,0,1,52,Medium,NO,Academic Disengagement,Counselling Support,Monitor
STU_GUJ_006023,2023,SCH_142,Rajkot,Rural,Female,General,8,Medium,40.9,18.87,Low,Low,Yes,Graduate,Yes,Yes,Yes,No,2,Primary,No,0,0,1,1,54,Medium,NO,Academic Disengagement,Counselling Support,Monitor
STU_GUJ_003015,2021,SCH_011,Navsari,Urban,Female,General,9,Low,64.3,22.76,Low,Medium,Yes,Graduate,No,Yes,No,No,7,Secondary,Yes,0,1,1,1,48,Medium,NO,Academic Disengagement,Counselling Support,Monitor
STU_GUJ_011923,2019,SCH_139,Junagadh,Urban,Male,General,10,Medium,81.0,12.11,Medium,Low,Yes,Primary,Yes,Yes,No,No,4,Secondary,No,0,1,1,0,23,Low,NO,Travel Constraint,Provide Transport,Low Priority
STU_GUJ_002975,2024,SCH_098,Gandhinagar,Rural,Male,SC,7,High,61.9,8.14,High,Medium,No,Primary,Yes,Yes,No,No,7,Secondary,No,0,0,1,1,22,Low,NO,Academic Disengagement,Counselling Support,Low Priority
STU_GUJ_008107,2019,SCH_143,Bhavnagar,Rural,Female,General,5,Low,89.1,25.11,Medium,High,Yes,Primary,No,Yes,No,No,2,Illiterate,Yes,1,0,1,0,28,Low,NO,Travel Constraint,Provide Transport,Low Priority
STU_GUJ_002319,2022,SCH_162,Banaskantha,Tribal,Male,SC,10,Low,68.5,23.14,High,High,No,Secondary,No,Yes,No,No,5,Illiterate,No,1,1,1,1,41,Medium,NO,Academic Disengagement,Counselling Support,Monitor
STU_GUJ_001422,2024,SCH_105,Morbi,Urban,Female,SC,4,High,78.8,1.05,Medium,High,Yes,Primary,Yes,No,Yes,Yes,3,Primary,Yes,0,0,0,0,21,Low,NO,Social Factor,Community Engagement,Low Priority
STU_GUJ_003548,2025,SCH_056,Anand,Urban,Female,ST,11,Very Low,70.0,17.32,High,Medium,Yes,Illiterate,Yes,Yes,No,No,6,Illiterate,No,0,1,1,0,48,Medium,NO,Travel Constraint,Provide Transport,Monitor
STU_GUJ_001140,2025,SCH_041,Morbi,Tribal,Male,OBC,9,Very Low,68.0,13.49,Medium,High,No,Secondary,No,Yes,Yes,No,5,Primary,Yes,0,1,1,1,51,Medium,NO,Academic Disengagement,Counselling Support,Monitor
STU_GUJ_009756,2025,SCH_046,Kutch,Rural,Female,ST,9,Medium,51.6,5.16,Medium,Low,No,Primary,Yes,Yes,Yes,No,6,Secondary,No,0,1,1,1,66,Medium,NO,Academic Disengagement,Counselling Support,Monitor
STU_GUJ_006855,2023,SCH_009,Sabarkantha,Urban,Male,OBC,4,Very Low,73.7,17.43,Low,Medium,No,Graduate,Yes,Yes,No,No,3,Primary,Yes,1,0,1,0,23,Low,NO,Travel Constraint,Provide Transport,Low Priority
STU_GUJ_007794,2021,SCH_135,Valsad,Rural,Female,OBC,6,Very Low,86.8,12.05,Low,Low,Yes,Secondary,Yes,No,No,No,8,Secondary,No,1,0,1,0,33,Low,NO,Travel Constraint,Provide Transport,Low Priority
STU_GUJ_007247,2025,SCH_003,Amreli,Urban,Female,OBC,11,Very Low,44.1,22.85,Low,Medium,Yes,Primary,Yes,Yes,No,No,3,Primary,Yes,1,1,1,1,48,Medium,NO,Academic Disengagement,Counselling Support,Monitor
STU_GUJ_002880,2023,SCH_108,Kutch,Rural,Female,OBC,4,Very Low,82.5,15.07,Medium,Medium,No,Secondary,Yes,Yes,No,No,5,Illiterate,Yes,0,0,1,0,28,Low,NO,Travel Constraint,Provide Transport,Low Priority
STU_GUJ_000750,2025,SCH_081,Banaskantha,Tribal,Male,General,10,Low,73.3,19.15,High,Medium,Yes,Primary,Yes,No,No,No,6,Graduate,No,0,1,1,0,21,Low,NO,Travel Constraint,Provide Transport,Low Priority
STU_GUJ_011353,2024,SCH_120,Rajkot,Tribal,Male,OBC,2,Low,60.5,9.01,Low,Medium,No,Graduate,Yes,No,Yes,No,5,Secondary,No,0,0,1,1,41,Medium,NO,Academic Disengagement,Counselling Support,Monitor
STU_GUJ_008373,2019,SCH_069,Bhavnagar,Rural,Male,OBC,8,Medium,100.0,16.84,Medium,Medium,Yes,Graduate,Yes,No,No,No,3,Primary,Yes,0,0,1,0,21,Low,NO,Travel Constraint,Provide Transport,Low Priority
STU_GUJ_000399,2025,SCH_037,Banaskantha,Rural,Male,ST,6,Low,99.5,1.06,High,Medium,No,Primary,Yes,Yes,No,No,2,Primary,Yes,0,0,0,0,28,Low,NO,Social Factor,Community Engagement,Low Priority
STU_GUJ_006984,2024,SCH_048,Banaskantha,Rural,Male,General,6,High,57.1,22.63,Medium,Medium,Yes,Secondary,Yes,No,Yes,No,6,Primary,Yes,1,0,1,1,44,Medium,NO,Academic Disengagement,Counselling Support,Monitor
STU_GUJ_010450,2020,SCH_102,Surat,Rural,Female,ST,2,High,68.9,2.83,Low,High,Yes,Illiterate,No,Yes,No,No,3,Graduate,No,0,0,0,1,37,Low,NO,Academic Disengagement,Counselling Support,Low Priority
STU_GUJ_000322,2020,SCH_130,Amreli,Urban,Male,OBC,11,Medium,58.7,24.0,Medium,Low,Yes,Secondary,Yes,No,No,No,5,Secondary,Yes,1,1,1,1,31,Low,NO,Academic Disengagement,Counselling Support,Low Priority
STU_GUJ_003618,2020,SCH_091,Vadodara,Rural,Male,OBC,8,High,56.5,5.77,High,Medium,Yes,Secondary,Yes,Yes,No,Yes,2,Secondary,No,0,0,1,1,30,Low,NO,Academic Disengagement,Counselling Support,Low Priority
STU_GUJ_007349,2019,SCH_086,Amreli,Tribal,Female,OBC,11,Medium,99.7,5.97,Medium,Low,Yes,Illiterate,Yes,Yes,No,No,4,Primary,No,0,1,1,0,47,Medium,NO,Travel Constraint,Provide Transport,Monitor
STU_GUJ_010443,2020,SCH_156,Ahmedabad,Rural,Female,OBC,4,Very Low,80.6,9.27,Low,Low,No,Primary,No,No,No,No,5,Primary,No,0,0,1,0,42,Medium,NO,Travel Constraint,Provide Transport,Monitor
STU_GUJ_004603,2021,SCH_015,Junagadh,Rural,Female,OBC,5,Medium,96.3,22.22,Low,Medium,No,Primary,Yes,No,No,No,7,Secondary,Yes,0,0,1,0,31,Low,NO,Travel Constraint,Provide Transport,Low Priority
STU_GUJ_006606,2019,SCH_107,Mehsana,Rural,Male,OBC,9,Very Low,91.3,25.65,Low,Medium,Yes,Secondary,No,No,No,No,4,Primary,No,0,1,1,0,40,Low,NO,Travel Constraint,Provide Transport,Low Priority
STU_GUJ_004095,2025,SCH_014,Mehsana,Rural,Male,SC,1,Low,84.8,27.4,High,Medium,Yes,Secondary,Yes,Yes,No,No,4,Primary,No,1,0,1,0,14,Low,NO,Travel Constraint,Provide Transport,Low Priority
STU_GUJ_007590,2023,SCH_071,Dahod,Urban,Male,OBC,12,Medium,70.2,14.81,Low,Low,Yes,Secondary,Yes,Yes,No,No,6,Primary,Yes,0,1,1,0,41,Medium,NO,Travel Constraint,Provide Transport,Monitor
STU_GUJ_010413,2025,SCH_036,Mehsana,Urban,Female,General,2,Very Low,97.7,2.94,Low,Medium,Yes,Primary,Yes,No,No,No,3,Illiterate,No,0,0,0,0,19,Low,NO,Economic Pressure,Provide Scholarship,Low Priority
STU_GUJ_011479,2025,SCH_084,Morbi,Urban,Female,SC,7,Very Low,74.4,26.75,High,Low,No,Illiterate,Yes,Yes,No,No,3,Illiterate,No,1,0,1,0,33,Low,NO,Travel Constraint,Provide Transport,Low Priority
STU_GUJ_003887,2022,SCH_088,Gandhinagar,Rural,Male,OBC,5,Low,59.0,3.47,Low,Medium,Yes,Secondary,Yes,Yes,No,No,3,Secondary,No,1,0,0,1,21,Low,NO,Academic Disengagement,Counselling Support,Low Priority
STU_GUJ_011178,2020,SCH_126,Morbi,Tribal,Male,OBC,2,Low,93.9,16.71,Low,Medium,Yes,Illiterate,No,No,No,No,8,Illiterate,Yes,1,0,1,0,30,Low,NO,Travel Constraint,Provide Transport,Low Priority
STU_GUJ_009165,2024,SCH_128,Jamnagar,Rural,Female,General,9,Medium,57.3,24.29,Low,Low,Yes,Secondary,No,Yes,No,No,8,Illiterate,No,0,1,1,1,56,Medium,NO,Academic Disengagement,Counselling Support,Monitor
STU_GUJ_000765,2019,SCH_166,Patan,Tribal,Male,General,8,Medium,56.4,14.58,Medium,Low,No,Graduate,Yes,Yes,No,No,6,Primary,Yes,1,0,1,1,39,Low,NO,Academic Disengagement,Counselling Support,Low Priority
STU_GUJ_006677,2025,SCH_015,Patan,Urban,Female,General,1,Low,74.0,23.1,High,Medium,No,Primary,Yes,Yes,No,No,6,Secondary,No,0,0,1,0,9,Low,NO,Travel Constraint,Provide Transport,Low Priority
STU_GUJ_006163,2024,SCH_048,Dahod,Rural,Male,ST,10,Very Low,69.2,3.88,Medium,Medium,Yes,Primary,No,Yes,Yes,No,6,Illiterate,No,1,1,0,1,60,Medium,NO,Academic Disengagement,Counselling Support,Monitor
STU_GUJ_011834,2020,SCH_060,Patan,Urban,Male,ST,11,High,51.9,20.44,Low,Low,Yes,Primary,Yes,No,Yes,No,4,Secondary,Yes,1,1,1,1,50,Medium,NO,Academic Disengagement,Counselling Support,Monitor
STU_GUJ_010924,2025,SCH_104,Bhavnagar,Urban,Male,OBC,9,Very Low,85.0,18.52,High,High,Yes,Graduate,Yes,Yes,No,Yes,3,Primary,Yes,0,1,1,0,24,Low,NO,Travel Constraint,Provide Transport,Low Priority
STU_GUJ_009742,2025,SCH_102,Bhavnagar,Tribal,Female,OBC,6,Medium,52.2,0.19,Low,Low,No,Illiterate,Yes,Yes,No,No,6,Secondary,Yes,0,0,0,1,40,Low,NO,Academic Disengagement,Counselling Support,Low Priority
STU_GUJ_008329,2025,SCH_105,Anand,Urban,Male,General,7,Low,51.2,3.66,High,Medium,Yes,Illiterate,Yes,Yes,No,No,7,Primary,Yes,0,0,0,1,20,Low,NO,Academic Disengagement,Counselling Support,Low Priority
STU_GUJ_003034,2021,SCH_016,Anand,Tribal,Male,OBC,1,Very Low,99.1,9.68,Medium,Medium,Yes,Illiterate,Yes,No,No,No,5,Illiterate,Yes,0,0,1,0,21,Low,NO,Travel Constraint,Provide Transport,Low Priority
STU_GUJ_005096,2023,SCH_123,Vadodara,Rural,Female,General,12,Medium,63.5,25.13,High,Medium,Yes,Graduate,No,No,No,No,3,Secondary,Yes,1,1,1,1,48,Medium,NO,Academic Disengagement,Counselling Support,Monitor
STU_GUJ_006358,2023,SCH_078,Banaskantha,Urban,Male,General,2,Low,95.3,5.97,Low,Low,No,Secondary,Yes,No,Yes,No,3,Illiterate,Yes,1,0,1,0,36,Low,NO,Travel Constraint,Provide Transport,Low Priority
STU_GUJ_010744,2021,SCH_167,Kutch,Urban,Female,General,9,Low,80.6,23.14,Medium,Low,Yes,Graduate,Yes,Yes,Yes,No,2,Primary,Yes,0,1,1,0,25,Low,NO,Travel Constraint,Provide Transport,Low Priority
STU_GUJ_001666,2021,SCH_174,Surat,Rural,Male,General,4,Low,90.6,21.42,Medium,Low,No,Primary,Yes,Yes,No,No,4,Graduate,No,0,0,1,0,25,Low,NO,Travel Constraint,Provide Transport,Low Priority
STU_GUJ_003133,2019,SCH_016,Navsari,Urban,Female,ST,6,High,41.0,27.48,Low,Medium,Yes,Primary,Yes,No,No,No,8,Secondary,Yes,1,0,1,1,33,Low,NO,Academic Disengagement,Counselling Support,Low Priority
STU_GUJ_008127,2024,SCH_180,Rajkot,Rural,Male,ST,4,Low,48.4,6.64,High,Low,No,Primary,Yes,Yes,Yes,No,4,Secondary,Yes,1,0,1,1,52,Medium,NO,Academic Disengagement,Counselling Support,Monitor
STU_GUJ_000474,2019,SCH_125,Ahmedabad,Tribal,Female,ST,6,Medium,94.9,17.73,Low,Medium,No,Secondary,Yes,Yes,Yes,No,4,Illiterate,No,0,0,1,0,44,Medium,NO,Travel Constraint,Provide Transport,Monitor
STU_GUJ_003995,2024,SCH_023,Junagadh,Rural,Male,ST,11,Medium,99.6,5.56,Medium,High,No,Primary,Yes,Yes,No,No,2,Primary,No,0,1,1,0,37,Low,NO,Travel Constraint,Provide Transport,Low Priority
STU_GUJ_011514,2023,SCH_054,Ahmedabad,Rural,Male,OBC,4,Low,93.9,17.4,Medium,High,No,Graduate,No,Yes,No,No,6,Secondary,No,0,0,1,0,28,Low,NO,Travel Constraint,Provide Transport,Low Priority
STU_GUJ_003027,2023,SCH_129,Vadodara,Rural,Female,OBC,6,Very Low,54.6,0.69,Low,Low,No,Primary,Yes,Yes,No,No,2,Secondary,No,0,0,0,1,33,Low,NO,Academic Disengagement,Counselling Support,Low Priority
STU_GUJ_011714,2025,SCH_108,Vadodara,Urban,Male,General,3,High,41.5,25.97,Medium,Low,No,Primary,No,No,Yes,No,7,Secondary,Yes,1,0,1,1,27,Low,NO,Academic Disengagement,Counselling Support,Low Priority
STU_GUJ_004680,2024,SCH_007,Rajkot,Urban,Male,ST,4,Very Low,87.3,22.81,Low,High,Yes,Illiterate,Yes,Yes,No,No,6,Graduate,No,0,0,1,0,32,Low,NO,Travel Constraint,Provide Transport,Low Priority
STU_GUJ_004650,2023,SCH_066,Vadodara,Rural,Male,SC,3,Low,77.8,12.0,Medium,High,No,Primary,No,No,Yes,Yes,5,Illiterate,No,0,0,1,0,25,Low,NO,Travel Constraint,Provide Transport,Low Priority
STU_GUJ_010102,2023,SCH_111,Navsari,Urban,Female,SC,2,Very Low,83.5,17.88,Low,Low,No,Illiterate,Yes,Yes,No,No,5,Primary,Yes,1,0,1,0,33,Low,NO,Travel Constraint,Provide Transport,Low Priority
STU_GUJ_007066,2019,SCH_030,Junagadh,Rural,Female,OBC,3,High,92.1,20.03,Medium,Low,No,Primary,Yes,Yes,No,No,5,Primary,No,1,0,1,0,16,Low,NO,Travel Constraint,Provide Transport,Low Priority
STU_GUJ_006787,2023,SCH_156,Morbi,Urban,Male,OBC,6,High,79.0,3.74,Low,High,Yes,Graduate,Yes,No,No,No,2,Illiterate,No,0,0,0,0,13,Low,NO,Social Factor,Community Engagement,Low Priority
STU_GUJ_003835,2023,SCH_047,Dahod,Rural,Male,General,12,Very Low,91.6,3.91,High,Low,No,Primary,Yes,Yes,No,No,3,Primary,No,0,1,0,0,43,Medium,NO,Economic Pressure,Provide Scholarship,Monitor
STU_GUJ_002996,2023,SCH_087,Valsad,Urban,Female,General,5,Low,62.4,12.25,High,Medium,Yes,Primary,Yes,Yes,No,No,6,Illiterate,No,0,0,1,1,15,Low,NO,Academic Disengagement,Counselling Support,Low Priority
STU_GUJ_001400,2023,SCH_076,Jamnagar,Rural,Female,OBC,2,High,54.7,5.82,Low,Low,No,Illiterate,No,No,Yes,No,3,Secondary,No,0,0,1,1,52,Medium,NO,Academic Disengagement,Counselling Support,Monitor
STU_GUJ_004732,2024,SCH_038,Banaskantha,Tribal,Female,OBC,2,Low,51.0,11.8,High,Medium,No,Primary,No,Yes,No,Yes,5,Primary,Yes,1,0,1,1,53,Medium,NO,Academic Disengagement,Counselling Support,Monitor
STU_GUJ_001352,2025,SCH_147,Ahmedabad,Rural,Female,OBC,12,Medium,60.1,16.58,Medium,High,Yes,Primary,Yes,Yes,Yes,No,2,Primary,No,1,1,1,1,56,Medium,NO,Academic Disengagement,Counselling Support,Monitor
STU_GUJ_011257,2025,SCH_116,Amreli,Urban,Female,General,10,Low,43.3,20.59,Medium,Medium,Yes,Secondary,Yes,Yes,No,No,5,Secondary,No,0,1,1,1,52,Medium,NO,Academic Disengagement,Counselling Support,Monitor
STU_GUJ_005355,2019,SCH_137,Valsad,Urban,Female,SC,12,High,86.5,10.23,Low,Medium,Yes,Illiterate,Yes,Yes,No,No,4,Primary,No,0,1,1,0,36,Low,NO,Travel Constraint,Provide Transport,Low Priority
STU_GUJ_005121,2021,SCH_155,Rajkot,Urban,Female,ST,1,Very Low,87.0,27.51,High,High,Yes,Secondary,No,No,No,No,6,Illiterate,Yes,1,0,1,0,34,Low,NO,Travel Constraint,Provide Transport,Low Priority
STU_GUJ_001698,2021,SCH_057,Jamnagar,Urban,Female,SC,10,Low,43.7,24.03,Medium,Medium,Yes,Graduate,No,No,No,No,3,Primary,Yes,1,1,1,1,44,Medium,NO,Academic Disengagement,Counselling Support,Monitor
STU_GUJ_000252,2020,SCH_122,Surat,Urban,Male,OBC,12,Low,42.7,19.92,Low,Low,No,Illiterate,Yes,Yes,No,No,8,Primary,No,0,1,1,1,48,Medium,NO,Academic Disengagement,Counselling Support,Monitor
STU_GUJ_005525,2019,SCH_013,Sabarkantha,Rural,Female,SC,12,High,64.2,10.43,High,Medium,Yes,Illiterate,Yes,Yes,No,No,7,Illiterate,No,0,1,1,1,44,Medium,NO,Academic Disengagement,Counselling Support,Monitor
STU_GUJ_001884,2024,SCH_129,Sabarkantha,Rural,Male,SC,9,High,53.4,23.22,Medium,Medium,Yes,Illiterate,No,Yes,Yes,No,8,Primary,Yes,1,1,1,1,51,Medium,NO,Academic Disengagement,Counselling Support,Monitor
STU_GUJ_010054,2023,SCH_001,Morbi,Rural,Female,OBC,2,Low,82.3,0.24,Medium,Low,Yes,Graduate,Yes,No,No,No,2,Illiterate,No,1,0,0,0,14,Low,NO,Social Factor,Community Engagement,Low Priority
STU_GUJ_004784,2019,SCH_062,Sabarkantha,Urban,Male,OBC,4,Very Low,76.9,10.29,Medium,Medium,Yes,Primary,Yes,No,No,No,5,Graduate,No,0,0,1,0,19,Low,NO,Travel Constraint,Provide Transport,Low Priority
STU_GUJ_005211,2024,SCH_026,Navsari,Rural,Female,SC,4,Low,53.6,18.86,Low,High,Yes,Secondary,Yes,No,Yes,No,8,Primary,Yes,0,0,1,1,48,Medium,NO,Academic Disengagement,Counselling Support,Monitor
STU_GUJ_008682,2020,SCH_142,Junagadh,Rural,Female,General,5,Medium,55.3,0.26,High,Medium,No,Primary,Yes,Yes,No,No,7,Illiterate,No,0,0,0,1,19,Low,NO,Academic Disengagement,Counselling Support,Low Priority
STU_GUJ_005545,2021,SCH_149,Rajkot,Rural,Male,OBC,4,Medium,61.5,5.98,Medium,High,Yes,Illiterate,No,Yes,No,No,2,Secondary,No,0,0,1,1,28,Low,NO,Academic Disengagement,Counselling Support,Low Priority
STU_GUJ_011361,2019,SCH_079,Banaskantha,Rural,Male,ST,9,Low,64.4,12.03,Medium,Medium,No,Primary,Yes,Yes,No,No,3,Primary,Yes,0,1,1,1,34,Low,NO,Academic Disengagement,Counselling Support,Low Priority
STU_GUJ_007579,2023,SCH_067,Sabarkantha,Tribal,Male,General,11,Very Low,43.4,22.15,Medium,Medium,Yes,Secondary,No,Yes,No,No,2,Illiterate,No,0,1,1,1,43,Medium,NO,Academic Disengagement,Counselling Support,Monitor
STU_GUJ_009804,2020,SCH_161,Gandhinagar,Rural,Female,OBC,3,Medium,77.8,14.87,Medium,Low,Yes,Graduate,No,No,Yes,No,6,Illiterate,No,0,0,1,0,30,Low,NO,Travel Constraint,Provide Transport,Low Priority
STU_GUJ_011322,2024,SCH_145,Bhavnagar,Urban,Male,ST,5,Medium,62.6,25.26,Medium,High,Yes,Secondary,Yes,No,Yes,No,5,Secondary,No,1,0,1,1,34,Low,NO,Academic Disengagement,Counselling Support,Low Priority
STU_GUJ_002981,2022,SCH_086,Jamnagar,Rural,Female,General,6,High,40.4,7.0,Medium,Low,Yes,Primary,Yes,Yes,No,Yes,3,Illiterate,Yes,0,0,1,1,41,Medium,NO,Academic Disengagement,Counselling Support,Monitor
STU_GUJ_005131,2022,SCH_109,Morbi,Rural,Female,OBC,11,Low,98.5,3.05,Medium,Low,Yes,Illiterate,Yes,Yes,No,No,2,Graduate,No,0,1,0,0,32,Low,NO,Social Factor,Community Engagement,Low Priority
STU_GUJ_010847,2023,SCH_145,Patan,Urban,Male,SC,8,Low,44.9,26.52,High,Low,Yes,Illiterate,Yes,Yes,No,No,6,Illiterate,No,0,0,1,1,30,Low,NO,Academic Disengagement,Counselling Support,Low Priority
STU_GUJ_008147,2024,SCH_112,Rajkot,Rural,Male,OBC,3,Very Low,70.3,9.51,Low,Medium,Yes,Primary,Yes,Yes,No,No,6,Secondary,Yes,0,0,1,0,28,Low,NO,Travel Constraint,Provide Transport,Low Priority
STU_GUJ_010064,2025,SCH_113,Surat,Urban,Female,General,9,Very Low,43.1,26.45,Low,Medium,Yes,Illiterate,Yes,No,No,No,2,Illiterate,No,0,1,1,1,52,Medium,NO,Academic Disengagement,Counselling Support,Monitor
STU_GUJ_007413,2023,SCH_086,Morbi,Urban,Male,OBC,5,Low,78.3,17.29,Medium,Medium,No,Secondary,Yes,No,Yes,No,2,Secondary,Yes,0,0,1,0,24,Low,NO,Travel Constraint,Provide Transport,Low Priority
STU_GUJ_002443,2025,SCH_145,Sabarkantha,Rural,Female,OBC,11,Low,53.3,26.7,Medium,Medium,Yes,Secondary,Yes,Yes,Yes,No,3,Primary,No,1,1,1,1,56,Medium,NO,Academic Disengagement,Counselling Support,Monitor
STU_GUJ_008899,2023,SCH_170,Gandhinagar,Urban,Male,General,10,Low,86.4,14.2,Medium,Medium,Yes,Primary,Yes,No,Yes,No,7,Secondary,No,1,1,1,0,28,Low,NO,Travel Constraint,Provide Transport,Low Priority
STU_GUJ_008664,2019,SCH_104,Surat,Urban,Female,SC,2,Low,70.0,6.81,High,High,Yes,Graduate,Yes,Yes,Yes,Yes,6,Illiterate,Yes,0,0,1,0,32,Low,NO,Travel Constraint,Provide Transport,Low Priority
STU_GUJ_006801,2021,SCH_118,Mehsana,Rural,Male,ST,7,Medium,64.4,24.93,Low,Medium,Yes,Primary,Yes,Yes,No,No,7,Graduate,No,0,0,1,1,40,Low,NO,Academic Disengagement,Counselling Support,Low Priority
STU_GUJ_010689,2021,SCH_148,Vadodara,Rural,Male,OBC,4,Low,72.8,11.24,Medium,High,No,Secondary,Yes,Yes,No,No,5,Secondary,No,0,0,1,0,26,Low,NO,Travel Constraint,Provide Transport,Low Priority
STU_GUJ_009783,2021,SCH_170,Bharuch,Tribal,Male,OBC,8,Very Low,82.0,10.99,Medium,Medium,No,Illiterate,Yes,Yes,No,No,5,Secondary,No,1,0,1,0,28,Low,NO,Travel Constraint,Provide Transport,Low Priority
STU_GUJ_011294,2024,SCH_053,Gandhinagar,Rural,Female,OBC,11,High,46.9,4.95,Medium,Medium,Yes,Primary,Yes,Yes,No,No,3,Illiterate,No,0,1,0,1,54,Medium,NO,Academic Disengagement,Counselling Support,Monitor
STU_GUJ_009153,2020,SCH_056,Rajkot,Rural,Female,General,3,Low,67.9,0.51,Medium,Low,Yes,Secondary,Yes,No,No,No,4,Secondary,Yes,0,0,0,1,28,Low,NO,Academic Disengagement,Counselling Support,Low Priority
STU_GUJ_002496,2023,SCH_015,Bharuch,Rural,Female,OBC,11,Medium,86.3,7.52,Low,Medium,Yes,Secondary,Yes,Yes,No,No,2,Primary,No,1,1,1,0,41,Medium,NO,Travel Constraint,Provide Transport,Monitor
STU_GUJ_009003,2024,SCH_015,Dahod,Tribal,Female,General,5,Very Low,64.5,9.85,High,High,Yes,Secondary,Yes,Yes,No,Yes,8,Primary,Yes,0,0,1,1,49,Medium,NO,Academic Disengagement,Counselling Support,Monitor
STU_GUJ_008829,2024,SCH_034,Amreli,Urban,Male,ST,9,Very Low,43.6,18.7,High,Medium,No,Illiterate,Yes,Yes,No,No,2,Primary,Yes,1,1,1,1,41,Medium,NO,Academic Disengagement,Counselling Support,Monitor
STU_GUJ_010047,2023,SCH_144,Amreli,Urban,Male,SC,6,Medium,98.6,0.92,High,High,No,Illiterate,Yes,Yes,No,No,6,Primary,Yes,1,0,0,0,12,Low,NO,Social Factor,Community Engagement,Low Priority
STU_GUJ_007823,2023,SCH_002,Dahod,Urban,Female,OBC,12,High,52.0,3.89,Medium,Low,No,Illiterate,Yes,Yes,Yes,No,6,Graduate,No,0,1,0,1,60,Medium,NO,Academic Disengagement,Counselling Support,Monitor
STU_GUJ_004813,2021,SCH_123,Kutch,Rural,Male,OBC,2,Very Low,87.8,17.38,Low,Low,Yes,Illiterate,Yes,No,No,No,4,Illiterate,No,1,0,1,0,31,Low,NO,Travel Constraint,Provide Transport,Low Priority
STU_GUJ_011639,2019,SCH_067,Anand,Tribal,Male,SC,11,Medium,83.4,2.96,Low,Low,Yes,Secondary,Yes,No,No,No,6,Illiterate,Yes,0,1,0,0,36,Low,NO,Social Factor,Community Engagement,Low Priority
STU_GUJ_004509,2025,SCH_139,Vadodara,Rural,Male,General,7,Medium,45.9,24.3,Low,Medium,No,Secondary,No,No,No,Yes,8,Primary,Yes,1,0,1,1,48,Medium,NO,Academic Disengagement,Counselling Support,Monitor
STU_GUJ_009397,2023,SCH_153,Navsari,Urban,Male,General,1,High,84.4,4.85,Medium,High,No,Illiterate,No,No,No,No,3,Secondary,Yes,0,0,0,0,15,Low,NO,Social Factor,Community Engagement,Low Priority
STU_GUJ_005980,2021,SCH_005,Patan,Rural,Male,ST,4,Medium,76.4,15.47,Medium,Low,No,Illiterate,Yes,No,No,No,3,Secondary,Yes,0,0,1,0,22,Low,NO,Travel Constraint,Provide Transport,Low Priority
STU_GUJ_002326,2025,SCH_051,Morbi,Tribal,Male,OBC,5,Medium,95.2,6.44,High,High,No,Primary,No,No,No,No,7,Illiterate,Yes,0,0,1,0,19,Low,NO,Travel Constraint,Provide Transport,Low Priority
STU_GUJ_002389,2020,SCH_088,Navsari,Rural,Male,OBC,9,Very Low,84.5,0.19,Medium,Medium,No,Primary,Yes,No,No,No,8,Secondary,Yes,0,1,0,0,31,Low,NO,Economic Pressure,Provide Scholarship,Low Priority
STU_GUJ_008282,2019,SCH_058,Vadodara,Rural,Male,OBC,8,Low,53.5,8.51,Medium,High,No,Primary,Yes,Yes,Yes,No,8,Illiterate,No,1,0,1,1,39,Low,NO,Academic Disengagement,Counselling Support,Low Priority
STU_GUJ_003652,2020,SCH_003,Morbi,Urban,Female,SC,8,Low,78.2,9.28,Low,Low,Yes,Secondary,Yes,Yes,No,Yes,4,Secondary,No,0,0,1,0,33,Low,NO,Travel Constraint,Provide Transport,Low Priority
STU_GUJ_002453,2024,SCH_003,Junagadh,Rural,Male,General,9,Very Low,57.9,16.89,Medium,Medium,No,Illiterate,Yes,No,Yes,No,5,Primary,No,1,1,1,1,55,Medium,NO,Academic Disengagement,Counselling Support,Monitor
STU_GUJ_009140,2025,SCH_119,Bhavnagar,Rural,Male,OBC,9,Low,40.3,18.03,Medium,High,Yes,Primary,Yes,No,No,No,2,Illiterate,Yes,0,1,1,1,33,Low,NO,Academic Disengagement,Counselling Support,Low Priority
STU_GUJ_007683,2021,SCH_004,Gandhinagar,Tribal,Female,SC,10,High,84.2,23.03,Medium,Medium,No,Illiterate,Yes,No,No,No,8,Illiterate,No,0,1,1,0,33,Low,NO,Travel Constraint,Provide Transport,Low Priority
STU_GUJ_005578,2020,SCH_006,Sabarkantha,Tribal,Female,General,11,High,52.2,3.58,Low,High,Yes,Secondary,Yes,No,No,Yes,6,Primary,Yes,0,1,0,1,53,Medium,NO,Academic Disengagement,Counselling Support,Monitor
STU_GUJ_009281,2020,SCH_161,Banaskantha,Urban,Male,General,2,High,55.3,6.33,Medium,High,Yes,Illiterate,Yes,No,Yes,No,3,Illiterate,No,0,0,1,1,39,Low,NO,Academic Disengagement,Counselling Support,Low Priority
STU_GUJ_007529,2025,SCH_073,Anand,Urban,Female,OBC,2,Very Low,42.7,12.86,Medium,High,Yes,Illiterate,Yes,Yes,No,No,2,Primary,No,0,0,1,1,26,Low,NO,Academic Disengagement,Counselling Support,Low Priority
STU_GUJ_002847,2020,SCH_085,Bhavnagar,Urban,Male,OBC,2,Medium,42.4,5.91,Medium,Medium,No,Primary,No,Yes,No,No,7,Primary,Yes,0,0,1,1,34,Low,NO,Academic Disengagement,Counselling Support,Low Priority
STU_GUJ_003388,2022,SCH_170,Morbi,Rural,Female,General,3,Low,85.4,24.12,Medium,Low,No,Primary,No,No,No,Yes,4,Secondary,Yes,0,0,1,0,22,Low,NO,Travel Constraint,Provide Transport,Low Priority
STU_GUJ_010118,2019,SCH_129,Anand,Rural,Female,General,3,Very Low,59.1,6.06,Low,Medium,Yes,Illiterate,No,No,No,Yes,5,Primary,No,0,0,1,1,33,Low,NO,Academic Disengagement,Counselling Support,Low Priority
STU_GUJ_006562,2025,SCH_176,Ahmedabad,Urban,Male,General,1,High,62.9,19.64,Medium,High,Yes,Illiterate,Yes,Yes,No,No,4,Primary,Yes,0,0,1,1,28,Low,NO,Academic Disengagement,Counselling Support,Low Priority
STU_GUJ_005567,2023,SCH_070,Gandhinagar,Rural,Male,SC,9,Medium,69.6,27.28,Medium,Medium,No,Primary,Yes,Yes,No,No,8,Graduate,Yes,1,1,1,1,37,Low,NO,Academic Disengagement,Counselling Support,Low Priority
STU_GUJ_005338,2019,SCH_050,Gandhinagar,Urban,Male,SC,8,Medium,52.9,2.93,Medium,High,No,Secondary,Yes,No,No,No,2,Secondary,No,0,0,0,1,20,Low,NO,Academic Disengagement,Counselling Support,Low Priority
STU_GUJ_000249,2022,SCH_165,Gandhinagar,Tribal,Male,ST,10,Medium,54.9,25.13,Medium,High,No,Primary,Yes,Yes,Yes,No,4,Illiterate,Yes,1,1,1,1,43,Medium,NO,Academic Disengagement,Counselling Support,Monitor
STU_GUJ_004128,2021,SCH_078,Anand,Rural,Male,General,2,Very Low,67.6,12.81,Low,Medium,Yes,Primary,No,No,No,Yes,4,Illiterate,No,0,0,1,1,36,Low,NO,Academic Disengagement,Counselling Support,Low Priority
STU_GUJ_001796,2021,SCH_054,Valsad,Tribal,Male,General,3,Low,82.2,16.32,Low,Medium,Yes,Primary,Yes,Yes,No,No,4,Secondary,No,0,0,1,0,21,Low,NO,Travel Constraint,Provide Transport,Low Priority
STU_GUJ_001480,2025,SCH_031,Vadodara,Urban,Male,ST,3,Very Low,74.3,1.66,Medium,Medium,Yes,Secondary,No,No,No,Yes,2,Illiterate,No,0,0,0,0,21,Low,NO,Economic Pressure,Provide Scholarship,Low Priority
STU_GUJ_010136,2025,SCH_118,Rajkot,Urban,Male,ST,10,Very Low,62.4,17.51,Medium,Medium,No,Secondary,Yes,No,No,No,5,Illiterate,Yes,1,1,1,1,55,Medium,NO,Academic Disengagement,Counselling Support,Monitor
STU_GUJ_011869,2025,SCH_090,Bharuch,Urban,Female,OBC,1,Low,90.3,23.74,Medium,Medium,Yes,Graduate,Yes,No,No,No,3,Primary,Yes,0,0,1,0,15,Low,NO,Travel Constraint,Provide Transport,Low Priority
STU_GUJ_004011,2022,SCH_131,Rajkot,Rural,Female,General,5,Low,54.5,20.93,Low,Medium,Yes,Illiterate,Yes,No,Yes,No,5,Illiterate,Yes,0,0,1,1,45,Medium,NO,Academic Disengagement,Counselling Support,Monitor
STU_GUJ_010166,2024,SCH_133,Patan,Urban,Female,SC,9,High,45.4,16.79,Low,High,Yes,Secondary,Yes,Yes,No,No,5,Secondary,No,0,1,1,1,48,Medium,NO,Academic Disengagement,Counselling Support,Monitor
STU_GUJ_000563,2021,SCH_024,Patan,Rural,Male,OBC,6,Low,51.2,1.47,Medium,Medium,Yes,Primary,Yes,No,No,Yes,2,Primary,No,1,0,0,1,26,Low,NO,Academic Disengagement,Counselling Support,Low Priority
STU_GUJ_007489,2023,SCH_147,Jamnagar,Rural,Male,General,6,Low,83.1,4.51,Low,Low,No,Graduate,Yes,No,No,Yes,6,Illiterate,Yes,1,0,0,0,40,Low,NO,Social Factor,Community Engagement,Low Priority
STU_GUJ_011912,2022,SCH_152,Gandhinagar,Rural,Female,ST,12,Low,97.6,6.05,Medium,High,No,Illiterate,Yes,No,No,No,3,Primary,Yes,1,1,1,0,38,Low,NO,Travel Constraint,Provide Transport,Low Priority
STU_GUJ_003245,2022,SCH_029,Jamnagar,Rural,Female,ST,11,Very Low,59.6,23.4,High,Medium,No,Primary,No,Yes,No,Yes,2,Graduate,No,1,1,1,1,43,Medium,NO,Academic Disengagement,Counselling Support,Monitor
STU_GUJ_008580,2023,SCH_044,Surat,Rural,Male,OBC,1,Medium,40.6,8.81,Medium,Low,No,Illiterate,No,Yes,No,No,4,Primary,No,1,0,1,1,40,Low,NO,Academic Disengagement,Counselling Support,Low Priority
STU_GUJ_009323,2023,SCH_069,Kutch,Rural,Male,ST,11,Low,74.9,13.06,Medium,High,Yes,Primary,Yes,No,Yes,No,6,Illiterate,No,1,1,1,0,53,Medium,NO,Travel Constraint,Provide Transport,Monitor
STU_GUJ_008448,2022,SCH_031,Morbi,Tribal,Female,ST,9,Medium,92.6,3.29,Medium,Medium,No,Graduate,Yes,Yes,No,No,2,Illiterate,No,1,1,0,0,48,Medium,NO,Social Factor,Community Engagement,Monitor
STU_GUJ_010057,2019,SCH_018,Jamnagar,Urban,Male,General,3,High,70.7,10.73,Medium,Medium,Yes,Illiterate,Yes,Yes,No,Yes,3,Primary,No,0,0,1,0,24,Low,NO,Travel Constraint,Provide Transport,Low Priority
STU_GUJ_008912,2020,SCH_140,Rajkot,Urban,Female,SC,5,Very Low,82.3,8.15,Medium,Low,Yes,Graduate,Yes,Yes,No,No,4,Primary,No,0,0,1,0,17,Low,NO,Travel Constraint,Provide Transport,Low Priority
STU_GUJ_007769,2025,SCH_005,Valsad,Rural,Male,General,11,High,70.4,16.26,High,Low,No,Illiterate,Yes,No,No,Yes,4,Illiterate,No,1,1,1,0,37,Low,NO,Travel Constraint,Provide Transport,Low Priority
STU_GUJ_004150,2019,SCH_066,Anand,Urban,Male,SC,8,Low,87.9,20.13,High,Low,No,Secondary,No,No,No,No,4,Primary,Yes,0,0,1,0,17,Low,NO,Travel Constraint,Provide Transport,Low Priority
STU_GUJ_001003,2021,SCH_070,Amreli,Rural,Male,General,8,Low,57.7,18.54,Medium,Medium,Yes,Graduate,Yes,No,Yes,Yes,4,Secondary,No,0,0,1,1,28,Low,NO,Academic Disengagement,Counselling Support,Low Priority
STU_GUJ_006347,2019,SCH_066,Rajkot,Urban,Male,ST,6,Low,82.6,21.43,High,Medium,Yes,Secondary,No,Yes,No,No,8,Graduate,No,0,0,1,0,13,Low,NO,Travel Constraint,Provide Transport,Low Priority
STU_GUJ_006106,2025,SCH_172,Bharuch,Rural,Female,General,7,Low,89.2,0.2,Low,Low,Yes,Primary,Yes,No,No,No,6,Illiterate,Yes,0,0,0,0,30,Low,NO,Social Factor,Community Engagement,Low Priority
STU_GUJ_010832,2020,SCH_048,Mehsana,Urban,Female,ST,6,High,50.9,18.78,Low,Medium,Yes,Secondary,Yes,Yes,No,No,4,Graduate,Yes,0,0,1,1,35,Low,NO,Academic Disengagement,Counselling Support,Low Priority
STU_GUJ_009148,2023,SCH_042,Amreli,Tribal,Male,General,5,Low,50.6,6.13,Low,Medium,No,Illiterate,Yes,Yes,No,Yes,5,Primary,No,0,0,1,1,40,Low,NO,Academic Disengagement,Counselling Support,Low Priority
STU_GUJ_005801,2019,SCH_059,Rajkot,Tribal,Male,ST,1,Very Low,44.2,15.08,High,Medium,Yes,Illiterate,No,Yes,No,No,5,Illiterate,Yes,0,0,1,1,56,Medium,NO,Academic Disengagement,Counselling Support,Monitor
STU_GUJ_000863,2023,SCH_029,Mehsana,Rural,Male,OBC,12,Medium,65.0,20.9,Medium,High,Yes,Illiterate,Yes,Yes,Yes,No,3,Illiterate,Yes,1,1,1,1,40,Low,NO,Academic Disengagement,Counselling Support,Low Priority
STU_GUJ_005614,2023,SCH_060,Surat,Tribal,Female,General,4,Medium,82.0,19.11,Low,Medium,No,Illiterate,No,Yes,No,No,5,Primary,No,1,0,1,0,30,Low,NO,Travel Constraint,Provide Transport,Low Priority
STU_GUJ_007755,2024,SCH_022,Jamnagar,Urban,Female,ST,8,Low,75.2,20.34,High,High,No,Primary,Yes,No,No,No,3,Secondary,Yes,0,0,1,0,21,Low,NO,Travel Constraint,Provide Transport,Low Priority
STU_GUJ_003080,2021,SCH_007,Surat,Tribal,Female,General,9,Low,54.8,6.63,Medium,Low,Yes,Primary,Yes,No,No,No,8,Secondary,No,1,1,1,1,47,Medium,NO,Academic Disengagement,Counselling Support,Monitor
STU_GUJ_003852,2024,SCH_079,Dahod,Tribal,Male,ST,1,High,83.2,14.67,Medium,High,Yes,Illiterate,No,No,No,No,7,Primary,No,1,0,1,0,19,Low,NO,Travel Constraint,Provide Transport,Low Priority
STU_GUJ_002628,2024,SCH_147,Valsad,Urban,Female,OBC,2,Medium,97.3,19.97,Medium,Medium,No,Graduate,No,Yes,No,No,7,Primary,No,0,0,1,0,24,Low,NO,Travel Constraint,Provide Transport,Low Priority
STU_GUJ_000593,2020,SCH_026,Bharuch,Rural,Female,SC,6,Low,41.5,20.66,Low,Medium,Yes,Illiterate,Yes,Yes,No,No,8,Illiterate,No,0,0,1,1,44,Medium,NO,Academic Disengagement,Counselling Support,Monitor
STU_GUJ_008401,2020,SCH_020,Surat,Urban,Male,OBC,8,Low,89.0,7.66,High,Medium,No,Primary,Yes,Yes,No,No,8,Graduate,No,0,0,1,0,25,Low,NO,Travel Constraint,Provide Transport,Low Priority
STU_GUJ_003283,2020,SCH_099,Patan,Urban,Male,OBC,6,Very Low,60.7,22.39,Low,Low,No,Primary,Yes,No,No,Yes,8,Illiterate,No,1,0,1,1,47,Medium,NO,Academic Disengagement,Counselling Support,Monitor
STU_GUJ_001865,2025,SCH_175,Kutch,Tribal,Female,SC,2,Low,47.1,17.44,High,Medium,Yes,Primary,Yes,Yes,Yes,No,7,Secondary,No,1,0,1,1,42,Medium,NO,Academic Disengagement,Counselling Support,Monitor
STU_GUJ_005392,2023,SCH_047,Patan,Urban,Male,SC,5,Very Low,76.8,2.26,High,High,Yes,Primary,No,Yes,No,No,8,Primary,No,0,0,0,0,20,Low,NO,Economic Pressure,Provide Scholarship,Low Priority
STU_GUJ_003470,2024,SCH_042,Rajkot,Rural,Male,General,5,Low,60.8,24.63,Low,Low,Yes,Primary,Yes,Yes,No,No,2,Primary,Yes,0,0,1,1,41,Medium,NO,Academic Disengagement,Counselling Support,Monitor
STU_GUJ_005712,2025,SCH_078,Dahod,Urban,Female,OBC,9,Very Low,63.8,14.93,Medium,Medium,Yes,Graduate,Yes,No,Yes,No,7,Primary,No,0,1,1,1,56,Medium,NO,Academic Disengagement,Counselling Support,Monitor
STU_GUJ_000181,2023,SCH_015,Banaskantha,Rural,Female,OBC,7,Very Low,48.3,19.99,Medium,Low,Yes,Illiterate,Yes,Yes,No,No,3,Primary,Yes,1,0,1,1,55,Medium,NO,Academic Disengagement,Counselling Support,Monitor
STU_GUJ_007713,2022,SCH_130,Mehsana,Rural,Male,OBC,11,High,47.2,24.83,Medium,Low,Yes,Illiterate,Yes,Yes,No,No,2,Secondary,No,0,1,1,1,44,Medium,NO,Academic Disengagement,Counselling Support,Monitor
STU_GUJ_008999,2022,SCH_070,Junagadh,Urban,Female,OBC,7,Very Low,91.9,23.63,Medium,Low,Yes,Secondary,No,Yes,Yes,No,3,Primary,No,1,0,1,0,33,Low,NO,Travel Constraint,Provide Transport,Low Priority
STU_GUJ_006334,2021,SCH_106,Mehsana,Rural,Male,OBC,10,Low,85.3,3.26,Medium,Medium,Yes,Primary,Yes,Yes,No,No,2,Secondary,No,0,1,0,0,10,Low,NO,Social Factor,Community Engagement,Low Priority
STU_GUJ_006331,2024,SCH_101,Rajkot,Urban,Male,SC,12,High,82.4,9.34,Medium,Low,No,Primary,Yes,Yes,No,Yes,8,Illiterate,Yes,0,1,1,0,30,Low,NO,Travel Constraint,Provide Transport,Low Priority
STU_GUJ_002756,2022,SCH_118,Junagadh,Rural,Female,OBC,12,Very Low,82.9,23.71,Medium,Medium,Yes,Secondary,Yes,Yes,No,No,7,Illiterate,No,1,1,1,0,44,Medium,NO,Travel Constraint,Provide Transport,Monitor
STU_GUJ_000034,2021,SCH_075,Patan,Rural,Male,ST,3,Very Low,89.5,9.9,Medium,Medium,No,Graduate,Yes,Yes,No,No,5,Primary,No,1,0,1,0,23,Low,NO,Travel Constraint,Provide Transport,Low Priority
STU_GUJ_007564,2024,SCH_059,Patan,Rural,Male,General,3,Low,63.1,24.09,Low,Medium,Yes,Illiterate,Yes,No,No,No,3,Primary,Yes,1,0,1,1,32,Low,NO,Academic Disengagement,Counselling Support,Low Priority
STU_GUJ_003308,2024,SCH_073,Amreli,Urban,Female,OBC,3,Medium,82.8,5.08,High,High,No,Primary,Yes,No,No,No,8,Secondary,No,0,0,1,0,19,Low,NO,Travel Constraint,Provide Transport,Low Priority
STU_GUJ_008954,2019,SCH_007,Vadodara,Rural,Female,SC,4,Very Low,40.1,11.06,High,Medium,No,Primary,Yes,No,No,No,7,Secondary,No,1,0,1,1,24,Low,NO,Academic Disengagement,Counselling Support,Low Priority
STU_GUJ_001767,2025,SCH_074,Mehsana,Rural,Female,General,5,Medium,40.6,3.24,Medium,Medium,Yes,Graduate,Yes,Yes,No,No,7,Illiterate,Yes,0,0,0,1,21,Low,NO,Academic Disengagement,Counselling Support,Low Priority
STU_GUJ_005514,2021,SCH_071,Banaskantha,Urban,Female,OBC,3,Medium,95.7,12.85,Medium,Medium,No,Primary,Yes,Yes,No,No,7,Primary,Yes,1,0,1,0,16,Low,NO,Travel Constraint,Provide Transport,Low Priority
STU_GUJ_004025,2021,SCH_130,Ahmedabad,Rural,Female,ST,3,Medium,66.1,9.26,Low,Low,Yes,Primary,Yes,Yes,No,No,7,Graduate,No,1,0,1,1,53,Medium,NO,Academic Disengagement,Counselling Support,Monitor
STU_GUJ_006828,2022,SCH_060,Mehsana,Rural,Male,ST,8,High,71.1,0.28,Low,High,No,Graduate,Yes,No,No,No,5,Illiterate,Yes,0,0,0,0,44,Medium,NO,Social Factor,Community Engagement,Monitor
STU_GUJ_007449,2019,SCH_139,Junagadh,Tribal,Male,OBC,10,Low,90.1,8.42,Medium,Low,No,Primary,Yes,No,No,No,2,Primary,Yes,1,1,1,0,36,Low,NO,Travel Constraint,Provide Transport,Low Priority
STU_GUJ_006912,2021,SCH_037,Valsad,Tribal,Female,SC,12,Very Low,71.3,15.52,Low,High,Yes,Secondary,No,No,No,No,3,Primary,No,1,1,1,0,61,Medium,NO,Travel Constraint,Provide Transport,Monitor
STU_GUJ_001905,2025,SCH_070,Bharuch,Rural,Male,ST,9,Low,75.8,12.58,Low,High,Yes,Illiterate,Yes,Yes,No,No,4,Illiterate,No,0,1,1,0,42,Medium,NO,Travel Constraint,Provide Transport,Monitor
STU_GUJ_007117,2020,SCH_032,Banaskantha,Urban,Female,General,3,Low,48.8,26.66,Medium,High,Yes,Secondary,No,No,No,No,6,Graduate,No,0,0,1,1,37,Low,NO,Academic Disengagement,Counselling Support,Low Priority
STU_GUJ_009368,2025,SCH_077,Valsad,Rural,Female,ST,10,Low,53.2,8.54,High,Medium,Yes,Secondary,Yes,No,No,No,7,Secondary,Yes,1,1,1,1,30,Low,NO,Academic Disengagement,Counselling Support,Low Priority
STU_GUJ_006884,2025,SCH_044,Rajkot,Urban,Female,OBC,12,Very Low,72.2,14.26,High,Medium,Yes,Illiterate,Yes,Yes,No,No,3,Graduate,No,0,1,1,0,41,Medium,NO,Travel Constraint,Provide Transport,Monitor
STU_GUJ_006962,2024,SCH_137,Navsari,Rural,Female,OBC,9,High,83.9,19.83,Low,Medium,Yes,Graduate,No,No,Yes,No,3,Primary,No,1,1,1,0,38,Low,NO,Travel Constraint,Provide Transport,Low Priority
STU_GUJ_009444,2025,SCH_162,Vadodara,Rural,Male,OBC,4,High,45.7,19.53,Medium,Medium,Yes,Graduate,No,Yes,No,No,3,Primary,No,0,0,1,1,34,Low,NO,Academic Disengagement,Counselling Support,Low Priority
STU_GUJ_002930,2021,SCH_095,Bharuch,Tribal,Male,General,4,Low,70.4,14.1,Medium,Low,No,Secondary,Yes,Yes,No,No,8,Secondary,No,0,0,1,0,27,Low,NO,Travel Constraint,Provide Transport,Low Priority
STU_GUJ_009670,2021,SCH_053,Ahmedabad,Rural,Male,ST,4,Medium,70.9,2.4,High,Low,Yes,Illiterate,Yes,No,No,No,8,Primary,Yes,0,0,0,0,38,Low,NO,Social Factor,Community Engagement,Low Priority
STU_GUJ_002175,2021,SCH_018,Bharuch,Rural,Male,General,7,Low,50.7,17.7,Low,Medium,Yes,Illiterate,Yes,Yes,No,No,4,Secondary,No,1,0,1,1,28,Low,NO,Academic Disengagement,Counselling Support,Low Priority
STU_GUJ_007827,2024,SCH_105,Sabarkantha,Rural,Female,OBC,8,Medium,54.0,0.34,Low,High,Yes,Illiterate,Yes,No,No,No,5,Illiterate,No,1,0,0,1,32,Low,NO,Academic Disengagement,Counselling Support,Low Priority
STU_GUJ_003998,2020,SCH_076,Sabarkantha,Rural,Female,OBC,4,Low,43.8,10.69,High,Low,No,Primary,Yes,No,Yes,No,8,Primary,Yes,1,0,1,1,48,Medium,NO,Academic Disengagement,Counselling Support,Monitor
STU_GUJ_005077,2025,SCH_028,Navsari,Tribal,Female,OBC,5,Very Low,74.5,17.92,Medium,Medium,Yes,Graduate,No,Yes,No,No,3,Graduate,No,0,0,1,0,31,Low,NO,Travel Constraint,Provide Transport,Low Priority
STU_GUJ_000901,2021,SCH_055,Valsad,Tribal,Female,OBC,1,Medium,55.9,9.47,Medium,Medium,No,Illiterate,Yes,No,No,No,6,Graduate,No,1,0,1,1,27,Low,NO,Academic Disengagement,Counselling Support,Low Priority
STU_GUJ_008306,2021,SCH_081,Amreli,Urban,Male,General,3,Medium,60.7,11.91,High,Low,Yes,Primary,Yes,Yes,No,No,7,Illiterate,No,0,0,1,1,27,Low,NO,Academic Disengagement,Counselling Support,Low Priority
STU_GUJ_006875,2020,SCH_137,Surat,Rural,Female,General,8,Low,47.3,7.19,Low,Medium,Yes,Illiterate,No,Yes,No,No,7,Primary,No,0,0,1,1,45,Medium,NO,Academic Disengagement,Counselling Support,Monitor
STU_GUJ_010641,2019,SCH_085,Gandhinagar,Urban,Female,OBC,11,Medium,99.9,25.14,Low,Medium,Yes,Primary,No,Yes,No,No,4,Primary,No,0,1,1,0,44,Medium,NO,Travel Constraint,Provide Transport,Monitor
STU_GUJ_009189,2020,SCH_104,Bharuch,Urban,Female,General,10,Very Low,52.1,3.86,High,Medium,Yes,Illiterate,Yes,Yes,No,No,7,Secondary,No,1,1,0,1,32,Low,NO,Academic Disengagement,Counselling Support,Low Priority
STU_GUJ_009454,2019,SCH_149,Ahmedabad,Rural,Male,ST,9,Low,86.8,9.17,Medium,Low,No,Primary,No,No,No,No,4,Primary,Yes,1,1,1,0,31,Low,NO,Travel Constraint,Provide Transport,Low Priority
STU_GUJ_003471,2019,SCH_114,Ahmedabad,Rural,Male,General,1,Medium,60.9,7.92,Medium,Medium,Yes,Illiterate,No,Yes,No,No,7,Primary,Yes,0,0,1,1,21,Low,NO,Academic Disengagement,Counselling Support,Low Priority
STU_GUJ_004880,2020,SCH_079,Junagadh,Urban,Female,OBC,6,Low,71.7,17.46,Medium,Medium,No,Secondary,Yes,No,No,No,2,Primary,Yes,0,0,1,0,17,Low,NO,Travel Constraint,Provide Transport,Low Priority
STU_GUJ_001007,2022,SCH_094,Bharuch,Rural,Female,OBC,2,Low,49.3,11.52,High,High,No,Secondary,No,No,No,No,5,Illiterate,Yes,0,0,1,1,45,Medium,NO,Academic Disengagement,Counselling Support,Monitor
STU_GUJ_007055,2024,SCH_036,Dahod,Rural,Male,General,10,Low,82.7,14.67,Low,Low,No,Primary,No,No,No,No,7,Secondary,No,0,1,1,0,55,Medium,NO,Travel Constraint,Provide Transport,Monitor
STU_GUJ_005806,2023,SCH_002,Gandhinagar,Rural,Male,General,2,Low,40.2,17.19,Medium,Medium,Yes,Graduate,Yes,Yes,No,No,6,Secondary,Yes,0,0,1,1,33,Low,NO,Academic Disengagement,Counselling Support,Low Priority
STU_GUJ_004499,2025,SCH_068,Bharuch,Rural,Male,OBC,3,High,70.3,21.34,Medium,High,No,Secondary,No,No,No,No,3,Secondary,Yes,0,0,1,0,20,Low,NO,Travel Constraint,Provide Transport,Low Priority
STU_GUJ_003884,2020,SCH_018,Mehsana,Urban,Male,General,2,Low,73.1,15.92,High,Medium,No,Secondary,No,No,Yes,No,2,Illiterate,No,1,0,1,0,18,Low,NO,Travel Constraint,Provide Transport,Low Priority
STU_GUJ_000093,2022,SCH_128,Morbi,Rural,Male,General,1,Medium,98.3,8.72,Medium,Low,Yes,Illiterate,Yes,No,No,No,6,Secondary,Yes,0,0,1,0,22,Low,NO,Travel Constraint,Provide Transport,Low Priority
STU_GUJ_005524,2019,SCH_179,Amreli,Urban,Male,General,7,Medium,89.0,14.01,Medium,Low,Yes,Graduate,No,Yes,No,No,5,Primary,No,1,0,1,0,10,Low,NO,Travel Constraint,Provide Transport,Low Priority
STU_GUJ_010994,2023,SCH_077,Ahmedabad,Tribal,Male,OBC,8,Low,96.6,2.77,High,Medium,Yes,Graduate,No,Yes,No,No,2,Primary,No,1,0,0,0,12,Low,NO,Social Factor,Community Engagement,Low Priority
STU_GUJ_002158,2023,SCH_092,Rajkot,Tribal,Female,SC,2,Low,45.8,19.15,Low,Low,Yes,Primary,Yes,No,No,No,4,Illiterate,No,1,0,1,1,46,Medium,NO,Academic Disengagement,Counselling Support,Monitor
STU_GUJ_006233,2020,SCH_062,Mehsana,Urban,Female,General,11,Very Low,80.6,14.62,Low,Medium,Yes,Secondary,Yes,No,Yes,No,8,Illiterate,No,1,1,1,0,46,Medium,NO,Travel Constraint,Provide Transport,Monitor
STU_GUJ_008250,2023,SCH_132,Valsad,Tribal,Female,General,10,Low,61.8,25.23,Low,Low,Yes,Graduate,No,Yes,Yes,Yes,4,Illiterate,No,1,1,1,1,61,Medium,NO,Academic Disengagement,Counselling Support,Monitor
STU_GUJ_009435,2023,SCH_143,Navsari,Tribal,Male,General,10,High,59.7,0.91,High,Medium,No,Secondary,No,Yes,No,No,5,Primary,No,1,1,0,1,39,Low,NO,Academic Disengagement,Counselling Support,Low Priority
STU_GUJ_006076,2019,SCH_078,Dahod,Rural,Male,OBC,1,Very Low,99.4,24.05,Medium,Medium,Yes,Secondary,Yes,Yes,No,No,2,Illiterate,Yes,1,0,1,0,27,Low,NO,Travel Constraint,Provide Transport,Low Priority
STU_GUJ_001419,2023,SCH_064,Valsad,Rural,Male,OBC,12,Medium,83.7,10.82,Low,Low,Yes,Graduate,No,Yes,No,No,8,Illiterate,Yes,0,1,1,0,38,Low,NO,Travel Constraint,Provide Transport,Low Priority
STU_GUJ_003234,2020,SCH_133,Vadodara,Urban,Female,SC,1,Low,64.1,17.68,High,Medium,No,Illiterate,Yes,Yes,No,No,3,Graduate,No,0,0,1,1,30,Low,NO,Academic Disengagement,Counselling Support,Low Priority
STU_GUJ_010673,2023,SCH_007,Rajkot,Rural,Female,OBC,11,Medium,56.5,4.37,High,High,No,Secondary,Yes,No,No,No,6,Secondary,Yes,0,1,0,1,45,Medium,NO,Academic Disengagement,Counselling Support,Monitor
STU_GUJ_003007,2025,SCH_077,Bhavnagar,Rural,Female,SC,2,High,100.0,0.79,Low,Medium,Yes,Primary,Yes,No,No,No,3,Secondary,No,0,0,0,0,26,Low,NO,Social Factor,Community Engagement,Low Priority
STU_GUJ_007214,2022,SCH_013,Navsari,Urban,Male,ST,10,Very Low,54.7,5.7,Medium,High,No,Secondary,Yes,No,No,No,6,Secondary,No,1,1,1,1,34,Low,NO,Academic Disengagement,Counselling Support,Low Priority
STU_GUJ_001656,2022,SCH_138,Jamnagar,Urban,Female,SC,11,Medium,83.8,16.53,Low,Low,Yes,Primary,Yes,No,No,No,5,Illiterate,No,1,1,1,0,45,Medium,NO,Travel Constraint,Provide Transport,Monitor
STU_GUJ_007933,2020,SCH_134,Anand,Rural,Male,SC,12,Medium,57.5,13.51,High,Low,No,Illiterate,No,Yes,No,No,2,Primary,Yes,0,1,1,1,40,Low,NO,Academic Disengagement,Counselling Support,Low Priority
STU_GUJ_009613,2024,SCH_135,Bhavnagar,Rural,Male,OBC,2,High,78.7,9.07,Medium,Medium,Yes,Primary,Yes,Yes,No,No,3,Illiterate,No,0,0,1,0,16,Low,NO,Travel Constraint,Provide Transport,Low Priority
STU_GUJ_010537,2019,SCH_001,Gandhinagar,Urban,Male,OBC,4,Very Low,98.1,14.99,Low,Medium,No,Illiterate,Yes,Yes,No,Yes,6,Graduate,No,0,0,1,0,27,Low,NO,Travel Constraint,Provide Transport,Low Priority
STU_GUJ_006965,2022,SCH_107,Anand,Rural,Male,OBC,5,Medium,54.5,24.19,Medium,Low,No,Illiterate,Yes,Yes,Yes,No,3,Secondary,No,0,0,1,1,43,Medium,NO,Academic Disengagement,Counselling Support,Monitor
STU_GUJ_002929,2024,SCH_089,Surat,Urban,Male,General,10,Very Low,99.8,7.66,High,Medium,Yes,Illiterate,No,Yes,No,No,2,Secondary,No,0,1,1,0,28,Low,NO,Travel Constraint,Provide Transport,Low Priority
STU_GUJ_001502,2023,SCH_052,Rajkot,Rural,Female,OBC,6,High,99.4,24.78,Medium,Medium,No,Illiterate,Yes,Yes,Yes,No,8,Illiterate,No,1,0,1,0,35,Low,NO,Travel Constraint,Provide Transport,Low Priority
STU_GUJ_007304,2021,SCH_064,Dahod,Rural,Male,OBC,11,Very Low,70.7,20.16,Low,High,Yes,Illiterate,Yes,No,No,No,2,Secondary,Yes,0,1,1,0,42,Medium,NO,Travel Constraint,Provide Transport,Monitor
STU_GUJ_007841,2019,SCH_125,Patan,Urban,Male,OBC,9,Medium,97.7,21.16,High,High,Yes,Illiterate,No,No,No,No,8,Secondary,No,0,1,1,0,20,Low,NO,Travel Constraint,Provide Transport,Low Priority
STU_GUJ_007721,2022,SCH_158,Vadodara,Rural,Female,General,5,High,96.5,4.21,High,Low,Yes,Primary,Yes,No,No,No,2,Illiterate,No,0,0,0,0,31,Low,NO,Social Factor,Community Engagement,Low Priority
STU_GUJ_009648,2022,SCH_177,Valsad,Rural,Male,General,1,Medium,55.9,27.61,High,Medium,Yes,Primary,Yes,Yes,Yes,No,4,Primary,No,1,0,1,1,48,Medium,NO,Academic Disengagement,Counselling Support,Monitor
STU_GUJ_001428,2025,SCH_130,Anand,Rural,Female,General,2,Very Low,94.6,16.52,Low,High,No,Illiterate,Yes,No,No,No,3,Illiterate,No,1,0,1,0,23,Low,NO,Travel Constraint,Provide Transport,Low Priority
STU_GUJ_006597,2022,SCH_125,Morbi,Tribal,Male,General,6,Low,94.1,5.26,High,Medium,Yes,Primary,Yes,Yes,No,No,3,Graduate,No,0,0,1,0,12,Low,NO,Travel Constraint,Provide Transport,Low Priority
STU_GUJ_007741,2022,SCH_175,Morbi,Tribal,Male,ST,7,Low,78.5,2.64,Medium,Low,No,Primary,Yes,No,No,No,6,Illiterate,No,0,0,0,0,32,Low,NO,Social Factor,Community Engagement,Low Priority
STU_GUJ_008511,2021,SCH_102,Navsari,Rural,Female,ST,7,Low,44.7,4.32,Medium,Low,Yes,Graduate,Yes,Yes,No,Yes,8,Graduate,No,0,0,0,1,42,Medium,NO,Academic Disengagement,Counselling Support,Monitor
STU_GUJ_007585,2019,SCH_119,Rajkot,Urban,Male,General,2,Medium,77.9,2.41,Low,High,Yes,Secondary,No,Yes,No,No,3,Primary,Yes,0,0,0,0,19,Low,NO,Social Factor,Community Engagement,Low Priority
STU_GUJ_002778,2023,SCH_164,Navsari,Urban,Female,OBC,3,Low,96.3,27.95,Low,Medium,Yes,Primary,Yes,No,No,Yes,6,Secondary,No,1,0,1,0,20,Low,NO,Travel Constraint,Provide Transport,Low Priority
STU_GUJ_010842,2024,SCH_062,Surat,Rural,Male,OBC,9,Very Low,72.5,11.73,Medium,Medium,Yes,Secondary,Yes,No,No,No,6,Secondary,Yes,0,1,1,0,28,Low,NO,Travel Constraint,Provide Transport,Low Priority
STU_GUJ_009309,2025,SCH_026,Bhavnagar,Tribal,Male,General,7,Medium,66.3,19.32,Low,Medium,Yes,Primary,No,Yes,No,Yes,5,Secondary,No,0,0,1,1,41,Medium,NO,Academic Disengagement,Counselling Support,Monitor
STU_GUJ_010069,2020,SCH_060,Mehsana,Urban,Male,OBC,10,Very Low,64.0,19.49,Medium,Medium,Yes,Graduate,Yes,Yes,No,No,7,Primary,Yes,0,1,1,1,42,Medium,NO,Academic Disengagement,Counselling Support,Monitor
STU_GUJ_007511,2019,SCH_065,Patan,Rural,Female,OBC,1,Medium,52.8,8.72,Medium,High,Yes,Illiterate,Yes,Yes,Yes,No,5,Secondary,Yes,0,0,1,1,40,Low,NO,Academic Disengagement,Counselling Support,Low Priority
STU_GUJ_000409,2022,SCH_106,Jamnagar,Urban,Male,SC,2,Low,81.9,16.12,Medium,Low,Yes,Secondary,Yes,Yes,No,No,7,Graduate,Yes,0,0,1,0,8,Low,NO,Travel Constraint,Provide Transport,Low Priority
STU_GUJ_001471,2023,SCH_180,Ahmedabad,Rural,Male,General,11,High,49.0,4.54,Low,High,Yes,Illiterate,Yes,Yes,No,No,7,Primary,No,0,1,0,1,46,Medium,NO,Academic Disengagement,Counselling Support,Monitor
STU_GUJ_007348,2022,SCH_095,Surat,Tribal,Male,SC,5,Medium,46.2,7.9,Low,Low,No,Illiterate,No,No,No,No,2,Graduate,No,1,0,1,1,46,Medium,NO,Academic Disengagement,Counselling Support,Monitor
STU_GUJ_010032,2024,SCH_014,Kutch,Rural,Male,OBC,12,Very Low,95.5,8.91,High,Medium,No,Primary,No,No,No,No,7,Secondary,Yes,0,1,1,0,39,Low,NO,Travel Constraint,Provide Transport,Low Priority
STU_GUJ_010810,2021,SCH_099,Amreli,Rural,Female,SC,3,Very Low,49.5,9.01,Medium,Medium,Yes,Secondary,No,Yes,No,No,2,Secondary,Yes,0,0,1,1,37,Low,NO,Academic Disengagement,Counselling Support,Low Priority
STU_GUJ_001741,2022,SCH_015,Morbi,Rural,Female,General,6,High,65.6,13.82,Medium,High,No,Illiterate,No,No,No,No,5,Graduate,Yes,0,0,1,1,42,Medium,NO,Academic Disengagement,Counselling Support,Monitor
STU_GUJ_005122,2021,SCH_120,Surat,Urban,Female,OBC,5,Low,67.4,2.55,Medium,Low,No,Primary,Yes,No,No,No,7,Primary,No,0,0,0,1,31,Low,NO,Academic Disengagement,Counselling Support,Low Priority
STU_GUJ_004084,2025,SCH_178,Sabarkantha,Tribal,Female,General,9,Medium,86.0,19.03,High,Low,Yes,Primary,Yes,Yes,No,No,2,Illiterate,Yes,1,1,1,0,54,Medium,NO,Travel Constraint,Provide Transport,Monitor
STU_GUJ_006735,2021,SCH_015,Ahmedabad,Tribal,Female,ST,4,Very Low,81.9,5.05,Medium,High,Yes,Illiterate,Yes,No,No,No,4,Illiterate,No,0,0,1,0,31,Low,NO,Travel Constraint,Provide Transport,Low Priority
STU_GUJ_007554,2025,SCH_133,Patan,Rural,Male,General,4,High,94.1,16.82,Low,Low,Yes,Secondary,No,Yes,No,No,4,Illiterate,Yes,0,0,1,0,30,Low,NO,Travel Constraint,Provide Transport,Low Priority
STU_GUJ_008249,2023,SCH_101,Amreli,Rural,Female,General,7,Low,52.6,0.11,High,Medium,Yes,Primary,No,No,No,No,3,Secondary,Yes,0,0,0,1,28,Low,NO,Academic Disengagement,Counselling Support,Low Priority
STU_GUJ_006621,2020,SCH_157,Amreli,Tribal,Male,General,5,Medium,92.0,22.46,Low,Medium,No,Illiterate,Yes,No,No,No,2,Primary,Yes,0,0,1,0,19,Low,NO,Travel Constraint,Provide Transport,Low Priority
STU_GUJ_003036,2019,SCH_076,Kutch,Urban,Female,SC,3,Very Low,50.7,3.81,Medium,Low,Yes,Graduate,Yes,Yes,No,Yes,4,Primary,Yes,0,0,0,1,26,Low,NO,Academic Disengagement,Counselling Support,Low Priority
STU_GUJ_010816,2022,SCH_025,Vadodara,Rural,Female,SC,7,Very Low,68.3,2.2,Low,Medium,Yes,Primary,Yes,Yes,No,Yes,3,Primary,No,1,0,0,1,46,Medium,NO,Academic Disengagement,Counselling Support,Monitor
STU_GUJ_003974,2020,SCH_166,Morbi,Urban,Female,OBC,8,Low,81.0,27.59,Low,Low,Yes,Primary,Yes,Yes,No,No,3,Secondary,Yes,0,0,1,0,22,Low,NO,Travel Constraint,Provide Transport,Low Priority
STU_GUJ_001603,2024,SCH_049,Bhavnagar,Urban,Male,SC,6,Low,92.1,8.13,High,Medium,No,Primary,Yes,No,No,No,2,Primary,No,0,0,1,0,12,Low,NO,Travel Constraint,Provide Transport,Low Priority
STU_GUJ_010117,2020,SCH_136,Bharuch,Rural,Female,ST,2,Medium,54.3,16.84,Low,High,Yes,Primary,No,Yes,Yes,No,8,Illiterate,No,1,0,1,1,52,Medium,NO,Academic Disengagement,Counselling Support,Monitor
STU_GUJ_003693,2022,SCH_126,Anand,Rural,Male,General,10,Low,43.1,23.04,Low,High,No,Illiterate,No,No,Yes,Yes,8,Secondary,No,1,1,1,1,61,Medium,NO,Academic Disengagement,Counselling Support,Monitor
STU_GUJ_007497,2023,SCH_056,Morbi,Tribal,Male,General,8,Very Low,62.6,9.77,High,High,Yes,Secondary,Yes,No,No,No,6,Illiterate,Yes,0,0,1,1,43,Medium,NO,Academic Disengagement,Counselling Support,Monitor
STU_GUJ_002465,2019,SCH_145,Junagadh,Urban,Female,General,9,Medium,83.8,27.67,High,Medium,Yes,Secondary,Yes,Yes,No,No,3,Secondary,No,0,1,1,0,28,Low,NO,Travel Constraint,Provide Transport,Low Priority
STU_GUJ_011437,2023,SCH_004,Vadodara,Urban,Male,OBC,9,Low,64.8,23.21,Medium,Low,No,Illiterate,Yes,No,Yes,No,3,Graduate,Yes,0,1,1,1,37,Low,NO,Academic Disengagement,Counselling Support,Low Priority
STU_GUJ_002418,2023,SCH_052,Vadodara,Tribal,Female,General,9,Very Low,43.2,21.14,Medium,Low,Yes,Primary,Yes,Yes,No,Yes,2,Secondary,No,1,1,1,1,45,Medium,NO,Academic Disengagement,Counselling Support,Monitor
STU_GUJ_004216,2023,SCH_164,Amreli,Urban,Male,General,3,High,63.2,24.42,Low,Medium,Yes,Primary,Yes,Yes,No,No,6,Secondary,Yes,0,0,1,1,30,Low,NO,Academic Disengagement,Counselling Support,Low Priority
STU_GUJ_003414,2020,SCH_124,Dahod,Tribal,Female,OBC,1,Low,94.8,19.62,High,Low,Yes,Graduate,Yes,Yes,No,No,6,Primary,Yes,0,0,1,0,25,Low,NO,Travel Constraint,Provide Transport,Low Priority
STU_GUJ_009385,2020,SCH_111,Anand,Rural,Male,SC,2,Medium,70.6,26.93,High,High,Yes,Illiterate,No,No,Yes,No,4,Primary,No,0,0,1,0,41,Medium,NO,Travel Constraint,Provide Transport,Monitor
STU_GUJ_011061,2021,SCH_028,Bharuch,Rural,Male,OBC,2,Low,78.3,11.47,High,Medium,Yes,Primary,No,Yes,No,No,6,Secondary,No,0,0,1,0,16,Low,NO,Travel Constraint,Provide Transport,Low Priority
STU_GUJ_008549,2025,SCH_072,Patan,Rural,Male,SC,7,Low,56.9,16.73,High,Medium,No,Primary,No,No,No,No,8,Secondary,Yes,0,0,1,1,25,Low,NO,Academic Disengagement,Counselling Support,Low Priority
STU_GUJ_008338,2024,SCH_088,Valsad,Rural,Male,OBC,11,Medium,90.4,23.03,High,Medium,Yes,Secondary,Yes,No,No,No,8,Illiterate,No,1,1,1,0,22,Low,NO,Travel Constraint,Provide Transport,Low Priority
STU_GUJ_006572,2025,SCH_102,Sabarkantha,Urban,Male,SC,2,Low,58.2,24.02,Medium,Medium,No,Illiterate,No,Yes,No,No,6,Illiterate,Yes,0,0,1,1,27,Low,NO,Academic Disengagement,Counselling Support,Low Priority
STU_GUJ_003380,2022,SCH_153,Gandhinagar,Rural,Female,OBC,8,Low,59.8,6.91,High,Medium,Yes,Illiterate,Yes,Yes,Yes,No,4,Secondary,No,0,0,1,1,32,Low,NO,Academic Disengagement,Counselling Support,Low Priority
STU_GUJ_005772,2019,SCH_142,Rajkot,Rural,Male,SC,11,Medium,77.2,27.47,High,Medium,No,Primary,No,No,No,No,2,Graduate,Yes,1,1,1,0,33,Low,NO,Travel Constraint,Provide Transport,Low Priority
STU_GUJ_009907,2021,SCH_081,Surat,Rural,Female,SC,3,High,98.0,11.18,High,Medium,No,Graduate,Yes,Yes,No,No,2,Primary,Yes,0,0,1,0,28,Low,NO,Travel Constraint,Provide Transport,Low Priority
STU_GUJ_003955,2019,SCH_160,Patan,Rural,Female,OBC,6,Medium,81.5,24.58,Medium,Low,No,Secondary,Yes,No,No,No,7,Illiterate,Yes,0,0,1,0,28,Low,NO,Travel Constraint,Provide Transport,Low Priority
STU_GUJ_002752,2022,SCH_006,Valsad,Urban,Male,General,3,Very Low,62.6,18.31,High,High,Yes,Illiterate,Yes,No,No,No,7,Primary,No,0,0,1,1,28,Low,NO,Academic Disengagement,Counselling Support,Low Priority
STU_GUJ_001433,2023,SCH_146,Amreli,Rural,Female,OBC,6,Medium,67.2,8.2,Medium,High,Yes,Primary,Yes,No,No,No,4,Secondary,Yes,0,0,1,1,28,Low,NO,Academic Disengagement,Counselling Support,Low Priority
STU_GUJ_003106,2022,SCH_054,Mehsana,Rural,Female,General,10,Low,71.9,4.6,Medium,Medium,No,Graduate,Yes,No,No,No,7,Primary,No,0,1,0,0,22,Low,NO,Social Factor,Community Engagement,Low Priority
STU_GUJ_007468,2020,SCH_054,Rajkot,Tribal,Female,SC,1,Low,95.6,8.73,Low,Medium,Yes,Secondary,No,Yes,Yes,No,6,Primary,No,1,0,1,0,31,Low,NO,Travel Constraint,Provide Transport,Low Priority
STU_GUJ_010783,2023,SCH_030,Mehsana,Urban,Female,SC,6,Very Low,62.5,6.72,Medium,High,Yes,Primary,No,Yes,No,No,7,Primary,Yes,0,0,1,1,28,Low,NO,Academic Disengagement,Counselling Support,Low Priority
STU_GUJ_001069,2019,SCH_005,Kutch,Rural,Female,OBC,2,High,51.1,16.39,Medium,High,No,Illiterate,Yes,No,No,No,5,Secondary,Yes,1,0,1,1,31,Low,NO,Academic Disengagement,Counselling Support,Low Priority
STU_GUJ_004318,2021,SCH_080,Gandhinagar,Rural,Female,OBC,1,Medium,75.4,3.77,High,High,Yes,Primary,Yes,Yes,No,No,5,Illiterate,No,0,0,0,0,18,Low,NO,Social Factor,Community Engagement,Low Priority
STU_GUJ_003956,2023,SCH_163,Surat,Rural,Male,ST,12,Low,42.8,25.18,Low,Low,No,Secondary,Yes,Yes,Yes,No,8,Illiterate,No,1,1,1,1,61,Medium,NO,Academic Disengagement,Counselling Support,Monitor
STU_GUJ_001845,2024,SCH_123,Patan,Tribal,Male,General,11,High,83.6,16.09,High,Low,No,Graduate,Yes,Yes,Yes,No,7,Secondary,No,0,1,1,0,51,Medium,NO,Travel Constraint,Provide Transport,Monitor
STU_GUJ_011596,2022,SCH_107,Gandhinagar,Tribal,Female,General,2,Low,71.9,6.78,Low,Low,Yes,Secondary,No,No,No,No,5,Illiterate,No,0,0,1,0,39,Low,NO,Travel Constraint,Provide Transport,Low Priority
STU_GUJ_005026,2021,SCH_099,Navsari,Urban,Male,OBC,4,Low,83.5,13.92,Low,Medium,Yes,Illiterate,Yes,Yes,No,No,4,Primary,No,0,0,1,0,13,Low,NO,Travel Constraint,Provide Transport,Low Priority
STU_GUJ_009001,2023,SCH_025,Anand,Urban,Male,OBC,10,Very Low,64.7,5.91,Medium,Medium,No,Graduate,No,Yes,No,No,5,Primary,No,0,1,1,1,45,Medium,NO,Academic Disengagement,Counselling Support,Monitor
STU_GUJ_005504,2020,SCH_106,Morbi,Rural,Female,General,8,Low,94.1,23.3,Medium,Medium,Yes,Illiterate,No,No,No,No,2,Secondary,No,1,0,1,0,22,Low,NO,Travel Constraint,Provide Transport,Low Priority
STU_GUJ_007253,2024,SCH_096,Kutch,Rural,Female,General,4,Very Low,57.2,8.44,Medium,Medium,Yes,Primary,Yes,No,No,No,2,Primary,Yes,0,0,1,1,28,Low,NO,Academic Disengagement,Counselling Support,Low Priority
STU_GUJ_000331,2020,SCH_014,Surat,Rural,Male,General,3,Low,89.0,5.46,High,Low,No,Illiterate,Yes,Yes,No,No,6,Illiterate,No,1,0,1,0,23,Low,NO,Travel Constraint,Provide Transport,Low Priority
STU_GUJ_003083,2024,SCH_180,Morbi,Urban,Female,OBC,9,Medium,49.3,13.16,Low,Medium,Yes,Graduate,Yes,No,No,No,3,Primary,Yes,0,1,1,1,47,Medium,NO,Academic Disengagement,Counselling Support,Monitor
STU_GUJ_005509,2022,SCH_034,Banaskantha,Rural,Female,ST,6,Medium,40.4,13.97,High,Medium,Yes,Secondary,Yes,Yes,No,No,3,Secondary,Yes,1,0,1,1,35,Low,NO,Academic Disengagement,Counselling Support,Low Priority
STU_GUJ_002676,2021,SCH_067,Dahod,Rural,Female,ST,10,Low,86.4,3.64,High,High,No,Primary,Yes,Yes,No,No,6,Illiterate,No,1,1,0,0,33,Low,NO,Social Factor,Community Engagement,Low Priority
STU_GUJ_002911,2019,SCH_140,Bharuch,Tribal,Male,OBC,1,Low,87.1,0.48,Medium,High,No,Secondary,Yes,No,No,No,4,Illiterate,No,0,0,0,0,23,Low,NO,Social Factor,Community Engagement,Low Priority
STU_GUJ_008496,2025,SCH_135,Bharuch,Tribal,Female,ST,7,Low,91.0,26.24,Medium,Medium,No,Secondary,Yes,No,No,No,4,Illiterate,No,0,0,1,0,39,Low,NO,Travel Constraint,Provide Transport,Low Priority
STU_GUJ_003117,2022,SCH_168,Gandhinagar,Tribal,Female,OBC,11,High,68.2,2.05,Low,High,Yes,Graduate,No,Yes,Yes,No,4,Secondary,No,1,1,0,1,51,Medium,NO,Academic Disengagement,Counselling Support,Monitor
STU_GUJ_007024,2025,SCH_145,Patan,Tribal,Male,SC,11,Very Low,98.8,22.6,Low,Medium,Yes,Primary,Yes,No,No,Yes,4,Illiterate,Yes,0,1,1,0,36,Low,NO,Travel Constraint,Provide Transport,Low Priority
STU_GUJ_006833,2020,SCH_124,Valsad,Urban,Male,OBC,7,Medium,86.2,12.12,Low,Low,Yes,Illiterate,No,No,No,No,4,Illiterate,Yes,0,0,1,0,34,Low,NO,Travel Constraint,Provide Transport,Low Priority
STU_GUJ_011678,2022,SCH_086,Rajkot,Urban,Male,OBC,11,Very Low,42.7,2.3,Medium,Medium,Yes,Secondary,Yes,Yes,No,No,4,Primary,No,0,1,0,1,38,Low,NO,Academic Disengagement,Counselling Support,Low Priority
STU_GUJ_010038,2020,SCH_038,Vadodara,Urban,Female,SC,11,Low,80.7,20.6,High,Medium,Yes,Illiterate,Yes,No,No,No,5,Graduate,No,0,1,1,0,22,Low,NO,Travel Constraint,Provide Transport,Low Priority
STU_GUJ_006272,2023,SCH_122,Gandhinagar,Tribal,Male,OBC,11,Medium,94.0,21.05,Medium,Medium,No,Primary,No,No,Yes,No,2,Primary,No,1,1,1,0,35,Low,NO,Travel Constraint,Provide Transport,Low Priority
STU_GUJ_009925,2019,SCH_058,Banaskantha,Tribal,Female,OBC,2,Very Low,70.8,26.33,Medium,Medium,Yes,Primary,No,No,No,No,3,Secondary,Yes,0,0,1,0,39,Low,NO,Travel Constraint,Provide Transport,Low Priority
STU_GUJ_001670,2019,SCH_061,Navsari,Rural,Male,OBC,2,Very Low,50.7,22.02,High,Medium,No,Illiterate,No,No,No,No,3,Illiterate,No,0,0,1,1,32,Low,NO,Academic Disengagement,Counselling Support,Low Priority
STU_GUJ_010468,2021,SCH_031,Jamnagar,Urban,Male,OBC,5,Low,62.1,9.56,High,Low,No,Illiterate,Yes,No,No,No,5,Secondary,No,1,0,1,1,30,Low,NO,Academic Disengagement,Counselling Support,Low Priority
STU_GUJ_008139,2024,SCH_179,Banaskantha,Rural,Female,ST,7,High,76.5,23.06,High,Medium,No,Graduate,Yes,No,No,No,6,Illiterate,Yes,0,0,1,0,41,Medium,NO,Travel Constraint,Provide Transport,Monitor
STU_GUJ_010128,2023,SCH_068,Surat,Rural,Female,General,12,Very Low,93.6,21.84,Medium,Medium,Yes,Secondary,Yes,Yes,Yes,No,4,Secondary,No,0,1,1,0,43,Medium,NO,Travel Constraint,Provide Transport,Monitor
STU_GUJ_000042,2024,SCH_026,Sabarkantha,Rural,Male,OBC,10,Medium,44.4,15.1,High,Medium,Yes,Secondary,No,No,No,No,7,Primary,Yes,1,1,1,1,45,Medium,NO,Academic Disengagement,Counselling Support,Monitor
STU_GUJ_003205,2019,SCH_012,Gandhinagar,Urban,Male,OBC,3,Low,44.2,24.86,Medium,Low,Yes,Illiterate,Yes,No,No,No,4,Secondary,No,0,0,1,1,47,Medium,NO,Academic Disengagement,Counselling Support,Monitor
STU_GUJ_010987,2024,SCH_072,Patan,Rural,Male,OBC,12,Low,86.5,1.75,High,Medium,Yes,Graduate,No,No,Yes,No,8,Secondary,No,1,1,0,0,28,Low,NO,Social Factor,Community Engagement,Low Priority
STU_GUJ_005071,2022,SCH_109,Surat,Rural,Male,OBC,11,Medium,49.7,23.27,High,High,Yes,Graduate,Yes,Yes,No,No,5,Secondary,No,0,1,1,1,42,Medium,NO,Academic Disengagement,Counselling Support,Monitor
STU_GUJ_000319,2025,SCH_178,Ahmedabad,Tribal,Male,SC,7,Low,84.0,16.12,Medium,High,Yes,Primary,Yes,No,No,No,7,Primary,No,0,0,1,0,16,Low,NO,Travel Constraint,Provide Transport,Low Priority
STU_GUJ_002253,2020,SCH_092,Banaskantha,Rural,Male,OBC,5,Low,43.3,9.64,Low,Medium,Yes,Secondary,Yes,No,Yes,No,4,Illiterate,No,0,0,1,1,50,Medium,NO,Academic Disengagement,Counselling Support,Monitor
STU_GUJ_007285,2025,SCH_072,Kutch,Tribal,Female,OBC,1,Very Low,67.1,2.88,Medium,Medium,No,Secondary,No,No,Yes,No,5,Secondary,No,0,0,0,1,46,Medium,NO,Academic Disengagement,Counselling Support,Monitor
STU_GUJ_006862,2024,SCH_172,Rajkot,Rural,Male,ST,6,Medium,59.7,4.95,Medium,Medium,No,Graduate,Yes,Yes,No,Yes,5,Primary,No,0,0,0,1,34,Low,NO,Academic Disengagement,Counselling Support,Low Priority
STU_GUJ_011829,2022,SCH_009,Kutch,Rural,Male,ST,3,Low,98.0,4.34,Medium,High,No,Primary,Yes,Yes,No,No,3,Graduate,No,0,0,0,0,37,Low,NO,Social Factor,Community Engagement,Low Priority
STU_GUJ_010072,2022,SCH_161,Banaskantha,Urban,Male,SC,10,Medium,40.4,16.12,High,Medium,Yes,Primary,Yes,Yes,No,No,4,Secondary,No,0,1,1,1,39,Low,NO,Academic Disengagement,Counselling Support,Low Priority
STU_GUJ_002475,2022,SCH_072,Anand,Rural,Female,SC,9,Medium,45.3,23.67,High,Medium,Yes,Secondary,Yes,No,No,No,7,Primary,No,0,1,1,1,36,Low,NO,Academic Disengagement,Counselling Support,Low Priority
STU_GUJ_006146,2023,SCH_144,Kutch,Rural,Female,OBC,10,Very Low,62.1,9.94,Medium,High,No,Illiterate,No,No,No,No,3,Illiterate,Yes,1,1,1,1,54,Medium,NO,Academic Disengagement,Counselling Support,Monitor
STU_GUJ_006108,2024,SCH_031,Valsad,Rural,Male,ST,11,Low,60.6,13.67,High,Medium,Yes,Secondary,Yes,Yes,No,No,6,Illiterate,No,0,1,1,1,37,Low,NO,Academic Disengagement,Counselling Support,Low Priority
STU_GUJ_007310,2024,SCH_118,Jamnagar,Urban,Male,General,1,Low,57.5,2.41,High,Low,Yes,Primary,No,Yes,No,No,7,Illiterate,No,0,0,0,1,27,Low,NO,Academic Disengagement,Counselling Support,Low Priority
STU_GUJ_008359,2023,SCH_069,Amreli,Urban,Female,OBC,7,Low,92.9,15.3,Medium,Low,No,Secondary,Yes,No,No,No,4,Primary,Yes,1,0,1,0,25,Low,NO,Travel Constraint,Provide Transport,Low Priority
STU_GUJ_006537,2025,SCH_039,Kutch,Rural,Male,OBC,7,Low,66.2,12.0,Low,Medium,No,Illiterate,Yes,No,No,Yes,8,Secondary,Yes,1,0,1,1,37,Low,NO,Academic Disengagement,Counselling Support,Low Priority
STU_GUJ_000086,2020,SCH_162,Banaskantha,Urban,Male,OBC,6,Very Low,53.4,15.13,High,Medium,No,Illiterate,No,No,No,No,2,Secondary,No,0,0,1,1,32,Low,NO,Academic Disengagement,Counselling Support,Low Priority
STU_GUJ_006441,2019,SCH_058,Surat,Rural,Male,OBC,4,Medium,99.1,22.43,Medium,Low,Yes,Secondary,Yes,No,No,No,5,Secondary,No,0,0,1,0,19,Low,NO,Travel Constraint,Provide Transport,Low Priority
STU_GUJ_001211,2022,SCH_036,Bharuch,Tribal,Female,OBC,11,Medium,53.8,26.86,Medium,Medium,No,Primary,Yes,Yes,No,No,8,Illiterate,Yes,1,1,1,1,44,Medium,NO,Academic Disengagement,Counselling Support,Monitor
STU_GUJ_001036,2021,SCH_086,Mehsana,Rural,Male,OBC,6,Medium,42.3,20.21,Low,High,No,Secondary,Yes,No,No,No,5,Secondary,No,0,0,1,1,52,Medium,NO,Academic Disengagement,Counselling Support,Monitor
STU_GUJ_005822,2022,SCH_011,Jamnagar,Tribal,Male,OBC,12,High,55.0,13.63,Medium,Medium,Yes,Secondary,Yes,Yes,No,No,5,Illiterate,Yes,0,1,1,1,47,Medium,NO,Academic Disengagement,Counselling Support,Monitor
STU_GUJ_005025,2021,SCH_047,Bhavnagar,Rural,Male,ST,12,Very Low,83.7,4.81,High,Low,No,Primary,No,No,Yes,No,6,Graduate,No,1,1,0,0,65,Medium,NO,Economic Pressure,Provide Scholarship,Monitor
STU_GUJ_002808,2021,SCH_049,Kutch,Rural,Female,SC,8,Low,69.5,24.52,Medium,Medium,No,Secondary,No,Yes,No,No,8,Primary,Yes,0,0,1,1,39,Low,NO,Academic Disengagement,Counselling Support,Low Priority
STU_GUJ_011082,2019,SCH_167,Amreli,Rural,Male,OBC,3,Medium,71.8,11.26,High,Medium,No,Primary,No,Yes,No,No,3,Illiterate,Yes,0,0,1,0,18,Low,NO,Travel Constraint,Provide Transport,Low Priority
STU_GUJ_003413,2024,SCH_060,Morbi,Rural,Male,OBC,11,Low,55.5,1.88,Low,Medium,No,Secondary,Yes,Yes,No,No,2,Primary,Yes,0,1,0,1,48,Medium,NO,Academic Disengagement,Counselling Support,Monitor
STU_GUJ_007712,2020,SCH_051,Junagadh,Tribal,Female,General,9,Low,87.3,26.61,High,Low,No,Illiterate,No,Yes,No,No,3,Primary,Yes,0,1,1,0,61,Medium,NO,Travel Constraint,Provide Transport,Monitor
STU_GUJ_010019,2019,SCH_139,Rajkot,Rural,Female,OBC,5,Low,42.8,8.0,Medium,Low,No,Illiterate,No,Yes,Yes,No,7,Graduate,No,0,0,1,1,45,Medium,NO,Academic Disengagement,Counselling Support,Monitor
STU_GUJ_003959,2021,SCH_176,Anand,Rural,Male,SC,10,Low,43.1,11.58,Low,Low,Yes,Illiterate,No,Yes,No,No,7,Illiterate,No,0,1,1,1,52,Medium,NO,Academic Disengagement,Counselling Support,Monitor
STU_GUJ_008574,2025,SCH_021,Valsad,Urban,Male,SC,5,Medium,91.0,14.4,Medium,Medium,Yes,Illiterate,Yes,Yes,No,Yes,4,Primary,Yes,0,0,1,0,13,Low,NO,Travel Constraint,Provide Transport,Low Priority
STU_GUJ_003066,2025,SCH_094,Sabarkantha,Rural,Female,OBC,7,Very Low,76.4,4.52,Low,Medium,Yes,Illiterate,Yes,Yes,No,Yes,8,Graduate,Yes,1,0,0,0,31,Low,NO,Economic Pressure,Provide Scholarship,Low Priority
STU_GUJ_011537,2019,SCH_097,Vadodara,Rural,Male,SC,2,Medium,69.6,12.28,Medium,Medium,No,Primary,Yes,No,No,Yes,5,Primary,Yes,1,0,1,1,36,Low,NO,Academic Disengagement,Counselling Support,Low Priority
STU_GUJ_005345,2024,SCH_054,Mehsana,Tribal,Female,OBC,11,Very Low,70.0,26.38,High,High,Yes,Graduate,Yes,Yes,No,No,6,Secondary,Yes,1,1,1,0,51,Medium,NO,Travel Constraint,Provide Transport,Monitor
STU_GUJ_011806,2020,SCH_073,Morbi,Urban,Male,General,9,Low,81.6,14.7,Low,Low,No,Illiterate,Yes,Yes,No,No,4,Secondary,No,0,1,1,0,37,Low,NO,Travel Constraint,Provide Transport,Low Priority
STU_GUJ_010037,2019,SCH_066,Ahmedabad,Urban,Female,ST,3,Low,59.7,26.34,High,Medium,No,Graduate,No,Yes,No,No,2,Secondary,Yes,0,0,1,1,27,Low,NO,Academic Disengagement,Counselling Support,Low Priority
STU_GUJ_009053,2025,SCH_053,Jamnagar,Rural,Male,OBC,1,Low,44.1,24.81,Low,Low,No,Primary,No,No,No,Yes,4,Primary,Yes,0,0,1,1,47,Medium,NO,Academic Disengagement,Counselling Support,Monitor
STU_GUJ_004623,2019,SCH_049,Rajkot,Rural,Male,OBC,1,Very Low,53.2,6.23,High,High,No,Graduate,Yes,Yes,No,Yes,3,Illiterate,Yes,0,0,1,1,40,Low,NO,Academic Disengagement,Counselling Support,Low Priority
STU_GUJ_004056,2023,SCH_179,Surat,Urban,Male,SC,12,High,42.3,1.69,Low,Low,No,Primary,Yes,Yes,Yes,No,5,Secondary,Yes,1,1,0,1,53,Medium,NO,Academic Disengagement,Counselling Support,Monitor
STU_GUJ_001167,2022,SCH_069,Patan,Tribal,Female,OBC,10,Very Low,94.7,12.7,High,Medium,No,Graduate,No,No,No,No,4,Primary,No,0,1,1,0,36,Low,NO,Travel Constraint,Provide Transport,Low Priority
STU_GUJ_011431,2019,SCH_100,Junagadh,Rural,Female,General,2,Low,85.2,0.49,High,Low,Yes,Illiterate,Yes,No,Yes,No,7,Secondary,No,0,0,0,0,31,Low,NO,Social Factor,Community Engagement,Low Priority
STU_GUJ_000959,2020,SCH_020,Bharuch,Tribal,Male,General,9,Low,82.7,19.47,Medium,Medium,No,Primary,No,No,Yes,No,4,Primary,No,1,1,1,0,43,Medium,NO,Travel Constraint,Provide Transport,Monitor
STU_GUJ_010360,2025,SCH_063,Valsad,Tribal,Male,OBC,1,Medium,43.4,8.53,High,Low,Yes,Graduate,No,Yes,No,No,4,Primary,Yes,1,0,1,1,37,Low,NO,Academic Disengagement,Counselling Support,Low Priority
STU_GUJ_002865,2025,SCH_047,Sabarkantha,Rural,Male,General,10,Low,42.4,18.51,Low,Low,Yes,Graduate,Yes,No,No,No,2,Primary,No,0,1,1,1,39,Low,NO,Academic Disengagement,Counselling Support,Low Priority
STU_GUJ_000466,2023,SCH_015,Anand,Urban,Female,General,6,Medium,78.2,10.78,Medium,Low,Yes,Secondary,Yes,Yes,No,No,7,Primary,Yes,0,0,1,0,15,Low,NO,Travel Constraint,Provide Transport,Low Priority
STU_GUJ_009456,2020,SCH_155,Junagadh,Urban,Male,ST,2,Medium,58.7,12.08,High,Medium,No,Illiterate,Yes,Yes,No,No,4,Illiterate,Yes,1,0,1,1,28,Low,NO,Academic Disengagement,Counselling Support,Low Priority
STU_GUJ_005383,2024,SCH_016,Ahmedabad,Rural,Male,OBC,1,Very Low,59.7,20.09,Medium,Medium,Yes,Illiterate,Yes,Yes,No,No,6,Secondary,No,0,0,1,1,35,Low,NO,Academic Disengagement,Counselling Support,Low Priority
STU_GUJ_007646,2023,SCH_089,Vadodara,Urban,Female,ST,1,Low,48.3,12.26,Medium,Medium,No,Primary,No,Yes,No,No,7,Primary,Yes,0,0,1,1,32,Low,NO,Academic Disengagement,Counselling Support,Low Priority
STU_GUJ_008433,2022,SCH_097,Patan,Rural,Female,SC,5,High,85.9,9.58,Medium,High,No,Graduate,Yes,Yes,No,No,3,Primary,No,0,0,1,0,33,Low,NO,Travel Constraint,Provide Transport,Low Priority
STU_GUJ_000869,2019,SCH_132,Banaskantha,Tribal,Female,OBC,1,Very Low,83.2,3.34,High,Medium,No,Illiterate,Yes,No,No,No,6,Primary,No,0,0,0,0,28,Low,NO,Economic Pressure,Provide Scholarship,Low Priority
STU_GUJ_006819,2024,SCH_029,Patan,Urban,Male,OBC,12,Medium,59.9,14.69,Medium,Medium,Yes,Illiterate,Yes,Yes,No,No,8,Secondary,No,0,1,1,1,22,Low,NO,Academic Disengagement,Counselling Support,Low Priority
STU_GUJ_011943,2025,SCH_069,Bhavnagar,Urban,Female,SC,3,Low,92.7,4.1,Low,Low,No,Graduate,Yes,No,No,No,7,Illiterate,No,0,0,0,0,28,Low,NO,Social Factor,Community Engagement,Low Priority
STU_GUJ_010975,2025,SCH_158,Bharuch,Urban,Male,OBC,6,Low,62.0,4.0,High,Medium,No,Graduate,Yes,Yes,No,No,5,Primary,Yes,0,0,0,1,27,Low,NO,Academic Disengagement,Counselling Support,Low Priority
STU_GUJ_003108,2025,SCH_094,Amreli,Tribal,Female,SC,9,Medium,66.1,21.7,Medium,Medium,Yes,Secondary,No,No,No,No,5,Illiterate,Yes,1,1,1,1,51,Medium,NO,Academic Disengagement,Counselling Support,Monitor
STU_GUJ_004692,2021,SCH_025,Rajkot,Rural,Male,OBC,9,Low,49.9,2.93,Medium,Medium,No,Graduate,No,Yes,Yes,Yes,2,Primary,No,0,1,0,1,54,Medium,NO,Academic Disengagement,Counselling Support,Monitor
STU_GUJ_011668,2019,SCH_164,Sabarkantha,Rural,Male,ST,2,Low,56.0,6.64,Medium,Medium,Yes,Graduate,Yes,No,No,No,3,Illiterate,No,1,0,1,1,40,Low,NO,Academic Disengagement,Counselling Support,Low Priority
STU_GUJ_006473,2021,SCH_010,Banaskantha,Tribal,Female,General,3,Low,87.0,11.9,High,Low,No,Primary,Yes,Yes,No,No,8,Secondary,No,0,0,1,0,24,Low,NO,Travel Constraint,Provide Transport,Low Priority
STU_GUJ_010850,2025,SCH_177,Rajkot,Urban,Male,OBC,1,High,83.8,23.47,High,Medium,Yes,Graduate,Yes,No,Yes,No,4,Secondary,No,0,0,1,0,19,Low,NO,Travel Constraint,Provide Transport,Low Priority
STU_GUJ_005023,2025,SCH_131,Navsari,Urban,Female,General,2,Very Low,63.0,9.56,Medium,High,No,Primary,Yes,No,No,No,2,Primary,No,0,0,1,1,31,Low,NO,Academic Disengagement,Counselling Support,Low Priority
STU_GUJ_008978,2023,SCH_044,Gandhinagar,Rural,Female,General,6,High,99.9,3.67,Medium,High,Yes,Secondary,No,No,Yes,No,2,Secondary,No,1,0,0,0,28,Low,NO,Social Factor,Community Engagement,Low Priority
STU_GUJ_010521,2022,SCH_124,Anand,Urban,Male,ST,9,Low,68.5,23.15,Medium,High,No,Secondary,No,No,No,No,8,Illiterate,No,1,1,1,1,40,Low,NO,Academic Disengagement,Counselling Support,Low Priority
STU_GUJ_007851,2024,SCH_080,Vadodara,Rural,Female,OBC,7,High,45.2,4.04,Low,Medium,No,Primary,Yes,Yes,No,No,6,Primary,Yes,0,0,0,1,34,Low,NO,Academic Disengagement,Counselling Support,Low Priority
STU_GUJ_004610,2021,SCH_115,Valsad,Rural,Male,SC,10,Low,69.5,20.14,Medium,Medium,No,Illiterate,Yes,Yes,No,No,6,Primary,No,0,1,1,1,36,Low,NO,Academic Disengagement,Counselling Support,Low Priority
STU_GUJ_007604,2025,SCH_093,Surat,Urban,Male,OBC,8,Low,66.7,18.4,High,High,Yes,Primary,Yes,No,No,No,6,Illiterate,Yes,0,0,1,1,26,Low,NO,Academic Disengagement,Counselling Support,Low Priority
STU_GUJ_007200,2023,SCH_025,Patan,Urban,Male,OBC,10,Medium,83.3,18.16,Medium,Low,No,Graduate,Yes,Yes,No,No,8,Graduate,No,0,1,1,0,11,Low,NO,Travel Constraint,Provide Transport,Low Priority
STU_GUJ_004673,2025,SCH_004,Sabarkantha,Tribal,Male,ST,1,Low,47.7,6.25,High,Medium,Yes,Primary,Yes,No,No,No,3,Primary,No,0,0,1,1,42,Medium,NO,Academic Disengagement,Counselling Support,Monitor
STU_GUJ_005329,2021,SCH_100,Anand,Tribal,Female,SC,11,Low,79.9,9.62,Medium,Medium,No,Primary,Yes,Yes,No,No,7,Illiterate,No,0,1,1,0,39,Low,NO,Travel Constraint,Provide Transport,Low Priority
STU_GUJ_010442,2025,SCH_107,Jamnagar,Rural,Female,General,2,Low,81.0,15.18,Medium,Medium,No,Graduate,No,No,Yes,No,6,Secondary,No,0,0,1,0,33,Low,NO,Travel Constraint,Provide Transport,Low Priority
STU_GUJ_011057,2024,SCH_083,Vadodara,Urban,Female,SC,10,High,87.3,8.35,Low,High,Yes,Graduate,No,Yes,No,No,7,Illiterate,No,0,1,1,0,40,Low,NO,Travel Constraint,Provide Transport,Low Priority
STU_GUJ_011908,2020,SCH_079,Bharuch,Urban,Male,OBC,12,Very Low,75.5,15.88,Low,Medium,Yes,Illiterate,No,Yes,Yes,No,3,Primary,No,1,1,1,0,54,Medium,NO,Travel Constraint,Provide Transport,Monitor
STU_GUJ_005114,2020,SCH_096,Patan,Urban,Male,General,3,Low,42.2,3.46,Medium,Medium,Yes,Secondary,Yes,No,No,No,4,Illiterate,No,1,0,0,1,21,Low,NO,Academic Disengagement,Counselling Support,Low Priority
STU_GUJ_006832,2024,SCH_045,Kutch,Urban,Female,SC,1,Very Low,67.2,2.95,Medium,Low,No,Secondary,Yes,Yes,Yes,No,6,Illiterate,Yes,0,0,0,1,41,Medium,NO,Academic Disengagement,Counselling Support,Monitor
STU_GUJ_002956,2023,SCH_104,Rajkot,Rural,Male,SC,8,Very Low,69.6,27.16,Low,Low,Yes,Graduate,No,Yes,No,No,4,Graduate,No,1,0,1,1,49,Medium,NO,Academic Disengagement,Counselling Support,Monitor
STU_GUJ_004848,2025,SCH_130,Jamnagar,Tribal,Male,SC,9,Low,63.8,4.3,Low,Medium,Yes,Secondary,No,Yes,No,No,3,Secondary,No,1,1,0,1,50,Medium,NO,Academic Disengagement,Counselling Support,Monitor
STU_GUJ_007235,2021,SCH_014,Amreli,Rural,Female,OBC,3,Low,76.0,12.66,High,Medium,Yes,Illiterate,Yes,Yes,Yes,No,2,Primary,Yes,0,0,1,0,18,Low,NO,Travel Constraint,Provide Transport,Low Priority
STU_GUJ_009627,2019,SCH_016,Morbi,Urban,Male,ST,1,Very Low,52.6,20.39,Medium,High,Yes,Graduate,No,Yes,Yes,No,4,Illiterate,No,1,0,1,1,33,Low,NO,Academic Disengagement,Counselling Support,Low Priority
STU_GUJ_011179,2022,SCH_061,Bhavnagar,Rural,Female,OBC,12,Low,61.8,18.08,Medium,Low,Yes,Graduate,Yes,Yes,No,No,4,Secondary,No,0,1,1,1,52,Medium,NO,Academic Disengagement,Counselling Support,Monitor
STU_GUJ_001663,2019,SCH_105,Morbi,Rural,Female,SC,9,Low,54.6,19.73,Medium,High,No,Primary,Yes,No,Yes,No,8,Illiterate,No,1,1,1,1,57,Medium,NO,Academic Disengagement,Counselling Support,Monitor
STU_GUJ_009630,2023,SCH_133,Ahmedabad,Tribal,Male,OBC,8,Low,43.2,21.68,Low,Medium,No,Illiterate,Yes,Yes,No,No,6,Secondary,No,0,0,1,1,39,Low,NO,Academic Disengagement,Counselling Support,Low Priority
STU_GUJ_001143,2025,SCH_061,Navsari,Urban,Male,General,4,Very Low,90.7,17.65,Low,Medium,Yes,Secondary,Yes,No,No,Yes,4,Illiterate,Yes,0,0,1,0,28,Low,NO,Travel Constraint,Provide Transport,Low Priority
STU_GUJ_006033,2020,SCH_068,Valsad,Rural,Male,SC,2,Low,60.9,8.14,Medium,Low,Yes,Primary,Yes,No,No,No,3,Primary,No,0,0,1,1,24,Low,NO,Academic Disengagement,Counselling Support,Low Priority
STU_GUJ_004585,2024,SCH_173,Mehsana,Rural,Male,ST,8,Low,43.6,12.7,High,Medium,Yes,Primary,Yes,No,Yes,No,2,Primary,No,1,0,1,1,27,Low,NO,Academic Disengagement,Counselling Support,Low Priority
STU_GUJ_011278,2025,SCH_053,Patan,Rural,Female,OBC,5,Low,48.6,6.55,Low,Low,Yes,Primary,No,No,No,No,6,Secondary,Yes,1,0,1,1,33,Low,NO,Academic Disengagement,Counselling Support,Low Priority
STU_GUJ_011781,2020,SCH_021,Bharuch,Rural,Male,OBC,11,Low,56.4,11.95,Low,Low,Yes,Secondary,No,Yes,No,No,6,Primary,Yes,0,1,1,1,59,Medium,NO,Academic Disengagement,Counselling Support,Monitor
STU_GUJ_004744,2024,SCH_036,Dahod,Urban,Female,SC,10,Medium,87.1,9.7,High,Medium,Yes,Secondary,No,Yes,No,Yes,4,Secondary,Yes,1,1,1,0,31,Low,NO,Travel Constraint,Provide Transport,Low Priority
STU_GUJ_005031,2019,SCH_115,Navsari,Urban,Female,OBC,7,High,52.6,19.43,Low,Medium,Yes,Illiterate,No,Yes,No,No,5,Secondary,No,0,0,1,1,27,Low,NO,Academic Disengagement,Counselling Support,Low Priority
STU_GUJ_006720,2024,SCH_069,Valsad,Urban,Male,ST,9,Medium,61.1,3.78,Low,Medium,Yes,Secondary,Yes,No,No,No,5,Primary,No,0,1,0,1,45,Medium,NO,Academic Disengagement,Counselling Support,Monitor
STU_GUJ_002743,2020,SCH_180,Amreli,Urban,Male,ST,8,High,43.8,19.83,High,Medium,Yes,Illiterate,Yes,No,No,No,3,Secondary,Yes,0,0,1,1,27,Low,NO,Academic Disengagement,Counselling Support,Low Priority
STU_GUJ_010400,2019,SCH_007,Navsari,Tribal,Female,SC,12,Low,71.4,9.16,Medium,Low,Yes,Primary,Yes,No,No,No,4,Primary,No,0,1,1,0,41,Medium,NO,Travel Constraint,Provide Transport,Monitor
STU_GUJ_004140,2022,SCH_017,Dahod,Urban,Female,ST,11,Low,60.8,17.52,Medium,Low,No,Primary,No,No,No,No,8,Primary,Yes,1,1,1,1,44,Medium,NO,Academic Disengagement,Counselling Support,Monitor
STU_GUJ_009235,2020,SCH_096,Anand,Urban,Female,SC,12,Medium,55.1,9.16,Medium,High,Yes,Primary,Yes,Yes,No,No,2,Secondary,No,0,1,1,1,44,Medium,NO,Academic Disengagement,Counselling Support,Monitor
STU_GUJ_006835,2025,SCH_102,Rajkot,Urban,Male,SC,8,Very Low,98.7,25.97,High,Medium,No,Primary,Yes,No,Yes,No,2,Illiterate,No,1,0,1,0,43,Medium,NO,Travel Constraint,Provide Transport,Monitor
STU_GUJ_010834,2021,SCH_144,Patan,Urban,Male,General,4,Low,87.4,15.72,Medium,Low,Yes,Secondary,No,Yes,No,Yes,8,Primary,No,0,0,1,0,11,Low,NO,Travel Constraint,Provide Transport,Low Priority
STU_GUJ_002488,2023,SCH_002,Mehsana,Rural,Female,OBC,3,Low,52.5,9.84,High,Medium,No,Secondary,Yes,No,No,No,3,Primary,No,0,0,1,1,34,Low,NO,Academic Disengagement,Counselling Support,Low Priority
STU_GUJ_006873,2024,SCH_026,Bhavnagar,Rural,Female,OBC,4,Very Low,47.9,23.08,Medium,Low,Yes,Primary,Yes,No,No,No,5,Illiterate,No,1,0,1,1,47,Medium,NO,Academic Disengagement,Counselling Support,Monitor
STU_GUJ_002390,2024,SCH_007,Surat,Rural,Female,SC,2,High,91.4,0.83,Low,Low,No,Primary,Yes,No,No,No,5,Secondary,No,0,0,0,0,24,Low,NO,Social Factor,Community Engagement,Low Priority
STU_GUJ_008848,2019,SCH_054,Dahod,Tribal,Male,ST,11,Medium,67.3,1.43,Medium,Medium,Yes,Secondary,No,Yes,No,No,8,Illiterate,No,0,1,0,1,61,Medium,NO,Academic Disengagement,Counselling Support,Monitor
STU_GUJ_000544,2019,SCH_006,Jamnagar,Rural,Female,OBC,11,Very Low,61.8,20.2,Medium,High,Yes,Illiterate,No,No,Yes,No,6,Graduate,No,0,1,1,1,75,High,YES,Academic Disengagement,Counselling Support,Immediate
STU_GUJ_009289,2025,SCH_039,Mehsana,Urban,Male,General,2,Very Low,79.4,3.72,Low,High,No,Primary,Yes,Yes,Yes,No,2,Graduate,Yes,0,0,0,0,28,Low,NO,Economic Pressure,Provide Scholarship,Low Priority
STU_GUJ_003329,2023,SCH_121,Rajkot,Tribal,Male,ST,11,Medium,66.9,23.61,High,Medium,Yes,Secondary,Yes,Yes,No,No,2,Illiterate,No,0,1,1,1,45,Medium,NO,Academic Disengagement,Counselling Support,Monitor
STU_GUJ_010083,2024,SCH_020,Kutch,Urban,Male,General,2,Low,66.1,15.31,Low,Medium,Yes,Graduate,Yes,No,No,No,7,Primary,No,0,0,1,1,38,Low,NO,Academic Disengagement,Counselling Support,Low Priority
STU_GUJ_002993,2019,SCH_166,Gandhinagar,Urban,Male,OBC,8,Low,55.4,0.6,Medium,Medium,Yes,Illiterate,No,Yes,No,Yes,2,Illiterate,Yes,0,0,0,1,30,Low,NO,Academic Disengagement,Counselling Support,Low Priority
STU_GUJ_005637,2019,SCH_022,Bhavnagar,Tribal,Male,General,2,Low,69.8,23.91,Medium,High,Yes,Primary,No,Yes,No,No,5,Primary,Yes,0,0,1,1,30,Low,NO,Academic Disengagement,Counselling Support,Low Priority
STU_GUJ_006885,2023,SCH_163,Banaskantha,Rural,Male,OBC,5,High,79.0,9.45,High,Medium,Yes,Illiterate,Yes,Yes,No,No,2,Primary,No,0,0,1,0,19,Low,NO,Travel Constraint,Provide Transport,Low Priority
STU_GUJ_002345,2022,SCH_039,Kutch,Urban,Female,OBC,12,Low,47.7,2.86,Low,Low,Yes,Illiterate,Yes,Yes,No,No,8,Graduate,Yes,0,1,0,1,38,Low,NO,Academic Disengagement,Counselling Support,Low Priority
STU_GUJ_001840,2020,SCH_089,Bharuch,Rural,Female,ST,8,High,50.1,1.48,Medium,High,No,Secondary,Yes,No,No,No,3,Primary,Yes,1,0,0,1,36,Low,NO,Academic Disengagement,Counselling Support,Low Priority
STU_GUJ_007845,2025,SCH_176,Kutch,Rural,Female,OBC,12,Very Low,89.9,25.83,High,Medium,No,Graduate,Yes,Yes,Yes,No,7,Secondary,No,0,1,1,0,45,Medium,NO,Travel Constraint,Provide Transport,Monitor
STU_GUJ_002617,2025,SCH_091,Gandhinagar,Urban,Male,SC,8,Very Low,44.8,22.35,High,Medium,No,Illiterate,Yes,Yes,No,No,7,Secondary,Yes,0,0,1,1,41,Medium,NO,Academic Disengagement,Counselling Support,Monitor
STU_GUJ_008696,2024,SCH_153,Amreli,Urban,Male,ST,7,Medium,41.9,5.63,Medium,Medium,Yes,Illiterate,Yes,Yes,No,No,8,Secondary,No,0,0,1,1,33,Low,NO,Academic Disengagement,Counselling Support,Low Priority
STU_GUJ_006999,2024,SCH_108,Bhavnagar,Tribal,Female,SC,8,Low,57.1,14.27,Medium,Medium,Yes,Graduate,Yes,Yes,Yes,No,3,Secondary,No,0,0,1,1,31,Low,NO,Academic Disengagement,Counselling Support,Low Priority
STU_GUJ_001499,2021,SCH_137,Junagadh,Tribal,Female,General,5,Very Low,78.5,14.28,Medium,Low,Yes,Primary,No,No,No,Yes,3,Graduate,Yes,0,0,1,0,35,Low,NO,Travel Constraint,Provide Transport,Low Priority
STU_GUJ_008344,2025,SCH_177,Junagadh,Urban,Female,SC,6,Low,43.4,24.56,Medium,Medium,No,Illiterate,No,Yes,No,Yes,2,Primary,No,0,0,1,1,30,Low,NO,Academic Disengagement,Counselling Support,Low Priority
STU_GUJ_000734,2023,SCH_117,Rajkot,Urban,Male,SC,2,Low,54.3,24.5,Low,High,Yes,Primary,No,Yes,Yes,No,4,Illiterate,Yes,0,0,1,1,28,Low,NO,Academic Disengagement,Counselling Support,Low Priority
STU_GUJ_004097,2025,SCH_074,Patan,Tribal,Female,ST,5,Low,44.4,25.17,High,High,Yes,Secondary,Yes,Yes,No,No,5,Secondary,No,0,0,1,1,39,Low,NO,Academic Disengagement,Counselling Support,Low Priority
STU_GUJ_005562,2019,SCH_147,Anand,Urban,Male,ST,1,Low,64.6,2.48,Medium,Medium,No,Illiterate,Yes,No,No,No,6,Illiterate,Yes,0,0,0,1,24,Low,NO,Academic Disengagement,Counselling Support,Low Priority
STU_GUJ_010300,2023,SCH_017,Bharuch,Rural,Male,SC,1,Low,60.6,23.35,Medium,Medium,Yes,Illiterate,Yes,No,No,No,5,Secondary,No,1,0,1,1,28,Low,NO,Academic Disengagement,Counselling Support,Low Priority
STU_GUJ_002302,2022,SCH_024,Gandhinagar,Rural,Female,ST,10,Low,46.6,8.22,Medium,High,Yes,Graduate,No,Yes,No,No,8,Illiterate,Yes,0,1,1,1,56,Medium,NO,Academic Disengagement,Counselling Support,Monitor
STU_GUJ_011103,2019,SCH_094,Anand,Rural,Male,SC,11,High,42.5,14.35,Low,Medium,Yes,Secondary,Yes,Yes,No,No,8,Illiterate,No,0,1,1,1,38,Low,NO,Academic Disengagement,Counselling Support,Low Priority
STU_GUJ_002614,2022,SCH_102,Amreli,Rural,Female,General,3,Medium,97.5,0.99,Low,Low,No,Secondary,No,Yes,No,No,8,Secondary,No,0,0,0,0,22,Low,NO,Social Factor,Community Engagement,Low Priority
STU_GUJ_010304,2025,SCH_074,Amreli,Urban,Female,SC,2,Low,63.2,8.02,Low,Medium,Yes,Primary,No,Yes,No,No,3,Graduate,Yes,0,0,1,1,25,Low,NO,Academic Disengagement,Counselling Support,Low Priority
STU_GUJ_005066,2023,SCH_040,Bharuch,Urban,Male,OBC,10,Very Low,83.8,17.62,Medium,Low,No,Primary,Yes,No,No,No,2,Primary,Yes,1,1,1,0,30,Low,NO,Travel Constraint,Provide Transport,Low Priority
STU_GUJ_006559,2023,SCH_010,Surat,Rural,Male,OBC,12,Low,65.1,25.35,Medium,Low,Yes,Graduate,Yes,Yes,No,No,6,Primary,Yes,0,1,1,1,47,Medium,NO,Academic Disengagement,Counselling Support,Monitor
STU_GUJ_011964,2022,SCH_068,Jamnagar,Rural,Female,General,4,Medium,46.5,22.52,Low,Medium,Yes,Primary,No,Yes,No,No,5,Primary,No,1,0,1,1,41,Medium,NO,Academic Disengagement,Counselling Support,Monitor
STU_GUJ_006463,2024,SCH_120,Navsari,Urban,Male,ST,11,Very Low,40.7,18.8,Low,Low,No,Primary,Yes,No,No,No,4,Illiterate,No,1,1,1,1,52,Medium,NO,Academic Disengagement,Counselling Support,Monitor
STU_GUJ_004234,2022,SCH_016,Morbi,Urban,Female,OBC,8,Low,41.8,5.86,High,Low,No,Primary,No,No,No,No,8,Secondary,Yes,1,0,1,1,32,Low,NO,Academic Disengagement,Counselling Support,Low Priority
STU_GUJ_005734,2023,SCH_172,Ahmedabad,Urban,Male,SC,3,Low,91.0,14.35,Medium,Medium,No,Illiterate,No,Yes,No,No,8,Primary,Yes,0,0,1,0,10,Low,NO,Travel Constraint,Provide Transport,Low Priority
STU_GUJ_010432,2025,SCH_140,Bharuch,Rural,Male,SC,6,Low,40.2,21.4,Medium,High,No,Primary,Yes,No,No,No,8,Primary,Yes,0,0,1,1,48,Medium,NO,Academic Disengagement,Counselling Support,Monitor
STU_GUJ_010171,2022,SCH_106,Mehsana,Rural,Female,General,9,Very Low,98.4,5.05,Low,High,No,Illiterate,Yes,Yes,Yes,No,4,Primary,Yes,1,1,1,0,45,Medium,NO,Travel Constraint,Provide Transport,Monitor
STU_GUJ_011809,2022,SCH_089,Rajkot,Rural,Female,ST,6,Medium,79.0,19.17,Medium,High,Yes,Secondary,Yes,Yes,Yes,No,6,Illiterate,No,1,0,1,0,44,Medium,NO,Travel Constraint,Provide Transport,Monitor
STU_GUJ_006857,2024,SCH_084,Amreli,Rural,Female,OBC,12,High,61.0,2.0,Low,Low,No,Primary,No,Yes,No,Yes,2,Illiterate,No,1,1,0,1,43,Medium,NO,Academic Disengagement,Counselling Support,Monitor
STU_GUJ_004960,2022,SCH_050,Surat,Rural,Male,ST,12,Medium,90.3,16.03,Medium,Medium,Yes,Illiterate,Yes,No,No,No,5,Secondary,No,0,1,1,0,22,Low,NO,Travel Constraint,Provide Transport,Low Priority
STU_GUJ_006073,2022,SCH_134,Ahmedabad,Rural,Male,General,9,Medium,78.7,15.0,Medium,High,Yes,Primary,Yes,Yes,No,No,4,Illiterate,No,1,1,1,0,19,Low,NO,Travel Constraint,Provide Transport,Low Priority
STU_GUJ_009396,2019,SCH_159,Junagadh,Rural,Female,ST,9,Very Low,61.0,7.18,High,Medium,Yes,Primary,Yes,Yes,No,No,4,Graduate,No,1,1,1,1,51,Medium,NO,Academic Disengagement,Counselling Support,Monitor
STU_GUJ_004185,2022,SCH_164,Rajkot,Tribal,Male,General,2,Low,81.6,21.79,Medium,Medium,Yes,Illiterate,Yes,No,No,No,8,Graduate,Yes,0,0,1,0,20,Low,NO,Travel Constraint,Provide Transport,Low Priority
STU_GUJ_011496,2019,SCH_111,Vadodara,Urban,Female,OBC,7,Low,89.7,17.84,Low,Low,Yes,Graduate,Yes,No,No,No,8,Primary,Yes,0,0,1,0,22,Low,NO,Travel Constraint,Provide Transport,Low Priority
STU_GUJ_000903,2020,SCH_102,Morbi,Rural,Female,OBC,2,Low,46.0,18.88,Medium,High,Yes,Secondary,Yes,No,No,No,6,Secondary,No,0,0,1,1,25,Low,NO,Academic Disengagement,Counselling Support,Low Priority
STU_GUJ_007880,2025,SCH_034,Anand,Urban,Male,OBC,11,Medium,47.7,9.45,High,High,No,Illiterate,Yes,No,No,No,2,Secondary,Yes,0,1,1,1,40,Low,NO,Academic Disengagement,Counselling Support,Low Priority
STU_GUJ_005834,2024,SCH_075,Vadodara,Urban,Female,SC,9,Medium,61.4,24.65,Low,Medium,No,Illiterate,Yes,Yes,No,No,5,Illiterate,Yes,0,1,1,1,38,Low,NO,Academic Disengagement,Counselling Support,Low Priority
STU_GUJ_010545,2022,SCH_071,Morbi,Rural,Female,OBC,7,Low,75.2,13.35,Low,High,No,Illiterate,Yes,No,Yes,No,3,Secondary,Yes,0,0,1,0,27,Low,NO,Travel Constraint,Provide Transport,Low Priority
STU_GUJ_011439,2023,SCH_015,Anand,Urban,Female,ST,9,Very Low,57.2,19.96,Medium,Medium,No,Illiterate,No,Yes,No,No,3,Primary,No,0,1,1,1,54,Medium,NO,Academic Disengagement,Counselling Support,Monitor
STU_GUJ_007947,2022,SCH_020,Surat,Urban,Female,SC,4,Low,54.4,19.45,Low,Medium,No,Graduate,Yes,No,No,No,5,Secondary,No,1,0,1,1,38,Low,NO,Academic Disengagement,Counselling Support,Low Priority
STU_GUJ_003188,2020,SCH_099,Mehsana,Rural,Female,General,8,Very Low,42.6,9.48,High,Medium,No,Primary,No,No,No,No,5,Secondary,No,1,0,1,1,39,Low,NO,Academic Disengagement,Counselling Support,Low Priority
STU_GUJ_010793,2021,SCH_083,Jamnagar,Rural,Female,OBC,8,Medium,49.3,27.08,Medium,Low,Yes,Graduate,Yes,Yes,No,No,5,Primary,Yes,0,0,1,1,44,Medium,NO,Academic Disengagement,Counselling Support,Monitor
STU_GUJ_004210,2023,SCH_114,Jamnagar,Tribal,Female,General,10,Very Low,67.6,11.45,High,Medium,No,Secondary,No,Yes,Yes,No,4,Secondary,No,1,1,1,1,60,Medium,NO,Academic Disengagement,Counselling Support,Monitor
STU_GUJ_008913,2024,SCH_151,Morbi,Rural,Male,ST,7,Medium,99.9,12.04,Medium,High,Yes,Graduate,No,Yes,Yes,No,2,Secondary,No,0,0,1,0,31,Low,NO,Travel Constraint,Provide Transport,Low Priority
STU_GUJ_005502,2024,SCH_082,Junagadh,Rural,Male,OBC,10,High,58.2,25.83,Low,Low,Yes,Illiterate,No,Yes,No,No,4,Primary,Yes,1,1,1,1,47,Medium,NO,Academic Disengagement,Counselling Support,Monitor
STU_GUJ_009968,2021,SCH_168,Amreli,Rural,Male,OBC,9,Low,53.9,24.78,High,High,Yes,Primary,Yes,Yes,No,No,2,Secondary,Yes,1,1,1,1,33,Low,NO,Academic Disengagement,Counselling Support,Low Priority
STU_GUJ_009431,2023,SCH_177,Morbi,Rural,Male,SC,12,High,42.8,3.03,Medium,Low,No,Graduate,Yes,Yes,No,No,2,Primary,No,1,1,0,1,40,Low,NO,Academic Disengagement,Counselling Support,Low Priority
STU_GUJ_000151,2022,SCH_142,Banaskantha,Rural,Male,OBC,7,Very Low,91.1,2.44,High,Low,No,Illiterate,Yes,Yes,No,No,6,Secondary,Yes,0,0,0,0,35,Low,NO,Economic Pressure,Provide Scholarship,Low Priority
STU_GUJ_003686,2025,SCH_112,Jamnagar,Rural,Female,SC,4,Medium,57.5,22.36,Low,Medium,Yes,Secondary,No,No,No,No,3,Secondary,No,1,0,1,1,38,Low,NO,Academic Disengagement,Counselling Support,Low Priority
STU_GUJ_006670,2022,SCH_167,Mehsana,Rural,Male,OBC,2,Low,72.2,3.99,High,Low,No,Illiterate,Yes,No,Yes,No,7,Illiterate,No,0,0,0,0,33,Low,NO,Social Factor,Community Engagement,Low Priority
STU_GUJ_003459,2023,SCH_038,Ahmedabad,Tribal,Female,OBC,5,Medium,80.8,13.48,Medium,Medium,No,Illiterate,Yes,Yes,Yes,No,7,Illiterate,Yes,1,0,1,0,23,Low,NO,Travel Constraint,Provide Transport,Low Priority
STU_GUJ_003095,2020,SCH_140,Kutch,Urban,Female,General,5,Very Low,81.7,17.9,High,Low,Yes,Secondary,No,No,No,No,8,Illiterate,No,0,0,1,0,37,Low,NO,Travel Constraint,Provide Transport,Low Priority
STU_GUJ_005200,2025,SCH_054,Morbi,Urban,Female,OBC,11,Medium,76.4,20.3,Low,Medium,No,Secondary,Yes,Yes,No,No,8,Secondary,No,0,1,1,0,34,Low,NO,Travel Constraint,Provide Transport,Low Priority
STU_GUJ_010116,2023,SCH_047,Bharuch,Rural,Female,OBC,4,High,72.7,12.53,Low,Medium,Yes,Secondary,Yes,Yes,No,No,2,Primary,Yes,1,0,1,0,37,Low,NO,Travel Constraint,Provide Transport,Low Priority
STU_GUJ_010940,2021,SCH_142,Bharuch,Rural,Female,General,11,Very Low,75.3,11.59,Medium,Medium,No,Illiterate,Yes,Yes,No,No,6,Illiterate,No,0,1,1,0,47,Medium,NO,Travel Constraint,Provide Transport,Monitor
STU_GUJ_003722,2021,SCH_068,Jamnagar,Urban,Male,SC,3,Very Low,78.0,2.23,Medium,Low,No,Secondary,Yes,Yes,No,No,6,Illiterate,No,0,0,0,0,28,Low,NO,Economic Pressure,Provide Scholarship,Low Priority
STU_GUJ_003953,2023,SCH_013,Patan,Rural,Female,OBC,7,Low,58.9,19.23,Medium,Medium,Yes,Primary,Yes,Yes,No,No,8,Illiterate,No,0,0,1,1,25,Low,NO,Academic Disengagement,Counselling Support,Low Priority
STU_GUJ_010767,2020,SCH_151,Vadodara,Rural,Male,OBC,3,Low,80.5,2.34,Medium,High,Yes,Secondary,Yes,No,No,No,3,Secondary,Yes,0,0,0,0,12,Low,NO,Social Factor,Community Engagement,Low Priority
STU_GUJ_008103,2021,SCH_142,Ahmedabad,Urban,Male,OBC,6,Very Low,56.9,14.89,High,Medium,Yes,Graduate,Yes,No,No,No,3,Graduate,Yes,0,0,1,1,35,Low,NO,Academic Disengagement,Counselling Support,Low Priority
STU_GUJ_000709,2022,SCH_061,Ahmedabad,Tribal,Male,OBC,2,Very Low,83.2,15.45,High,Low,Yes,Illiterate,No,No,No,No,7,Illiterate,Yes,1,0,1,0,14,Low,NO,Travel Constraint,Provide Transport,Low Priority
STU_GUJ_004065,2024,SCH_116,Vadodara,Rural,Female,SC,3,Medium,94.1,22.54,Low,Medium,No,Illiterate,No,Yes,No,No,4,Primary,Yes,0,0,1,0,38,Low,NO,Travel Constraint,Provide Transport,Low Priority
STU_GUJ_002997,2022,SCH_177,Mehsana,Urban,Male,General,6,Very Low,80.9,9.5,Medium,Low,Yes,Secondary,No,Yes,No,No,2,Primary,No,0,0,1,0,26,Low,NO,Travel Constraint,Provide Transport,Low Priority
STU_GUJ_010262,2024,SCH_133,Amreli,Rural,Female,SC,8,Low,91.3,3.61,Medium,High,No,Primary,Yes,Yes,Yes,No,8,Illiterate,No,0,0,0,0,32,Low,NO,Social Factor,Community Engagement,Low Priority
STU_GUJ_004195,2025,SCH_032,Vadodara,Urban,Female,General,12,Medium,80.0,10.83,Low,Medium,Yes,Secondary,Yes,No,No,No,3,Illiterate,No,0,1,1,0,37,Low,NO,Travel Constraint,Provide Transport,Low Priority
STU_GUJ_001635,2020,SCH_158,Anand,Urban,Female,General,10,Very Low,59.2,14.02,High,High,Yes,Primary,No,Yes,No,No,3,Graduate,Yes,1,1,1,1,44,Medium,NO,Academic Disengagement,Counselling Support,Monitor
STU_GUJ_005647,2019,SCH_122,Vadodara,Tribal,Female,General,5,Low,58.9,17.02,Low,Low,Yes,Graduate,Yes,Yes,No,No,2,Secondary,Yes,1,0,1,1,45,Medium,NO,Academic Disengagement,Counselling Support,Monitor
STU_GUJ_007300,2021,SCH_118,Dahod,Rural,Male,General,8,Medium,97.2,21.16,Medium,Medium,Yes,Primary,Yes,No,No,No,7,Illiterate,No,0,0,1,0,16,Low,NO,Travel Constraint,Provide Transport,Low Priority
STU_GUJ_007376,2025,SCH_081,Gandhinagar,Rural,Female,General,3,Very Low,83.7,1.87,Low,Medium,Yes,Illiterate,No,Yes,No,No,4,Secondary,Yes,0,0,0,0,16,Low,NO,Economic Pressure,Provide Scholarship,Low Priority
STU_GUJ_000036,2025,SCH_154,Vadodara,Tribal,Male,ST,10,Medium,68.1,14.75,High,Low,No,Primary,No,No,Yes,No,5,Illiterate,Yes,1,1,1,1,49,Medium,NO,Academic Disengagement,Counselling Support,Monitor
STU_GUJ_002056,2024,SCH_041,Mehsana,Tribal,Male,OBC,11,Low,73.7,13.85,Medium,Medium,Yes,Primary,No,Yes,No,No,8,Primary,No,0,1,1,0,26,Low,NO,Travel Constraint,Provide Transport,Low Priority
STU_GUJ_005007,2023,SCH_078,Navsari,Rural,Female,General,8,High,92.2,26.55,Low,Low,Yes,Secondary,Yes,Yes,Yes,No,4,Illiterate,Yes,0,0,1,0,40,Low,NO,Travel Constraint,Provide Transport,Low Priority
STU_GUJ_003772,2019,SCH_110,Gandhinagar,Rural,Female,General,9,Low,80.1,2.72,Medium,Medium,Yes,Secondary,Yes,Yes,No,No,7,Primary,Yes,0,1,0,0,22,Low,NO,Social Factor,Community Engagement,Low Priority
STU_GUJ_001745,2024,SCH_009,Rajkot,Rural,Male,SC,4,Medium,89.6,8.38,Medium,High,Yes,Illiterate,No,Yes,No,No,6,Illiterate,No,0,0,1,0,19,Low,NO,Travel Constraint,Provide Transport,Low Priority
STU_GUJ_004078,2023,SCH_086,Sabarkantha,Tribal,Female,ST,12,Medium,98.6,1.99,Medium,Medium,Yes,Primary,Yes,No,Yes,No,2,Primary,Yes,0,1,0,0,48,Medium,NO,Social Factor,Community Engagement,Monitor
STU_GUJ_004516,2024,SCH_138,Ahmedabad,Rural,Female,General,2,Low,98.8,2.98,Medium,Low,No,Primary,Yes,Yes,No,No,2,Primary,Yes,0,0,0,0,23,Low,NO,Social Factor,Community Engagement,Low Priority
STU_GUJ_006979,2024,SCH_069,Junagadh,Urban,Female,ST,7,Medium,53.6,15.28,Medium,Medium,Yes,Illiterate,Yes,No,No,No,4,Secondary,No,0,0,1,1,26,Low,NO,Academic Disengagement,Counselling Support,Low Priority
STU_GUJ_000429,2025,SCH_030,Dahod,Rural,Female,OBC,2,Very Low,66.8,16.88,Medium,High,Yes,Graduate,No,No,No,No,3,Graduate,No,0,0,1,1,41,Medium,NO,Academic Disengagement,Counselling Support,Monitor
STU_GUJ_011593,2022,SCH_100,Morbi,Rural,Male,ST,1,Very Low,56.3,24.63,Medium,Low,Yes,Secondary,Yes,No,Yes,No,4,Primary,No,1,0,1,1,41,Medium,NO,Academic Disengagement,Counselling Support,Monitor
STU_GUJ_003017,2021,SCH_012,Mehsana,Rural,Male,General,1,Very Low,59.4,1.79,Low,High,No,Primary,Yes,Yes,No,No,3,Secondary,No,0,0,0,1,28,Low,NO,Academic Disengagement,Counselling Support,Low Priority
STU_GUJ_005546,2022,SCH_042,Anand,Tribal,Female,ST,9,Low,47.9,3.96,Medium,Medium,Yes,Primary,Yes,No,Yes,No,7,Primary,No,1,1,0,1,56,Medium,NO,Academic Disengagement,Counselling Support,Monitor
STU_GUJ_007637,2024,SCH_136,Vadodara,Rural,Female,OBC,12,Medium,42.8,9.6,Medium,High,Yes,Primary,Yes,No,No,No,5,Illiterate,No,1,1,1,1,41,Medium,NO,Academic Disengagement,Counselling Support,Monitor
STU_GUJ_010005,2020,SCH_065,Morbi,Urban,Female,SC,4,Medium,89.5,7.53,Medium,Medium,No,Secondary,No,Yes,No,No,2,Primary,No,0,0,1,0,19,Low,NO,Travel Constraint,Provide Transport,Low Priority
STU_GUJ_004130,2020,SCH_105,Bhavnagar,Urban,Male,SC,2,Low,83.9,9.82,High,Medium,Yes,Graduate,Yes,No,Yes,No,2,Primary,No,0,0,1,0,16,Low,NO,Travel Constraint,Provide Transport,Low Priority
STU_GUJ_004120,2025,SCH_126,Sabarkantha,Rural,Female,SC,4,Medium,67.5,12.01,Medium,High,Yes,Illiterate,Yes,No,No,No,8,Illiterate,No,0,0,1,1,30,Low,NO,Academic Disengagement,Counselling Support,Low Priority
STU_GUJ_002612,2025,SCH_010,Amreli,Rural,Male,OBC,5,High,40.9,14.22,Medium,Medium,Yes,Illiterate,Yes,Yes,No,No,6,Illiterate,No,0,0,1,1,28,Low,NO,Academic Disengagement,Counselling Support,Low Priority
STU_GUJ_004029,2023,SCH_027,Gandhinagar,Urban,Male,General,11,Very Low,54.1,12.1,Low,Medium,Yes,Illiterate,Yes,Yes,No,No,5,Secondary,Yes,0,1,1,1,49,Medium,NO,Academic Disengagement,Counselling Support,Monitor
STU_GUJ_001627,2019,SCH_002,Amreli,Rural,Male,SC,8,High,86.7,16.52,Low,Medium,Yes,Primary,Yes,Yes,Yes,No,7,Illiterate,No,1,0,1,0,26,Low,NO,Travel Constraint,Provide Transport,Low Priority
STU_GUJ_008502,2025,SCH_030,Ahmedabad,Tribal,Male,OBC,7,High,42.8,26.57,Medium,Low,Yes,Illiterate,Yes,No,No,No,5,Primary,No,1,0,1,1,41,Medium,NO,Academic Disengagement,Counselling Support,Monitor
STU_GUJ_001394,2022,SCH_145,Ahmedabad,Rural,Female,General,12,Medium,75.8,25.37,High,Medium,Yes,Primary,Yes,Yes,Yes,No,7,Illiterate,No,0,1,1,0,44,Medium,NO,Travel Constraint,Provide Transport,Monitor
STU_GUJ_004464,2023,SCH_163,Anand,Urban,Male,OBC,12,Low,86.6,11.67,High,Medium,No,Illiterate,Yes,No,No,No,6,Secondary,Yes,0,1,1,0,15,Low,NO,Travel Constraint,Provide Transport,Low Priority
STU_GUJ_010755,2022,SCH_101,Junagadh,Rural,Male,OBC,2,Medium,70.7,14.91,Low,Low,No,Secondary,Yes,Yes,No,No,5,Primary,No,1,0,1,0,33,Low,NO,Travel Constraint,Provide Transport,Low Priority
STU_GUJ_002202,2019,SCH_168,Patan,Rural,Male,SC,5,High,95.6,5.15,Low,Low,Yes,Secondary,No,No,No,No,3,Illiterate,No,1,0,1,0,38,Low,NO,Travel Constraint,Provide Transport,Low Priority
STU_GUJ_004148,2024,SCH_041,Navsari,Rural,Male,OBC,6,Low,48.2,20.17,Medium,Medium,Yes,Secondary,Yes,Yes,Yes,Yes,3,Primary,No,1,0,1,1,36,Low,NO,Academic Disengagement,Counselling Support,Low Priority
STU_GUJ_000705,2025,SCH_094,Amreli,Rural,Male,ST,3,Medium,84.2,5.98,High,Low,No,Primary,Yes,Yes,No,No,3,Illiterate,No,0,0,1,0,32,Low,NO,Travel Constraint,Provide Transport,Low Priority
STU_GUJ_009011,2022,SCH_103,Anand,Rural,Male,OBC,6,High,57.0,18.74,High,High,No,Primary,Yes,Yes,No,No,2,Illiterate,Yes,1,0,1,1,28,Low,NO,Academic Disengagement,Counselling Support,Low Priority
STU_GUJ_007679,2020,SCH_033,Mehsana,Tribal,Male,OBC,10,Very Low,67.3,16.79,High,Low,Yes,Primary,No,Yes,No,No,2,Illiterate,Yes,0,1,1,1,43,Medium,NO,Academic Disengagement,Counselling Support,Monitor
STU_GUJ_001356,2025,SCH_003,Navsari,Rural,Male,OBC,10,Very Low,51.0,6.22,Medium,Medium,No,Illiterate,Yes,Yes,Yes,No,4,Illiterate,No,0,1,1,1,56,Medium,NO,Academic Disengagement,Counselling Support,Monitor
STU_GUJ_002686,2022,SCH_102,Bharuch,Rural,Female,OBC,11,Low,54.6,18.47,Medium,High,No,Graduate,Yes,Yes,No,No,4,Secondary,Yes,1,1,1,1,55,Medium,NO,Academic Disengagement,Counselling Support,Monitor
STU_GUJ_009898,2019,SCH_111,Anand,Rural,Female,SC,8,Medium,48.4,8.34,Low,High,Yes,Illiterate,Yes,Yes,No,Yes,4,Primary,Yes,1,0,1,1,36,Low,NO,Academic Disengagement,Counselling Support,Low Priority
STU_GUJ_000609,2020,SCH_141,Ahmedabad,Urban,Male,OBC,12,Low,93.3,4.01,Low,High,Yes,Illiterate,Yes,Yes,No,No,8,Secondary,Yes,0,1,0,0,16,Low,NO,Social Factor,Community Engagement,Low Priority
STU_GUJ_011527,2023,SCH_067,Dahod,Urban,Male,OBC,10,Very Low,92.5,18.18,Low,Low,No,Secondary,Yes,Yes,Yes,No,4,Primary,No,1,1,1,0,56,Medium,NO,Travel Constraint,Provide Transport,Monitor
STU_GUJ_010820,2023,SCH_085,Patan,Urban,Female,ST,11,Low,93.2,10.73,High,Medium,Yes,Illiterate,Yes,Yes,Yes,No,2,Primary,No,0,1,1,0,44,Medium,NO,Travel Constraint,Provide Transport,Monitor
STU_GUJ_010518,2023,SCH_160,Mehsana,Tribal,Female,ST,5,Low,70.7,10.78,High,High,No,Secondary,Yes,Yes,No,No,5,Secondary,No,0,0,1,0,33,Low,NO,Travel Constraint,Provide Transport,Low Priority
STU_GUJ_010196,2024,SCH_153,Anand,Rural,Female,General,9,Low,56.6,4.18,Medium,High,Yes,Illiterate,Yes,Yes,No,No,3,Graduate,No,0,1,0,1,35,Low,NO,Academic Disengagement,Counselling Support,Low Priority
STU_GUJ_007795,2021,SCH_115,Anand,Urban,Male,General,11,Medium,73.6,17.4,Low,High,No,Primary,No,Yes,Yes,No,5,Primary,No,0,1,1,0,38,Low,NO,Travel Constraint,Provide Transport,Low Priority
STU_GUJ_001324,2019,SCH_065,Banaskantha,Urban,Male,SC,2,Low,63.3,11.24,Low,High,No,Primary,No,Yes,No,No,4,Primary,No,1,0,1,1,45,Medium,NO,Academic Disengagement,Counselling Support,Monitor
STU_GUJ_009490,2024,SCH_111,Dahod,Urban,Female,OBC,12,Medium,54.3,6.93,Low,Low,Yes,Secondary,No,Yes,No,No,3,Illiterate,No,1,1,1,1,43,Medium,NO,Academic Disengagement,Counselling Support,Monitor
STU_GUJ_001596,2025,SCH_115,Mehsana,Rural,Female,General,8,Low,52.2,4.22,Medium,Medium,Yes,Secondary,No,Yes,Yes,Yes,6,Primary,No,1,0,0,1,41,Medium,NO,Academic Disengagement,Counselling Support,Monitor
STU_GUJ_001517,2019,SCH_038,Dahod,Tribal,Female,SC,11,Medium,50.4,18.16,Low,Medium,Yes,Illiterate,Yes,Yes,Yes,No,4,Graduate,Yes,1,1,1,1,63,Medium,NO,Academic Disengagement,Counselling Support,Monitor
STU_GUJ_000759,2023,SCH_100,Bharuch,Urban,Female,OBC,8,Low,83.4,14.92,Low,High,Yes,Primary,Yes,Yes,No,Yes,2,Secondary,No,0,0,1,0,21,Low,NO,Travel Constraint,Provide Transport,Low Priority
STU_GUJ_010645,2019,SCH_177,Patan,Urban,Female,SC,10,High,69.4,2.26,Medium,Low,Yes,Graduate,Yes,Yes,No,No,3,Primary,No,1,1,0,1,47,Medium,NO,Academic Disengagement,Counselling Support,Monitor
STU_GUJ_003903,2024,SCH_030,Bhavnagar,Rural,Male,SC,5,Low,93.8,23.3,Medium,Medium,No,Primary,Yes,No,No,No,5,Illiterate,No,0,0,1,0,17,Low,NO,Travel Constraint,Provide Transport,Low Priority
STU_GUJ_008797,2020,SCH_026,Vadodara,Tribal,Male,OBC,10,High,77.9,1.44,Medium,High,No,Illiterate,Yes,Yes,No,No,6,Secondary,Yes,1,1,0,0,31,Low,NO,Social Factor,Community Engagement,Low Priority
STU_GUJ_011904,2022,SCH_019,Valsad,Urban,Male,OBC,5,High,67.2,22.25,Medium,Low,No,Illiterate,Yes,Yes,Yes,No,7,Illiterate,No,0,0,1,1,35,Low,NO,Academic Disengagement,Counselling Support,Low Priority
STU_GUJ_006019,2021,SCH_023,Rajkot,Tribal,Female,OBC,1,Medium,70.6,6.68,Medium,High,Yes,Graduate,Yes,No,No,No,2,Illiterate,No,0,0,1,0,36,Low,NO,Travel Constraint,Provide Transport,Low Priority
STU_GUJ_004739,2019,SCH_118,Valsad,Tribal,Male,OBC,4,Low,50.5,9.97,Low,Low,Yes,Illiterate,Yes,Yes,No,No,3,Secondary,No,0,0,1,1,42,Medium,NO,Academic Disengagement,Counselling Support,Monitor
STU_GUJ_004861,2024,SCH_148,Valsad,Rural,Female,ST,2,Very Low,92.7,22.99,Medium,Medium,Yes,Primary,Yes,Yes,Yes,No,2,Illiterate,No,0,0,1,0,45,Medium,NO,Travel Constraint,Provide Transport,Monitor
STU_GUJ_000400,2019,SCH_119,Morbi,Rural,Male,ST,8,Very Low,42.6,14.27,Medium,High,Yes,Illiterate,Yes,No,No,No,8,Primary,Yes,0,0,1,1,37,Low,NO,Academic Disengagement,Counselling Support,Low Priority
STU_GUJ_000931,2023,SCH_067,Bhavnagar,Rural,Male,SC,6,Low,89.7,4.46,Medium,Medium,No,Secondary,Yes,No,Yes,No,7,Secondary,No,0,0,0,0,25,Low,NO,Social Factor,Community Engagement,Low Priority
STU_GUJ_004004,2024,SCH_039,Patan,Urban,Female,General,9,Low,97.1,12.3,Medium,High,No,Primary,Yes,Yes,No,No,4,Secondary,Yes,0,1,1,0,35,Low,NO,Travel Constraint,Provide Transport,Low Priority
STU_GUJ_000543,2023,SCH_040,Rajkot,Tribal,Male,SC,10,Low,99.8,25.17,Low,Medium,Yes,Secondary,Yes,No,No,No,3,Illiterate,No,0,1,1,0,41,Medium,NO,Travel Constraint,Provide Transport,Monitor
STU_GUJ_011337,2021,SCH_158,Amreli,Tribal,Female,OBC,2,High,40.2,22.22,Medium,High,Yes,Graduate,No,Yes,No,No,3,Secondary,No,0,0,1,1,37,Low,NO,Academic Disengagement,Counselling Support,Low Priority
STU_GUJ_008638,2025,SCH_102,Patan,Rural,Female,OBC,9,Very Low,47.6,3.16,High,Medium,No,Secondary,Yes,No,No,No,7,Secondary,No,0,1,0,1,45,Medium,NO,Academic Disengagement,Counselling Support,Monitor
STU_GUJ_011712,2022,SCH_014,Sabarkantha,Rural,Male,ST,1,Low,82.6,21.69,Medium,Medium,No,Primary,Yes,Yes,No,No,5,Secondary,No,1,0,1,0,18,Low,NO,Travel Constraint,Provide Transport,Low Priority
STU_GUJ_006132,2020,SCH_086,Valsad,Urban,Female,OBC,4,Very Low,62.1,5.62,High,Medium,No,Primary,Yes,Yes,No,No,6,Illiterate,No,0,0,1,1,33,Low,NO,Academic Disengagement,Counselling Support,Low Priority
STU_GUJ_004036,2021,SCH_081,Ahmedabad,Rural,Female,SC,10,High,56.7,1.66,Low,Medium,Yes,Primary,Yes,No,No,No,6,Graduate,No,1,1,0,1,51,Medium,NO,Academic Disengagement,Counselling Support,Monitor
STU_GUJ_001689,2022,SCH_033,Jamnagar,Urban,Female,ST,7,Low,70.1,1.67,Low,Low,No,Illiterate,Yes,No,No,No,3,Illiterate,No,0,0,0,0,30,Low,NO,Social Factor,Community Engagement,Low Priority
STU_GUJ_002129,2019,SCH_071,Rajkot,Tribal,Male,OBC,2,Low,79.0,0.62,High,Low,No,Illiterate,No,Yes,No,No,3,Graduate,No,0,0,0,0,24,Low,NO,Social Factor,Community Engagement,Low Priority
STU_GUJ_002289,2020,SCH_018,Morbi,Urban,Male,ST,8,Medium,80.3,19.65,High,Medium,Yes,Secondary,Yes,No,No,No,4,Illiterate,No,0,0,1,0,28,Low,NO,Travel Constraint,Provide Transport,Low Priority
STU_GUJ_004689,2025,SCH_178,Valsad,Rural,Female,SC,10,Very Low,87.9,1.7,Medium,Low,No,Secondary,Yes,No,No,No,8,Secondary,Yes,1,1,0,0,32,Low,NO,Economic Pressure,Provide Scholarship,Low Priority
STU_GUJ_001748,2021,SCH_036,Banaskantha,Urban,Female,SC,1,Low,81.0,24.29,Low,Medium,No,Illiterate,Yes,No,No,No,6,Illiterate,No,1,0,1,0,45,Medium,NO,Travel Constraint,Provide Transport,Monitor
STU_GUJ_000368,2022,SCH_155,Vadodara,Rural,Female,ST,1,Very Low,95.5,23.9,Low,Medium,Yes,Secondary,Yes,Yes,Yes,No,6,Secondary,No,1,0,1,0,38,Low,NO,Travel Constraint,Provide Transport,Low Priority
STU_GUJ_009434,2019,SCH_021,Jamnagar,Rural,Male,ST,10,Very Low,60.9,16.35,Medium,Medium,Yes,Graduate,Yes,Yes,Yes,No,5,Secondary,Yes,0,1,1,1,54,Medium,NO,Academic Disengagement,Counselling Support,Monitor
STU_GUJ_011467,2025,SCH_140,Rajkot,Rural,Female,OBC,6,Low,98.3,23.39,Low,Low,Yes,Illiterate,Yes,No,No,No,7,Primary,No,0,0,1,0,25,Low,NO,Travel Constraint,Provide Transport,Low Priority
STU_GUJ_008482,2019,SCH_018,Amreli,Rural,Female,OBC,6,Low,45.8,24.67,Medium,Medium,Yes,Graduate,No,Yes,No,No,4,Illiterate,No,0,0,1,1,46,Medium,NO,Academic Disengagement,Counselling Support,Monitor
STU_GUJ_003265,2023,SCH_042,Surat,Urban,Male,ST,11,Low,90.2,9.63,Medium,High,Yes,Secondary,Yes,Yes,No,Yes,8,Secondary,No,0,1,1,0,18,Low,NO,Travel Constraint,Provide Transport,Low Priority
STU_GUJ_005951,2024,SCH_166,Patan,Urban,Female,General,9,Very Low,43.1,21.94,Low,Low,Yes,Illiterate,Yes,Yes,No,Yes,7,Illiterate,No,0,1,1,1,56,Medium,NO,Academic Disengagement,Counselling Support,Monitor
STU_GUJ_002710,2020,SCH_054,Surat,Rural,Female,ST,9,Very Low,86.4,26.86,Medium,Low,Yes,Secondary,No,Yes,No,No,2,Graduate,No,1,1,1,0,50,Medium,NO,Travel Constraint,Provide Transport,Monitor
STU_GUJ_009682,2025,SCH_142,Gandhinagar,Tribal,Female,ST,12,Medium,81.9,25.78,Low,Low,Yes,Graduate,No,Yes,Yes,No,8,Primary,Yes,1,1,1,0,59,Medium,NO,Travel Constraint,Provide Transport,Monitor
STU_GUJ_000064,2019,SCH_156,Amreli,Tribal,Male,General,4,Low,88.7,27.0,Medium,Low,Yes,Primary,Yes,No,Yes,No,2,Primary,No,0,0,1,0,30,Low,NO,Travel Constraint,Provide Transport,Low Priority
STU_GUJ_002190,2022,SCH_179,Dahod,Tribal,Male,SC,5,Very Low,67.4,6.07,Low,Medium,No,Primary,Yes,No,No,No,8,Primary,No,1,0,1,1,36,Low,NO,Academic Disengagement,Counselling Support,Low Priority
STU_GUJ_010451,2024,SCH_003,Mehsana,Rural,Female,OBC,2,Low,69.0,9.02,Medium,High,Yes,Secondary,Yes,Yes,No,No,3,Graduate,No,0,0,1,1,31,Low,NO,Academic Disengagement,Counselling Support,Low Priority
STU_GUJ_004773,2019,SCH_139,Bhavnagar,Rural,Male,OBC,9,Low,46.8,19.13,Medium,Low,Yes,Illiterate,No,No,No,No,3,Illiterate,Yes,0,1,1,1,55,Medium,NO,Academic Disengagement,Counselling Support,Monitor
STU_GUJ_004881,2024,SCH_081,Dahod,Rural,Female,SC,11,Very Low,51.1,13.52,High,Medium,No,Secondary,Yes,Yes,No,No,3,Secondary,No,1,1,1,1,56,Medium,NO,Academic Disengagement,Counselling Support,Monitor
STU_GUJ_010093,2020,SCH_006,Surat,Tribal,Female,OBC,12,Very Low,91.2,24.31,Medium,High,No,Primary,Yes,No,No,No,7,Primary,No,1,1,1,0,37,Low,NO,Travel Constraint,Provide Transport,Low Priority
STU_GUJ_008060,2021,SCH_173,Bhavnagar,Urban,Female,General,6,Low,78.7,1.06,Low,Medium,Yes,Graduate,No,No,No,No,3,Primary,Yes,0,0,0,0,20,Low,NO,Social Factor,Community Engagement,Low Priority
STU_GUJ_010237,2021,SCH_168,Bhavnagar,Urban,Male,General,5,Low,56.3,22.57,Low,High,Yes,Graduate,Yes,Yes,No,No,6,Secondary,No,0,0,1,1,25,Low,NO,Academic Disengagement,Counselling Support,Low Priority
STU_GUJ_007733,2021,SCH_147,Patan,Rural,Male,SC,7,Low,70.1,8.66,Medium,High,Yes,Primary,Yes,Yes,No,No,7,Graduate,Yes,0,0,1,0,32,Low,NO,Travel Constraint,Provide Transport,Low Priority
STU_GUJ_007665,2020,SCH_157,Kutch,Tribal,Female,OBC,6,Low,59.7,5.8,Medium,High,Yes,Illiterate,Yes,Yes,No,No,8,Illiterate,No,0,0,1,1,33,Low,NO,Academic Disengagement,Counselling Support,Low Priority
STU_GUJ_006249,2023,SCH_001,Ahmedabad,Urban,Male,ST,3,Very Low,77.8,23.21,Medium,Low,Yes,Illiterate,No,No,No,No,7,Illiterate,Yes,0,0,1,0,28,Low,NO,Travel Constraint,Provide Transport,Low Priority
STU_GUJ_002819,2022,SCH_005,Surat,Urban,Male,OBC,8,High,57.4,13.58,Low,High,Yes,Graduate,Yes,Yes,No,No,4,Secondary,Yes,0,0,1,1,28,Low,NO,Academic Disengagement,Counselling Support,Low Priority
STU_GUJ_003976,2023,SCH_168,Jamnagar,Tribal,Female,OBC,10,Low,67.6,1.25,Medium,Medium,No,Secondary,Yes,Yes,No,No,8,Illiterate,No,0,1,0,1,36,Low,NO,Academic Disengagement,Counselling Support,Low Priority
STU_GUJ_000428,2022,SCH_070,Bharuch,Rural,Male,ST,10,Medium,49.0,2.26,Medium,Medium,No,Primary,No,Yes,Yes,No,4,Secondary,No,1,1,0,1,60,Medium,NO,Academic Disengagement,Counselling Support,Monitor
STU_GUJ_009247,2022,SCH_176,Surat,Rural,Female,OBC,9,Very Low,65.7,26.34,High,Low,Yes,Secondary,No,Yes,No,No,3,Graduate,No,1,1,1,1,60,Medium,NO,Academic Disengagement,Counselling Support,Monitor
STU_GUJ_009336,2023,SCH_089,Bharuch,Rural,Female,OBC,9,Very Low,94.9,23.3,Medium,Medium,No,Primary,No,No,No,No,2,Primary,Yes,0,1,1,0,44,Medium,NO,Travel Constraint,Provide Transport,Monitor
STU_GUJ_006352,2022,SCH_105,Ahmedabad,Urban,Male,ST,10,Medium,75.0,8.47,Medium,Low,Yes,Primary,Yes,No,No,No,7,Secondary,No,0,1,1,0,26,Low,NO,Travel Constraint,Provide Transport,Low Priority
STU_GUJ_009732,2023,SCH_158,Jamnagar,Urban,Female,SC,4,Medium,41.1,20.88,Low,Medium,Yes,Illiterate,No,No,No,No,4,Illiterate,Yes,0,0,1,1,38,Low,NO,Academic Disengagement,Counselling Support,Low Priority
STU_GUJ_004708,2019,SCH_145,Bhavnagar,Rural,Male,OBC,1,Very Low,70.1,4.85,Medium,Medium,Yes,Primary,Yes,No,No,No,4,Illiterate,No,0,0,0,0,26,Low,NO,Economic Pressure,Provide Scholarship,Low Priority
STU_GUJ_005771,2024,SCH_013,Junagadh,Rural,Male,OBC,8,Low,67.9,3.92,Medium,Medium,No,Secondary,Yes,Yes,No,No,3,Graduate,Yes,1,0,0,1,32,Low,NO,Academic Disengagement,Counselling Support,Low Priority
STU_GUJ_004338,2021,SCH_026,Amreli,Rural,Female,OBC,11,Low,62.6,16.43,Low,High,No,Primary,Yes,No,Yes,No,6,Secondary,Yes,0,1,1,1,56,Medium,NO,Academic Disengagement,Counselling Support,Monitor
STU_GUJ_011610,2019,SCH_173,Kutch,Rural,Female,SC,8,Medium,52.2,0.23,Medium,Medium,Yes,Primary,Yes,No,No,No,3,Primary,Yes,0,0,0,1,38,Low,NO,Academic Disengagement,Counselling Support,Low Priority
STU_GUJ_007678,2025,SCH_158,Patan,Tribal,Female,SC,11,Low,73.9,26.02,High,Medium,No,Primary,Yes,Yes,No,No,4,Illiterate,No,1,1,1,0,46,Medium,NO,Travel Constraint,Provide Transport,Monitor
STU_GUJ_000677,2024,SCH_148,Rajkot,Rural,Female,SC,10,Medium,81.8,23.24,Medium,Medium,No,Graduate,Yes,No,No,No,3,Graduate,No,0,1,1,0,37,Low,NO,Travel Constraint,Provide Transport,Low Priority
STU_GUJ_011885,2024,SCH_026,Surat,Rural,Female,SC,11,Very Low,83.7,11.66,Medium,Low,Yes,Primary,Yes,Yes,No,No,4,Secondary,Yes,0,1,1,0,35,Low,NO,Travel Constraint,Provide Transport,Low Priority
STU_GUJ_006867,2020,SCH_057,Junagadh,Rural,Male,OBC,11,High,94.0,16.33,Low,Medium,No,Illiterate,Yes,No,No,No,8,Illiterate,Yes,0,1,1,0,32,Low,NO,Travel Constraint,Provide Transport,Low Priority
STU_GUJ_011150,2025,SCH_102,Vadodara,Rural,Male,OBC,8,Low,77.0,4.16,Medium,Low,Yes,Illiterate,Yes,No,No,No,2,Illiterate,Yes,0,0,0,0,22,Low,NO,Social Factor,Community Engagement,Low Priority
STU_GUJ_007076,2019,SCH_065,Banaskantha,Urban,Female,General,5,Very Low,98.1,27.84,Low,Medium,Yes,Graduate,Yes,No,No,No,7,Primary,No,0,0,1,0,35,Low,NO,Travel Constraint,Provide Transport,Low Priority
STU_GUJ_010478,2020,SCH_167,Navsari,Rural,Male,General,1,Low,60.5,6.8,High,Low,Yes,Illiterate,Yes,Yes,No,No,3,Illiterate,No,0,0,1,1,39,Low,NO,Academic Disengagement,Counselling Support,Low Priority
STU_GUJ_010860,2019,SCH_116,Sabarkantha,Tribal,Female,OBC,9,Medium,83.8,1.44,High,Medium,Yes,Primary,No,Yes,Yes,No,4,Illiterate,Yes,0,1,0,0,38,Low,NO,Social Factor,Community Engagement,Low Priority
STU_GUJ_006176,2021,SCH_005,Bhavnagar,Rural,Male,ST,10,Very Low,44.0,4.19,Low,Medium,No,Secondary,Yes,Yes,No,No,6,Graduate,Yes,0,1,0,1,43,Medium,NO,Academic Disengagement,Counselling Support,Monitor
STU_GUJ_002003,2023,SCH_058,Amreli,Tribal,Female,OBC,5,Low,52.6,15.71,Low,Medium,No,Primary,Yes,Yes,No,No,2,Illiterate,No,0,0,1,1,54,Medium,NO,Academic Disengagement,Counselling Support,Monitor
STU_GUJ_007128,2021,SCH_149,Junagadh,Rural,Female,OBC,2,Low,73.4,27.69,Low,Medium,Yes,Illiterate,Yes,Yes,No,No,3,Secondary,No,1,0,1,0,27,Low,NO,Travel Constraint,Provide Transport,Low Priority
STU_GUJ_006837,2019,SCH_164,Navsari,Rural,Female,OBC,4,Very Low,65.4,7.15,Low,Low,No,Secondary,Yes,No,No,No,6,Illiterate,No,0,0,1,1,61,Medium,NO,Academic Disengagement,Counselling Support,Monitor
STU_GUJ_005569,2024,SCH_130,Patan,Tribal,Male,ST,10,High,77.7,8.7,Medium,High,Yes,Illiterate,Yes,Yes,No,No,8,Illiterate,Yes,0,1,1,0,32,Low,NO,Travel Constraint,Provide Transport,Low Priority
STU_GUJ_009098,2021,SCH_102,Navsari,Rural,Male,General,12,Low,77.6,15.94,High,Medium,No,Secondary,Yes,Yes,No,Yes,7,Illiterate,Yes,1,1,1,0,31,Low,NO,Travel Constraint,Provide Transport,Low Priority
STU_GUJ_008982,2023,SCH_073,Rajkot,Urban,Female,OBC,3,Low,92.8,0.28,Medium,Medium,No,Illiterate,No,Yes,Yes,Yes,3,Primary,Yes,0,0,0,0,19,Low,NO,Social Factor,Community Engagement,Low Priority
STU_GUJ_008884,2024,SCH_131,Vadodara,Rural,Female,SC,3,Very Low,66.3,10.07,Low,Medium,Yes,Graduate,No,Yes,Yes,No,2,Illiterate,Yes,1,0,1,1,54,Medium,NO,Academic Disengagement,Counselling Support,Monitor
STU_GUJ_002291,2020,SCH_012,Valsad,Urban,Male,ST,3,Medium,81.7,27.75,Low,High,No,Primary,Yes,No,No,No,7,Secondary,Yes,0,0,1,0,27,Low,NO,Travel Constraint,Provide Transport,Low Priority
STU_GUJ_008445,2021,SCH_045,Mehsana,Rural,Female,OBC,6,Low,93.3,2.86,Medium,Medium,Yes,Illiterate,Yes,Yes,No,No,6,Primary,No,0,0,0,0,13,Low,NO,Social Factor,Community Engagement,Low Priority
STU_GUJ_003014,2025,SCH_074,Valsad,Rural,Male,SC,9,Very Low,53.6,8.94,Low,High,Yes,Primary,No,Yes,No,No,6,Primary,No,1,1,1,1,57,Medium,NO,Academic Disengagement,Counselling Support,Monitor
STU_GUJ_000741,2025,SCH_113,Mehsana,Rural,Male,OBC,6,Very Low,91.1,2.21,Medium,Medium,Yes,Primary,Yes,No,No,No,5,Illiterate,Yes,0,0,0,0,14,Low,NO,Economic Pressure,Provide Scholarship,Low Priority
STU_GUJ_000001,2025,SCH_139,Dahod,Tribal,Female,OBC,9,Low,40.2,0.7,High,Medium,Yes,Illiterate,Yes,Yes,No,No,2,Secondary,No,0,1,0,1,45,Medium,NO,Academic Disengagement,Counselling Support,Monitor
STU_GUJ_004615,2022,SCH_124,Morbi,Rural,Male,General,10,Medium,79.5,11.91,High,Low,No,Illiterate,Yes,Yes,No,No,4,Secondary,No,1,1,1,0,38,Low,NO,Travel Constraint,Provide Transport,Low Priority
STU_GUJ_002518,2025,SCH_107,Junagadh,Tribal,Female,OBC,3,Low,62.8,6.71,Low,Medium,Yes,Primary,Yes,Yes,No,No,8,Primary,No,1,0,1,1,44,Medium,NO,Academic Disengagement,Counselling Support,Monitor
STU_GUJ_004330,2023,SCH_018,Mehsana,Rural,Female,OBC,8,Medium,86.3,22.88,Medium,High,Yes,Graduate,Yes,Yes,Yes,No,4,Primary,No,0,0,1,0,19,Low,NO,Travel Constraint,Provide Transport,Low Priority
STU_GUJ_010482,2025,SCH_176,Bhavnagar,Rural,Female,SC,9,Medium,43.5,10.1,Medium,Low,Yes,Primary,No,Yes,No,No,7,Illiterate,No,0,1,1,1,50,Medium,NO,Academic Disengagement,Counselling Support,Monitor
STU_GUJ_005762,2019,SCH_005,Morbi,Urban,Male,General,5,High,43.8,2.88,High,High,Yes,Primary,No,No,Yes,No,8,Primary,No,0,0,0,1,37,Low,NO,Academic Disengagement,Counselling Support,Low Priority
STU_GUJ_005381,2021,SCH_175,Anand,Rural,Female,OBC,12,Very Low,69.9,26.44,Medium,Low,No,Primary,Yes,Yes,No,No,2,Graduate,Yes,1,1,1,1,52,Medium,NO,Academic Disengagement,Counselling Support,Monitor
STU_GUJ_004686,2023,SCH_020,Sabarkantha,Urban,Male,SC,4,Low,68.1,2.77,Medium,Medium,Yes,Illiterate,Yes,No,No,No,7,Graduate,No,0,0,0,1,23,Low,NO,Academic Disengagement,Counselling Support,Low Priority
STU_GUJ_006533,2025,SCH_029,Anand,Urban,Female,General,11,High,99.9,22.22,Low,Medium,Yes,Secondary,Yes,No,No,No,8,Graduate,Yes,0,1,1,0,32,Low,NO,Travel Constraint,Provide Transport,Low Priority
STU_GUJ_008731,2025,SCH_143,Mehsana,Urban,Male,OBC,5,High,66.8,0.16,Medium,Medium,No,Graduate,No,No,No,No,5,Primary,Yes,0,0,0,1,31,Low,NO,Academic Disengagement,Counselling Support,Low Priority
STU_GUJ_005059,2025,SCH_162,Junagadh,Rural,Male,General,2,Very Low,72.6,16.48,Low,Medium,Yes,Illiterate,No,No,No,No,4,Primary,Yes,0,0,1,0,28,Low,NO,Travel Constraint,Provide Transport,Low Priority
STU_GUJ_005126,2022,SCH_086,Junagadh,Tribal,Female,OBC,3,High,78.1,3.22,Medium,Medium,No,Illiterate,Yes,Yes,No,No,4,Graduate,No,0,0,0,0,17,Low,NO,Social Factor,Community Engagement,Low Priority
STU_GUJ_006102,2019,SCH_055,Bhavnagar,Urban,Female,OBC,12,Low,99.8,21.31,High,High,Yes,Primary,Yes,No,No,No,2,Primary,Yes,0,1,1,0,39,Low,NO,Travel Constraint,Provide Transport,Low Priority
STU_GUJ_008669,2022,SCH_148,Amreli,Rural,Female,OBC,7,Medium,72.9,6.32,High,Low,No,Graduate,Yes,No,No,No,5,Illiterate,No,0,0,1,0,24,Low,NO,Travel Constraint,Provide Transport,Low Priority
STU_GUJ_004336,2019,SCH_077,Banaskantha,Rural,Male,OBC,6,Low,57.1,5.8,Medium,Medium,No,Primary,Yes,No,No,No,2,Illiterate,Yes,0,0,1,1,34,Low,NO,Academic Disengagement,Counselling Support,Low Priority
STU_GUJ_005217,2019,SCH_167,Dahod,Tribal,Female,General,12,Medium,68.6,24.12,Low,High,Yes,Illiterate,Yes,Yes,No,No,6,Secondary,Yes,0,1,1,1,59,Medium,NO,Academic Disengagement,Counselling Support,Monitor
STU_GUJ_006356,2022,SCH_003,Amreli,Urban,Male,SC,4,Very Low,67.2,12.01,High,Medium,No,Primary,Yes,No,No,No,5,Secondary,No,1,0,1,1,27,Low,NO,Academic Disengagement,Counselling Support,Low Priority
STU_GUJ_005400,2019,SCH_086,Jamnagar,Rural,Male,General,6,Low,87.5,1.86,Low,Medium,No,Primary,Yes,Yes,No,Yes,6,Illiterate,Yes,0,0,0,0,27,Low,NO,Social Factor,Community Engagement,Low Priority
STU_GUJ_003474,2021,SCH_161,Surat,Urban,Male,General,7,Low,97.1,20.71,Medium,High,Yes,Primary,No,Yes,No,No,7,Primary,Yes,1,0,1,0,6,Low,NO,Travel Constraint,Provide Transport,Low Priority
STU_GUJ_009424,2022,SCH_178,Gandhinagar,Tribal,Male,SC,1,Very Low,49.7,23.52,Low,Low,No,Primary,Yes,No,No,No,7,Illiterate,No,0,0,1,1,48,Medium,NO,Academic Disengagement,Counselling Support,Monitor
STU_GUJ_009585,2024,SCH_081,Mehsana,Rural,Male,SC,12,Low,89.6,2.47,High,Medium,Yes,Illiterate,No,No,No,No,8,Primary,No,0,1,0,0,18,Low,NO,Social Factor,Community Engagement,Low Priority
STU_GUJ_002448,2024,SCH_105,Navsari,Urban,Female,OBC,3,High,99.7,19.06,High,Medium,Yes,Secondary,Yes,No,No,No,7,Secondary,Yes,1,0,1,0,19,Low,NO,Travel Constraint,Provide Transport,Low Priority
STU_GUJ_004606,2022,SCH_134,Bhavnagar,Urban,Male,OBC,5,Very Low,92.9,18.61,Medium,Medium,Yes,Illiterate,Yes,No,No,No,6,Primary,No,0,0,1,0,16,Low,NO,Travel Constraint,Provide Transport,Low Priority
STU_GUJ_010347,2022,SCH_143,Vadodara,Urban,Female,SC,6,Low,53.8,15.53,Medium,Low,Yes,Graduate,No,Yes,No,Yes,4,Illiterate,No,0,0,1,1,28,Low,NO,Academic Disengagement,Counselling Support,Low Priority
STU_GUJ_011238,2024,SCH_135,Junagadh,Urban,Female,OBC,11,Low,49.4,2.93,Medium,Low,Yes,Primary,No,No,No,No,3,Primary,No,1,1,0,1,27,Low,NO,Academic Disengagement,Counselling Support,Low Priority
STU_GUJ_003207,2024,SCH_175,Bharuch,Urban,Female,ST,10,Medium,76.3,3.81,Low,Medium,Yes,Primary,Yes,No,No,No,3,Primary,No,1,1,0,0,32,Low,NO,Social Factor,Community Engagement,Low Priority
STU_GUJ_001531,2021,SCH_071,Morbi,Rural,Female,General,3,Medium,45.5,21.82,Medium,Medium,Yes,Secondary,Yes,No,No,No,7,Secondary,No,0,0,1,1,33,Low,NO,Academic Disengagement,Counselling Support,Low Priority
STU_GUJ_006376,2021,SCH_095,Rajkot,Urban,Male,SC,9,Low,47.8,25.79,Medium,Medium,Yes,Primary,Yes,Yes,Yes,No,4,Illiterate,No,0,1,1,1,39,Low,NO,Academic Disengagement,Counselling Support,Low Priority
STU_GUJ_004027,2022,SCH_108,Navsari,Urban,Male,OBC,7,Low,41.2,3.74,Medium,High,Yes,Illiterate,Yes,No,No,No,7,Graduate,Yes,0,0,0,1,30,Low,NO,Academic Disengagement,Counselling Support,Low Priority
STU_GUJ_000217,2025,SCH_116,Jamnagar,Rural,Male,General,6,High,92.9,12.33,Low,Low,Yes,Illiterate,Yes,No,No,No,3,Illiterate,Yes,0,0,1,0,27,Low,NO,Travel Constraint,Provide Transport,Low Priority
STU_GUJ_003621,2025,SCH_155,Kutch,Urban,Female,General,7,High,49.8,25.51,Low,Medium,No,Graduate,Yes,No,Yes,No,7,Primary,Yes,1,0,1,1,38,Low,NO,Academic Disengagement,Counselling Support,Low Priority
STU_GUJ_006424,2019,SCH_154,Valsad,Urban,Male,OBC,8,Medium,64.9,14.61,High,Low,No,Secondary,Yes,Yes,Yes,No,4,Illiterate,No,0,0,1,1,48,Medium,NO,Academic Disengagement,Counselling Support,Monitor
STU_GUJ_000922,2023,SCH_052,Valsad,Tribal,Male,OBC,11,Low,55.4,17.84,Low,Low,No,Secondary,Yes,No,No,No,6,Graduate,Yes,1,1,1,1,66,Medium,NO,Academic Disengagement,Counselling Support,Monitor
STU_GUJ_000867,2024,SCH_122,Surat,Rural,Female,OBC,5,High,59.3,17.1,Low,Medium,No,Illiterate,Yes,Yes,Yes,No,6,Primary,No,0,0,1,1,56,Medium,NO,Academic Disengagement,Counselling Support,Monitor
STU_GUJ_006144,2025,SCH_011,Mehsana,Rural,Male,SC,1,Medium,82.3,6.51,Low,High,Yes,Graduate,Yes,Yes,No,No,8,Illiterate,No,0,0,1,0,32,Low,NO,Travel Constraint,Provide Transport,Low Priority
STU_GUJ_009563,2022,SCH_023,Surat,Tribal,Female,ST,3,Low,75.4,23.62,Medium,High,Yes,Illiterate,Yes,No,No,No,2,Primary,Yes,0,0,1,0,31,Low,NO,Travel Constraint,Provide Transport,Low Priority
STU_GUJ_000018,2023,SCH_068,Bhavnagar,Tribal,Male,SC,5,High,44.7,8.83,High,Medium,Yes,Secondary,Yes,Yes,No,Yes,3,Secondary,Yes,1,0,1,1,38,Low,NO,Academic Disengagement,Counselling Support,Low Priority
STU_GUJ_004227,2021,SCH_004,Mehsana,Rural,Male,OBC,9,Medium,58.4,17.7,Low,Low,No,Primary,No,No,No,No,3,Primary,Yes,0,1,1,1,46,Medium,NO,Academic Disengagement,Counselling Support,Monitor
STU_GUJ_011758,2025,SCH_039,Banaskantha,Rural,Male,General,7,Low,69.8,14.92,Low,Medium,No,Primary,Yes,Yes,No,No,7,Primary,No,1,0,1,1,49,Medium,NO,Academic Disengagement,Counselling Support,Monitor
STU_GUJ_011229,2023,SCH_009,Gandhinagar,Urban,Female,OBC,8,Very Low,94.2,3.74,High,High,Yes,Illiterate,Yes,Yes,Yes,No,8,Primary,Yes,0,0,0,0,27,Low,NO,Economic Pressure,Provide Scholarship,Low Priority
STU_GUJ_006465,2024,SCH_169,Morbi,Rural,Male,OBC,7,Low,61.3,12.88,Low,Low,Yes,Illiterate,Yes,Yes,No,No,8,Secondary,Yes,0,0,1,1,39,Low,NO,Academic Disengagement,Counselling Support,Low Priority
STU_GUJ_002508,2020,SCH_089,Anand,Urban,Male,General,9,High,67.8,5.63,High,Medium,Yes,Illiterate,Yes,No,No,No,2,Illiterate,Yes,0,1,1,1,34,Low,NO,Academic Disengagement,Counselling Support,Low Priority
STU_GUJ_011480,2019,SCH_111,Amreli,Urban,Female,ST,12,Low,84.4,26.84,Medium,Low,No,Illiterate,Yes,Yes,No,No,3,Illiterate,No,0,1,1,0,45,Medium,NO,Travel Constraint,Provide Transport,Monitor
STU_GUJ_004809,2025,SCH_037,Anand,Urban,Female,General,6,Very Low,73.9,0.39,Medium,Low,No,Secondary,Yes,Yes,No,No,2,Graduate,No,0,0,0,0,33,Low,NO,Economic Pressure,Provide Scholarship,Low Priority
STU_GUJ_009055,2025,SCH_042,Sabarkantha,Rural,Female,ST,1,Very Low,55.5,9.31,High,Medium,Yes,Secondary,No,No,No,No,7,Primary,Yes,0,0,1,1,35,Low,NO,Academic Disengagement,Counselling Support,Low Priority
STU_GUJ_010804,2022,SCH_143,Valsad,Urban,Male,SC,12,Medium,69.6,1.74,Medium,Medium,No,Secondary,Yes,No,No,No,4,Secondary,Yes,0,1,0,1,36,Low,NO,Academic Disengagement,Counselling Support,Low Priority
STU_GUJ_006686,2025,SCH_149,Anand,Urban,Female,OBC,4,Very Low,42.4,5.99,Medium,Medium,Yes,Illiterate,No,Yes,No,No,6,Secondary,No,1,0,1,1,33,Low,NO,Academic Disengagement,Counselling Support,Low Priority
STU_GUJ_002169,2019,SCH_042,Junagadh,Rural,Male,SC,1,Very Low,58.6,27.51,Medium,Low,Yes,Primary,Yes,No,Yes,Yes,2,Graduate,No,1,0,1,1,64,Medium,NO,Academic Disengagement,Counselling Support,Monitor
STU_GUJ_000796,2022,SCH_161,Navsari,Rural,Male,ST,11,Medium,54.7,16.35,Medium,Medium,Yes,Illiterate,Yes,No,Yes,No,2,Illiterate,Yes,1,1,1,1,52,Medium,NO,Academic Disengagement,Counselling Support,Monitor
STU_GUJ_011291,2020,SCH_177,Valsad,Urban,Female,General,11,Medium,41.6,16.47,Medium,Medium,No,Graduate,Yes,Yes,No,No,3,Primary,No,1,1,1,1,55,Medium,NO,Academic Disengagement,Counselling Support,Monitor
STU_GUJ_011154,2019,SCH_105,Navsari,Urban,Male,General,10,High,75.2,17.71,Low,Medium,No,Graduate,Yes,No,Yes,No,8,Graduate,Yes,0,1,1,0,46,Medium,NO,Travel Constraint,Provide Transport,Monitor
STU_GUJ_002317,2022,SCH_155,Dahod,Rural,Female,General,5,Medium,77.0,25.08,Medium,Medium,No,Primary,Yes,No,Yes,No,4,Secondary,Yes,1,0,1,0,28,Low,NO,Travel Constraint,Provide Transport,Low Priority
STU_GUJ_001563,2021,SCH_145,Patan,Rural,Male,General,5,Low,60.1,9.45,Medium,Medium,Yes,Graduate,Yes,No,No,No,6,Primary,No,1,0,1,1,24,Low,NO,Academic Disengagement,Counselling Support,Low Priority
STU_GUJ_006762,2023,SCH_134,Rajkot,Rural,Female,General,2,Low,58.1,8.3,Medium,Medium,Yes,Primary,No,No,No,No,4,Primary,No,1,0,1,1,30,Low,NO,Academic Disengagement,Counselling Support,Low Priority
STU_GUJ_010306,2020,SCH_061,Navsari,Rural,Male,General,3,Very Low,41.3,12.25,Low,Medium,Yes,Secondary,Yes,Yes,No,No,4,Secondary,Yes,0,0,1,1,34,Low,NO,Academic Disengagement,Counselling Support,Low Priority
STU_GUJ_002343,2021,SCH_071,Rajkot,Rural,Male,SC,8,Medium,72.5,11.1,Medium,High,Yes,Secondary,Yes,No,No,No,7,Primary,Yes,0,0,1,0,22,Low,NO,Travel Constraint,Provide Transport,Low Priority
STU_GUJ_007250,2022,SCH_138,Patan,Rural,Male,SC,3,Very Low,67.7,23.67,Medium,Medium,Yes,Illiterate,No,No,No,No,3,Primary,Yes,0,0,1,1,30,Low,NO,Academic Disengagement,Counselling Support,Low Priority
STU_GUJ_010088,2025,SCH_012,Junagadh,Tribal,Female,SC,1,Medium,44.1,27.95,Low,Medium,No,Illiterate,No,No,Yes,No,5,Illiterate,Yes,1,0,1,1,52,Medium,NO,Academic Disengagement,Counselling Support,Monitor
STU_GUJ_002914,2021,SCH_050,Dahod,Tribal,Female,General,1,High,50.9,11.33,Medium,Low,Yes,Secondary,Yes,No,No,No,7,Graduate,No,0,0,1,1,37,Low,NO,Academic Disengagement,Counselling Support,Low Priority
STU_GUJ_007771,2020,SCH_082,Kutch,Tribal,Female,General,4,High,42.7,25.7,High,Low,Yes,Secondary,No,No,No,No,4,Secondary,No,0,0,1,1,40,Low,NO,Academic Disengagement,Counselling Support,Low Priority
STU_GUJ_003782,2022,SCH_102,Navsari,Urban,Male,OBC,1,High,73.8,13.0,Medium,Medium,No,Secondary,Yes,Yes,No,No,7,Primary,Yes,0,0,1,0,14,Low,NO,Travel Constraint,Provide Transport,Low Priority
STU_GUJ_011002,2021,SCH_177,Vadodara,Urban,Male,General,10,Low,95.5,2.62,High,Low,Yes,Illiterate,Yes,Yes,No,No,4,Primary,Yes,0,1,0,0,15,Low,NO,Social Factor,Community Engagement,Low Priority
STU_GUJ_010963,2020,SCH_152,Mehsana,Rural,Female,SC,9,Low,40.3,3.52,High,Medium,Yes,Primary,No,Yes,No,No,2,Illiterate,No,1,1,0,1,47,Medium,NO,Academic Disengagement,Counselling Support,Monitor
STU_GUJ_003483,2023,SCH_161,Valsad,Rural,Male,ST,9,Very Low,93.6,10.58,Low,Low,Yes,Secondary,Yes,No,No,No,7,Illiterate,No,0,1,1,0,44,Medium,NO,Travel Constraint,Provide Transport,Monitor
STU_GUJ_000684,2019,SCH_037,Banaskantha,Urban,Male,ST,1,Low,51.8,24.48,Medium,High,Yes,Primary,No,No,No,No,7,Secondary,Yes,1,0,1,1,28,Low,NO,Academic Disengagement,Counselling Support,Low Priority
STU_GUJ_007008,2022,SCH_073,Junagadh,Urban,Female,OBC,6,Low,66.6,27.93,Medium,Low,Yes,Illiterate,No,Yes,No,No,7,Illiterate,No,0,0,1,1,36,Low,NO,Academic Disengagement,Counselling Support,Low Priority
STU_GUJ_006487,2024,SCH_122,Ahmedabad,Urban,Female,SC,2,High,93.9,4.94,High,High,Yes,Illiterate,Yes,Yes,No,No,8,Illiterate,Yes,0,0,0,0,8,Low,NO,Social Factor,Community Engagement,Low Priority
STU_GUJ_010866,2020,SCH_077,Jamnagar,Urban,Male,SC,7,Low,66.3,12.5,High,Low,No,Graduate,Yes,Yes,No,No,2,Illiterate,Yes,0,0,1,1,38,Low,NO,Academic Disengagement,Counselling Support,Low Priority
STU_GUJ_000578,2024,SCH_060,Dahod,Urban,Male,General,12,Low,46.2,19.24,High,Medium,No,Secondary,Yes,Yes,Yes,No,3,Secondary,Yes,1,1,1,1,38,Low,NO,Academic Disengagement,Counselling Support,Low Priority
STU_GUJ_011141,2019,SCH_039,Valsad,Tribal,Male,SC,3,Very Low,70.9,18.24,High,High,Yes,Secondary,Yes,No,No,No,7,Illiterate,No,1,0,1,0,30,Low,NO,Travel Constraint,Provide Transport,Low Priority
STU_GUJ_002969,2019,SCH_028,Mehsana,Rural,Female,OBC,2,High,44.6,4.93,Low,High,Yes,Primary,Yes,No,No,No,2,Secondary,No,0,0,0,1,26,Low,NO,Academic Disengagement,Counselling Support,Low Priority
STU_GUJ_011473,2019,SCH_006,Banaskantha,Urban,Male,SC,5,Low,93.2,3.09,Medium,High,Yes,Illiterate,No,No,No,No,7,Primary,No,0,0,0,0,9,Low,NO,Social Factor,Community Engagement,Low Priority
STU_GUJ_007664,2021,SCH_004,Junagadh,Tribal,Male,General,9,Low,87.5,13.45,Medium,Medium,Yes,Graduate,Yes,Yes,No,No,6,Primary,No,1,1,1,0,32,Low,NO,Travel Constraint,Provide Transport,Low Priority
STU_GUJ_006754,2019,SCH_155,Valsad,Urban,Female,SC,2,Low,53.4,9.15,High,Low,Yes,Primary,Yes,No,No,Yes,5,Illiterate,Yes,1,0,1,1,41,Medium,NO,Academic Disengagement,Counselling Support,Monitor
STU_GUJ_006521,2019,SCH_034,Bhavnagar,Tribal,Female,ST,6,High,67.0,21.48,High,Low,No,Graduate,No,Yes,No,No,3,Primary,Yes,0,0,1,1,44,Medium,NO,Academic Disengagement,Counselling Support,Monitor
STU_GUJ_000762,2024,SCH_066,Patan,Urban,Female,SC,3,Very Low,55.8,22.43,Low,Medium,Yes,Primary,Yes,Yes,Yes,No,8,Primary,No,1,0,1,1,35,Low,NO,Academic Disengagement,Counselling Support,Low Priority
STU_GUJ_005268,2025,SCH_062,Navsari,Urban,Male,SC,2,Low,63.2,10.22,Medium,Low,Yes,Illiterate,Yes,Yes,No,Yes,5,Illiterate,No,0,0,1,1,25,Low,NO,Academic Disengagement,Counselling Support,Low Priority
STU_GUJ_008991,2021,SCH_038,Banaskantha,Rural,Female,SC,1,Very Low,80.3,16.91,Medium,Medium,No,Secondary,Yes,Yes,No,Yes,2,Graduate,Yes,0,0,1,0,37,Low,NO,Travel Constraint,Provide Transport,Low Priority
STU_GUJ_010794,2019,SCH_163,Ahmedabad,Tribal,Male,OBC,4,High,48.3,11.44,Medium,Low,Yes,Primary,No,Yes,No,No,2,Illiterate,No,0,0,1,1,50,Medium,NO,Academic Disengagement,Counselling Support,Monitor
STU_GUJ_001458,2021,SCH_127,Dahod,Rural,Female,OBC,7,High,65.4,15.36,High,High,Yes,Graduate,No,Yes,No,No,5,Illiterate,No,0,0,1,1,30,Low,NO,Academic Disengagement,Counselling Support,Low Priority
STU_GUJ_001618,2025,SCH_163,Junagadh,Tribal,Male,General,1,High,75.0,18.92,Low,Medium,Yes,Illiterate,No,No,No,No,8,Secondary,No,0,0,1,0,35,Low,NO,Travel Constraint,Provide Transport,Low Priority
STU_GUJ_004450,2021,SCH_035,Jamnagar,Urban,Female,General,10,Low,90.5,26.94,Low,Medium,No,Primary,Yes,No,Yes,Yes,6,Illiterate,No,0,1,1,0,49,Medium,NO,Travel Constraint,Provide Transport,Monitor
STU_GUJ_006570,2022,SCH_071,Amreli,Urban,Male,OBC,11,Very Low,79.1,26.07,Medium,Medium,No,Primary,Yes,No,Yes,No,3,Primary,Yes,0,1,1,0,36,Low,NO,Travel Constraint,Provide Transport,Low Priority
STU_GUJ_002251,2022,SCH_045,Vadodara,Rural,Male,General,5,Very Low,54.2,16.9,High,Low,Yes,Secondary,Yes,Yes,No,No,7,Secondary,Yes,1,0,1,1,34,Low,NO,Academic Disengagement,Counselling Support,Low Priority
STU_GUJ_010011,2022,SCH_166,Vadodara,Urban,Female,OBC,8,High,51.6,13.59,Low,Medium,No,Primary,Yes,Yes,No,No,5,Primary,No,0,0,1,1,34,Low,NO,Academic Disengagement,Counselling Support,Low Priority
STU_GUJ_002577,2025,SCH_156,Rajkot,Rural,Female,General,5,Medium,80.1,7.16,Medium,Low,No,Secondary,Yes,Yes,No,No,3,Graduate,Yes,0,0,1,0,39,Low,NO,Travel Constraint,Provide Transport,Low Priority
STU_GUJ_006522,2025,SCH_039,Gandhinagar,Tribal,Male,OBC,6,Very Low,42.6,18.38,High,Medium,No,Secondary,Yes,Yes,No,No,4,Primary,No,1,0,1,1,59,Medium,NO,Academic Disengagement,Counselling Support,Monitor
STU_GUJ_002615,2020,SCH_108,Morbi,Urban,Male,SC,9,Low,43.5,27.51,Low,Low,No,Primary,Yes,Yes,No,No,8,Secondary,Yes,1,1,1,1,46,Medium,NO,Academic Disengagement,Counselling Support,Monitor
STU_GUJ_005590,2020,SCH_157,Bharuch,Urban,Female,SC,11,Low,52.0,20.76,Medium,Low,Yes,Primary,No,Yes,No,No,3,Illiterate,No,1,1,1,1,59,Medium,NO,Academic Disengagement,Counselling Support,Monitor
STU_GUJ_004399,2021,SCH_013,Patan,Tribal,Male,General,9,Very Low,67.8,4.02,Low,Medium,Yes,Primary,Yes,Yes,No,No,7,Primary,No,0,1,0,1,38,Low,NO,Academic Disengagement,Counselling Support,Low Priority
STU_GUJ_006591,2024,SCH_021,Bharuch,Tribal,Male,OBC,3,Medium,86.3,11.06,Medium,Low,Yes,Primary,Yes,No,No,Yes,3,Illiterate,No,1,0,1,0,32,Low,NO,Travel Constraint,Provide Transport,Low Priority
STU_GUJ_008772,2021,SCH_052,Banaskantha,Rural,Male,SC,8,Medium,53.9,5.69,High,High,Yes,Primary,No,No,No,No,6,Secondary,No,0,0,1,1,32,Low,NO,Academic Disengagement,Counselling Support,Low Priority
STU_GUJ_009776,2022,SCH_171,Dahod,Tribal,Male,OBC,9,Medium,44.3,20.07,Low,Medium,Yes,Illiterate,Yes,Yes,No,No,5,Graduate,No,0,1,1,1,49,Medium,NO,Academic Disengagement,Counselling Support,Monitor
STU_GUJ_008116,2019,SCH_041,Ahmedabad,Rural,Male,General,12,High,66.4,9.53,High,High,Yes,Illiterate,Yes,No,No,No,5,Secondary,No,1,1,1,1,36,Low,NO,Academic Disengagement,Counselling Support,Low Priority
STU_GUJ_001808,2021,SCH_158,Anand,Rural,Male,SC,5,Low,97.5,20.54,Low,High,Yes,Illiterate,Yes,Yes,No,No,3,Illiterate,Yes,1,0,1,0,24,Low,NO,Travel Constraint,Provide Transport,Low Priority
STU_GUJ_006585,2024,SCH_084,Anand,Rural,Female,SC,11,Medium,94.9,7.08,Medium,Medium,Yes,Illiterate,No,Yes,Yes,No,8,Secondary,Yes,0,1,1,0,38,Low,NO,Travel Constraint,Provide Transport,Low Priority
STU_GUJ_010904,2022,SCH_034,Ahmedabad,Rural,Male,General,10,Medium,70.5,2.36,Low,Medium,No,Illiterate,Yes,Yes,Yes,No,6,Primary,No,0,1,0,0,56,Medium,NO,Social Factor,Community Engagement,Monitor
STU_GUJ_010280,2019,SCH_002,Surat,Urban,Female,OBC,7,Medium,58.4,15.23,High,Low,No,Illiterate,Yes,No,No,No,6,Illiterate,No,1,0,1,1,39,Low,NO,Academic Disengagement,Counselling Support,Low Priority
STU_GUJ_005715,2023,SCH_050,Patan,Rural,Female,General,7,Medium,86.1,15.92,High,High,Yes,Secondary,Yes,Yes,Yes,No,2,Primary,No,0,0,1,0,21,Low,NO,Travel Constraint,Provide Transport,Low Priority
STU_GUJ_003533,2022,SCH_112,Anand,Rural,Female,OBC,3,Low,76.3,5.77,High,Medium,No,Graduate,No,No,No,No,6,Illiterate,No,0,0,1,0,19,Low,NO,Travel Constraint,Provide Transport,Low Priority
STU_GUJ_001042,2021,SCH_080,Navsari,Rural,Male,OBC,2,Medium,64.4,5.5,High,Medium,No,Primary,No,No,No,Yes,7,Secondary,Yes,1,0,1,1,21,Low,NO,Academic Disengagement,Counselling Support,Low Priority
STU_GUJ_003854,2021,SCH_159,Gandhinagar,Rural,Female,General,5,Low,92.3,25.87,Medium,Medium,No,Illiterate,Yes,Yes,No,No,7,Illiterate,No,0,0,1,0,13,Low,NO,Travel Constraint,Provide Transport,Low Priority
STU_GUJ_004975,2023,SCH_064,Patan,Urban,Female,SC,9,Medium,65.0,24.11,Medium,Medium,Yes,Illiterate,Yes,No,No,No,8,Primary,No,0,1,1,1,36,Low,NO,Academic Disengagement,Counselling Support,Low Priority
STU_GUJ_005008,2022,SCH_038,Morbi,Urban,Male,General,2,High,79.3,23.85,Medium,Medium,Yes,Primary,Yes,No,Yes,No,2,Primary,Yes,0,0,1,0,20,Low,NO,Travel Constraint,Provide Transport,Low Priority
STU_GUJ_000174,2022,SCH_177,Banaskantha,Rural,Male,SC,9,Low,70.7,16.43,Medium,Medium,No,Primary,Yes,Yes,No,No,5,Graduate,No,0,1,1,0,43,Medium,NO,Travel Constraint,Provide Transport,Monitor
STU_GUJ_007021,2024,SCH_106,Junagadh,Rural,Female,OBC,7,Low,81.0,22.17,Low,Medium,Yes,Graduate,No,No,No,No,7,Primary,No,0,0,1,0,32,Low,NO,Travel Constraint,Provide Transport,Low Priority
STU_GUJ_000170,2025,SCH_084,Sabarkantha,Urban,Male,OBC,7,Low,55.0,26.47,Medium,Low,Yes,Secondary,No,Yes,No,No,4,Graduate,Yes,0,0,1,1,33,Low,NO,Academic Disengagement,Counselling Support,Low Priority
STU_GUJ_008862,2023,SCH_168,Gandhinagar,Rural,Male,ST,5,Low,89.3,18.95,Medium,Medium,No,Secondary,Yes,No,No,No,3,Graduate,No,0,0,1,0,27,Low,NO,Travel Constraint,Provide Transport,Low Priority
STU_GUJ_007901,2021,SCH_063,Dahod,Rural,Male,SC,3,Low,72.1,24.54,High,Medium,Yes,Graduate,Yes,Yes,No,No,3,Illiterate,No,1,0,1,0,24,Low,NO,Travel Constraint,Provide Transport,Low Priority
STU_GUJ_008551,2021,SCH_110,Kutch,Tribal,Male,General,8,Medium,98.8,10.94,High,High,No,Secondary,Yes,No,No,No,8,Primary,Yes,0,0,1,0,18,Low,NO,Travel Constraint,Provide Transport,Low Priority
STU_GUJ_003942,2024,SCH_026,Morbi,Urban,Female,OBC,7,Very Low,60.6,14.47,Low,Medium,Yes,Graduate,Yes,Yes,No,No,2,Graduate,No,0,0,1,1,51,Medium,NO,Academic Disengagement,Counselling Support,Monitor
STU_GUJ_001273,2019,SCH_090,Amreli,Tribal,Female,OBC,1,Very Low,57.7,18.98,Low,High,Yes,Secondary,Yes,Yes,No,No,5,Primary,Yes,1,0,1,1,54,Medium,NO,Academic Disengagement,Counselling Support,Monitor
STU_GUJ_007154,2025,SCH_084,Kutch,Tribal,Male,OBC,3,Very Low,52.3,27.36,Low,High,Yes,Secondary,No,No,No,No,5,Secondary,Yes,1,0,1,1,51,Medium,NO,Academic Disengagement,Counselling Support,Monitor
STU_GUJ_000961,2019,SCH_149,Jamnagar,Urban,Female,SC,9,Medium,75.6,11.71,Medium,High,Yes,Primary,No,Yes,No,No,7,Illiterate,No,0,1,1,0,23,Low,NO,Travel Constraint,Provide Transport,Low Priority
STU_GUJ_002544,2020,SCH_078,Bhavnagar,Urban,Male,SC,12,Medium,44.5,11.44,Medium,Low,Yes,Secondary,No,Yes,No,No,8,Primary,No,0,1,1,1,41,Medium,NO,Academic Disengagement,Counselling Support,Monitor
STU_GUJ_004719,2023,SCH_079,Amreli,Rural,Male,SC,10,Very Low,95.1,18.81,Medium,Low,Yes,Primary,Yes,Yes,Yes,No,3,Illiterate,No,1,1,1,0,56,Medium,NO,Travel Constraint,Provide Transport,Monitor
STU_GUJ_007945,2019,SCH_119,Kutch,Urban,Female,General,11,Low,99.2,7.86,Medium,High,Yes,Illiterate,Yes,Yes,No,No,6,Primary,Yes,0,1,1,0,37,Low,NO,Travel Constraint,Provide Transport,Low Priority
STU_GUJ_000884,2023,SCH_011,Sabarkantha,Rural,Male,OBC,11,Very Low,65.9,23.14,High,High,Yes,Illiterate,Yes,Yes,Yes,No,3,Graduate,Yes,0,1,1,1,67,Medium,NO,Academic Disengagement,Counselling Support,Monitor
STU_GUJ_010438,2020,SCH_141,Mehsana,Urban,Male,OBC,11,Very Low,54.0,21.96,Medium,Low,Yes,Graduate,Yes,Yes,No,No,4,Secondary,No,1,1,1,1,43,Medium,NO,Academic Disengagement,Counselling Support,Monitor
STU_GUJ_002523,2022,SCH_139,Valsad,Tribal,Male,SC,2,Low,45.9,22.15,High,Medium,Yes,Graduate,Yes,Yes,Yes,No,2,Secondary,Yes,0,0,1,1,42,Medium,NO,Academic Disengagement,Counselling Support,Monitor
STU_GUJ_000800,2019,SCH_031,Bhavnagar,Urban,Female,General,1,Very Low,70.4,18.78,Medium,Low,No,Primary,No,Yes,No,Yes,5,Primary,Yes,1,0,1,0,37,Low,NO,Travel Constraint,Provide Transport,Low Priority
STU_GUJ_011846,2020,SCH_053,Bharuch,Rural,Female,OBC,2,Low,83.7,21.32,Low,High,No,Secondary,Yes,No,No,No,5,Secondary,No,0,0,1,0,27,Low,NO,Travel Constraint,Provide Transport,Low Priority
STU_GUJ_008331,2020,SCH_066,Valsad,Urban,Female,ST,9,Very Low,99.8,25.9,Medium,High,Yes,Illiterate,Yes,No,No,No,3,Secondary,No,1,1,1,0,33,Low,NO,Travel Constraint,Provide Transport,Low Priority
STU_GUJ_004031,2024,SCH_148,Bhavnagar,Rural,Male,OBC,1,Medium,96.7,21.4,Low,High,Yes,Illiterate,Yes,Yes,No,No,8,Illiterate,No,0,0,1,0,21,Low,NO,Travel Constraint,Provide Transport,Low Priority
STU_GUJ_001594,2020,SCH_154,Amreli,Tribal,Female,ST,5,Very Low,49.8,22.18,Low,Medium,No,Illiterate,Yes,Yes,No,No,6,Secondary,Yes,1,0,1,1,46,Medium,NO,Academic Disengagement,Counselling Support,Monitor
STU_GUJ_002537,2025,SCH_140,Bharuch,Rural,Male,OBC,2,Medium,94.0,13.81,Medium,Medium,Yes,Primary,Yes,No,No,No,8,Primary,No,0,0,1,0,19,Low,NO,Travel Constraint,Provide Transport,Low Priority
STU_GUJ_002883,2021,SCH_056,Vadodara,Rural,Female,ST,3,Very Low,89.0,5.22,High,High,No,Primary,Yes,No,No,No,4,Primary,No,1,0,1,0,31,Low,NO,Travel Constraint,Provide Transport,Low Priority
STU_GUJ_006497,2020,SCH_052,Jamnagar,Rural,Male,OBC,6,Very Low,79.8,11.78,Low,Medium,Yes,Primary,Yes,Yes,No,No,5,Illiterate,No,1,0,1,0,27,Low,NO,Travel Constraint,Provide Transport,Low Priority
STU_GUJ_006766,2021,SCH_099,Vadodara,Rural,Female,General,6,Medium,52.6,0.79,Medium,Medium,Yes,Graduate,Yes,Yes,Yes,No,6,Illiterate,No,0,0,0,1,39,Low,NO,Academic Disengagement,Counselling Support,Low Priority
STU_GUJ_003602,2019,SCH_100,Bharuch,Urban,Female,OBC,2,Very Low,66.2,26.84,Medium,Low,No,Graduate,Yes,Yes,Yes,No,3,Secondary,Yes,1,0,1,1,52,Medium,NO,Academic Disengagement,Counselling Support,Monitor
STU_GUJ_004419,2025,SCH_075,Vadodara,Rural,Male,OBC,6,Very Low,64.7,9.19,High,Medium,No,Illiterate,No,Yes,Yes,No,8,Illiterate,No,1,0,1,1,48,Medium,NO,Academic Disengagement,Counselling Support,Monitor
STU_GUJ_004783,2021,SCH_077,Bhavnagar,Rural,Female,ST,1,Low,63.5,20.71,High,High,Yes,Illiterate,Yes,No,No,No,7,Illiterate,Yes,0,0,1,1,38,Low,NO,Academic Disengagement,Counselling Support,Low Priority
STU_GUJ_004221,2021,SCH_106,Surat,Rural,Female,SC,8,Very Low,59.9,9.32,Medium,Medium,No,Secondary,No,No,No,No,5,Illiterate,Yes,1,0,1,1,44,Medium,NO,Academic Disengagement,Counselling Support,Monitor
STU_GUJ_006552,2020,SCH_137,Navsari,Rural,Female,OBC,9,Low,51.8,6.08,High,Medium,Yes,Graduate,Yes,Yes,No,No,7,Illiterate,No,0,1,1,1,39,Low,NO,Academic Disengagement,Counselling Support,Low Priority
STU_GUJ_003679,2020,SCH_173,Ahmedabad,Rural,Female,OBC,2,Very Low,82.7,23.47,Medium,High,No,Illiterate,No,No,Yes,No,8,Primary,No,0,0,1,0,37,Low,NO,Travel Constraint,Provide Transport,Low Priority
STU_GUJ_001161,2023,SCH_095,Valsad,Rural,Female,General,4,Low,45.4,5.13,Medium,Low,Yes,Illiterate,No,No,No,No,7,Primary,No,1,0,1,1,33,Low,NO,Academic Disengagement,Counselling Support,Low Priority
STU_GUJ_003885,2021,SCH_058,Sabarkantha,Rural,Female,SC,3,Medium,95.6,18.7,Medium,Medium,No,Illiterate,No,No,No,No,4,Illiterate,No,0,0,1,0,21,Low,NO,Travel Constraint,Provide Transport,Low Priority
STU_GUJ_009625,2025,SCH_176,Mehsana,Rural,Male,General,6,Very Low,75.3,16.75,Medium,Medium,No,Graduate,No,No,No,No,6,Graduate,Yes,0,0,1,0,36,Low,NO,Travel Constraint,Provide Transport,Low Priority
STU_GUJ_004481,2024,SCH_050,Vadodara,Rural,Female,ST,4,Low,81.5,22.17,High,Medium,Yes,Primary,Yes,Yes,No,No,2,Illiterate,Yes,0,0,1,0,30,Low,NO,Travel Constraint,Provide Transport,Low Priority
STU_GUJ_010372,2019,SCH_065,Dahod,Urban,Male,OBC,4,Low,42.4,15.38,High,Medium,Yes,Illiterate,Yes,Yes,No,No,6,Secondary,No,0,0,1,1,27,Low,NO,Academic Disengagement,Counselling Support,Low Priority
STU_GUJ_008453,2020,SCH_005,Bhavnagar,Rural,Male,OBC,7,Very Low,74.9,14.41,Medium,Low,Yes,Illiterate,No,No,No,No,4,Primary,Yes,0,0,1,0,25,Low,NO,Travel Constraint,Provide Transport,Low Priority
STU_GUJ_007996,2022,SCH_036,Sabarkantha,Urban,Female,SC,5,Medium,56.6,6.15,Medium,Low,No,Secondary,Yes,No,No,No,7,Primary,Yes,1,0,1,1,33,Low,NO,Academic Disengagement,Counselling Support,Low Priority
STU_GUJ_000587,2019,SCH_114,Surat,Urban,Female,General,12,Very Low,43.1,4.01,Medium,Medium,Yes,Illiterate,Yes,Yes,No,No,6,Illiterate,No,1,1,0,1,34,Low,NO,Academic Disengagement,Counselling Support,Low Priority
STU_GUJ_001580,2023,SCH_092,Rajkot,Rural,Female,General,5,Very Low,79.1,5.99,Medium,High,No,Secondary,Yes,Yes,No,No,4,Secondary,No,0,0,1,0,24,Low,NO,Travel Constraint,Provide Transport,Low Priority
STU_GUJ_005397,2025,SCH_144,Junagadh,Urban,Female,General,8,Low,78.2,17.05,Medium,Medium,Yes,Secondary,Yes,Yes,No,No,4,Secondary,No,0,0,1,0,13,Low,NO,Travel Constraint,Provide Transport,Low Priority
STU_GUJ_006998,2025,SCH_092,Sabarkantha,Tribal,Male,General,2,Low,66.1,15.45,Low,Medium,No,Graduate,No,Yes,No,No,4,Primary,Yes,1,0,1,1,41,Medium,NO,Academic Disengagement,Counselling Support,Monitor
STU_GUJ_010668,2020,SCH_037,Morbi,Tribal,Female,ST,10,Very Low,91.7,2.6,Low,High,No,Secondary,Yes,Yes,No,No,2,Graduate,No,1,1,0,0,49,Medium,NO,Economic Pressure,Provide Scholarship,Monitor
STU_GUJ_011049,2020,SCH_020,Banaskantha,Rural,Female,General,7,Low,71.3,6.71,Low,Low,Yes,Secondary,Yes,Yes,No,No,8,Primary,No,0,0,1,0,45,Medium,NO,Travel Constraint,Provide Transport,Monitor
STU_GUJ_002958,2020,SCH_057,Anand,Rural,Female,General,6,High,67.2,7.77,Medium,High,No,Illiterate,Yes,Yes,No,No,6,Primary,No,0,0,1,1,28,Low,NO,Academic Disengagement,Counselling Support,Low Priority
STU_GUJ_007517,2020,SCH_140,Navsari,Rural,Male,General,7,High,53.2,26.89,Low,Medium,Yes,Graduate,No,Yes,No,No,4,Graduate,Yes,0,0,1,1,33,Low,NO,Academic Disengagement,Counselling Support,Low Priority
STU_GUJ_008683,2024,SCH_173,Kutch,Tribal,Male,ST,5,Low,66.2,24.26,Low,Medium,Yes,Secondary,Yes,No,Yes,No,2,Secondary,No,0,0,1,1,39,Low,NO,Academic Disengagement,Counselling Support,Low Priority
STU_GUJ_002586,2025,SCH_139,Junagadh,Urban,Female,General,10,Medium,80.7,5.38,High,High,Yes,Illiterate,Yes,No,No,No,3,Secondary,No,0,1,1,0,32,Low,NO,Travel Constraint,Provide Transport,Low Priority
STU_GUJ_001148,2019,SCH_180,Gandhinagar,Rural,Male,ST,10,Medium,50.0,27.17,Medium,Medium,No,Secondary,Yes,No,No,No,4,Primary,Yes,0,1,1,1,42,Medium,NO,Academic Disengagement,Counselling Support,Monitor
STU_GUJ_008716,2020,SCH_164,Kutch,Urban,Female,SC,7,Medium,94.5,1.99,High,High,Yes,Secondary,Yes,No,Yes,No,4,Illiterate,No,0,0,0,0,26,Low,NO,Social Factor,Community Engagement,Low Priority
STU_GUJ_009620,2020,SCH_136,Bhavnagar,Urban,Male,General,1,Medium,98.4,3.34,Medium,High,No,Primary,Yes,Yes,No,No,6,Secondary,Yes,0,0,0,0,24,Low,NO,Social Factor,Community Engagement,Low Priority
STU_GUJ_009503,2025,SCH_087,Jamnagar,Tribal,Female,SC,5,Medium,96.6,18.16,Medium,Medium,Yes,Primary,No,Yes,No,No,2,Primary,No,0,0,1,0,19,Low,NO,Travel Constraint,Provide Transport,Low Priority
STU_GUJ_004563,2025,SCH_164,Banaskantha,Rural,Male,General,1,Medium,85.7,16.87,Low,High,Yes,Graduate,Yes,No,No,No,7,Illiterate,Yes,1,0,1,0,30,Low,NO,Travel Constraint,Provide Transport,Low Priority
STU_GUJ_011489,2022,SCH_166,Junagadh,Urban,Female,OBC,5,Medium,88.4,15.78,Medium,Medium,No,Primary,No,Yes,No,No,2,Illiterate,Yes,0,0,1,0,13,Low,NO,Travel Constraint,Provide Transport,Low Priority
STU_GUJ_005020,2023,SCH_127,Amreli,Rural,Male,SC,6,Low,68.5,5.73,Medium,Medium,Yes,Graduate,Yes,Yes,No,No,5,Primary,Yes,0,0,1,1,30,Low,NO,Academic Disengagement,Counselling Support,Low Priority
STU_GUJ_011109,2019,SCH_044,Dahod,Tribal,Female,OBC,9,Low,52.8,23.15,Low,High,Yes,Primary,Yes,No,No,No,3,Secondary,Yes,1,1,1,1,55,Medium,NO,Academic Disengagement,Counselling Support,Monitor
STU_GUJ_002535,2023,SCH_001,Ahmedabad,Tribal,Male,OBC,12,High,62.0,10.03,Low,Medium,No,Primary,Yes,No,No,No,2,Primary,Yes,0,1,1,1,53,Medium,NO,Academic Disengagement,Counselling Support,Monitor
STU_GUJ_009303,2022,SCH_039,Kutch,Tribal,Female,General,9,Medium,82.3,1.45,Medium,High,Yes,Primary,Yes,No,No,No,5,Illiterate,Yes,0,1,0,0,32,Low,NO,Social Factor,Community Engagement,Low Priority
STU_GUJ_008349,2024,SCH_168,Rajkot,Tribal,Female,General,1,Low,82.3,0.33,Low,Low,Yes,Illiterate,Yes,Yes,No,No,6,Illiterate,Yes,0,0,0,0,26,Low,NO,Social Factor,Community Engagement,Low Priority
STU_GUJ_003266,2024,SCH_020,Mehsana,Tribal,Male,OBC,6,Low,89.3,6.86,Medium,Low,Yes,Illiterate,Yes,Yes,No,No,2,Primary,No,1,0,1,0,16,Low,NO,Travel Constraint,Provide Transport,Low Priority
STU_GUJ_008986,2023,SCH_005,Morbi,Tribal,Female,SC,5,Medium,76.6,11.72,Medium,Medium,No,Primary,Yes,No,Yes,Yes,6,Primary,No,0,0,1,0,42,Medium,NO,Travel Constraint,Provide Transport,Monitor
STU_GUJ_005107,2023,SCH_026,Navsari,Rural,Female,OBC,12,High,94.9,9.93,Medium,Medium,Yes,Secondary,No,Yes,No,No,8,Primary,No,0,1,1,0,26,Low,NO,Travel Constraint,Provide Transport,Low Priority
STU_GUJ_009728,2023,SCH_087,Anand,Tribal,Female,General,3,Medium,46.5,2.22,High,High,Yes,Primary,Yes,Yes,No,No,3,Primary,Yes,0,0,0,1,31,Low,NO,Academic Disengagement,Counselling Support,Low Priority
STU_GUJ_007872,2022,SCH_153,Banaskantha,Tribal,Female,OBC,8,Medium,83.5,2.59,Medium,Medium,Yes,Secondary,Yes,Yes,Yes,No,2,Secondary,Yes,0,0,0,0,28,Low,NO,Social Factor,Community Engagement,Low Priority
STU_GUJ_002677,2025,SCH_175,Ahmedabad,Tribal,Female,OBC,5,Low,52.0,12.45,Low,Low,No,Illiterate,Yes,Yes,No,No,8,Illiterate,Yes,0,0,1,1,41,Medium,NO,Academic Disengagement,Counselling Support,Monitor
STU_GUJ_011181,2019,SCH_121,Patan,Urban,Male,SC,9,Medium,50.9,21.42,Medium,Medium,No,Graduate,Yes,Yes,No,No,8,Illiterate,No,1,1,1,1,34,Low,NO,Academic Disengagement,Counselling Support,Low Priority
STU_GUJ_010265,2023,SCH_050,Kutch,Urban,Female,OBC,12,Low,64.1,6.28,Low,High,Yes,Graduate,Yes,No,No,No,7,Secondary,No,0,1,1,1,45,Medium,NO,Academic Disengagement,Counselling Support,Monitor
STU_GUJ_011393,2025,SCH_034,Jamnagar,Rural,Female,OBC,10,Medium,91.6,12.94,High,High,Yes,Illiterate,No,No,No,No,2,Illiterate,No,0,1,1,0,31,Low,NO,Travel Constraint,Provide Transport,Low Priority
STU_GUJ_010472,2022,SCH_083,Jamnagar,Rural,Female,ST,10,Medium,77.1,26.4,Medium,Medium,No,Illiterate,Yes,Yes,No,Yes,8,Graduate,Yes,1,1,1,0,52,Medium,NO,Travel Constraint,Provide Transport,Monitor
STU_GUJ_000104,2019,SCH_149,Amreli,Tribal,Female,OBC,7,Very Low,63.8,2.08,High,Medium,Yes,Illiterate,No,Yes,No,No,5,Secondary,Yes,0,0,0,1,30,Low,NO,Academic Disengagement,Counselling Support,Low Priority
STU_GUJ_011211,2025,SCH_077,Mehsana,Tribal,Female,SC,2,High,68.0,3.87,Medium,High,Yes,Illiterate,Yes,Yes,No,No,7,Primary,No,1,0,0,1,37,Low,NO,Academic Disengagement,Counselling Support,Low Priority
STU_GUJ_009239,2022,SCH_028,Anand,Urban,Male,OBC,2,Low,57.2,2.19,High,Medium,Yes,Illiterate,Yes,Yes,Yes,No,4,Secondary,No,1,0,0,1,25,Low,NO,Academic Disengagement,Counselling Support,Low Priority
STU_GUJ_009529,2021,SCH_075,Surat,Rural,Male,General,2,Very Low,65.3,26.43,Low,High,Yes,Graduate,Yes,Yes,No,No,5,Graduate,No,0,0,1,1,37,Low,NO,Academic Disengagement,Counselling Support,Low Priority
STU_GUJ_005419,2024,SCH_024,Dahod,Tribal,Male,OBC,11,High,99.9,21.03,High,Medium,Yes,Illiterate,Yes,No,Yes,No,8,Primary,No,0,1,1,0,48,Medium,NO,Travel Constraint,Provide Transport,Monitor
STU_GUJ_003232,2025,SCH_017,Bhavnagar,Tribal,Female,General,6,Very Low,96.7,11.88,Medium,Medium,Yes,Illiterate,No,No,No,No,4,Graduate,Yes,0,0,1,0,17,Low,NO,Travel Constraint,Provide Transport,Low Priority
STU_GUJ_005710,2021,SCH_146,Anand,Rural,Female,OBC,7,Low,98.5,6.1,Medium,Low,No,Primary,Yes,No,No,No,5,Primary,No,1,0,1,0,18,Low,NO,Travel Constraint,Provide Transport,Low Priority
STU_GUJ_005269,2022,SCH_087,Vadodara,Urban,Female,ST,2,Low,97.2,26.65,Medium,Medium,Yes,Primary,Yes,Yes,No,No,7,Illiterate,No,0,0,1,0,22,Low,NO,Travel Constraint,Provide Transport,Low Priority
STU_GUJ_010992,2024,SCH_157,Mehsana,Tribal,Male,General,11,Low,58.0,4.86,Low,Low,Yes,Secondary,Yes,Yes,Yes,Yes,7,Primary,Yes,1,1,0,1,63,Medium,NO,Academic Disengagement,Counselling Support,Monitor
STU_GUJ_006046,2023,SCH_114,Kutch,Tribal,Male,OBC,4,High,72.2,12.15,Low,Medium,Yes,Secondary,Yes,Yes,No,No,5,Primary,No,1,0,1,0,25,Low,NO,Travel Constraint,Provide Transport,Low Priority
STU_GUJ_003353,2022,SCH_069,Kutch,Tribal,Female,OBC,7,Low,52.1,1.79,Low,Medium,No,Primary,No,No,No,No,3,Illiterate,No,0,0,0,1,41,Medium,NO,Academic Disengagement,Counselling Support,Monitor
STU_GUJ_009996,2021,SCH_157,Jamnagar,Rural,Male,General,4,Very Low,40.7,4.59,Low,Medium,Yes,Secondary,Yes,Yes,No,No,4,Secondary,No,0,0,0,1,32,Low,NO,Academic Disengagement,Counselling Support,Low Priority
STU_GUJ_006307,2022,SCH_064,Ahmedabad,Rural,Male,ST,7,Low,50.9,16.45,Medium,Low,Yes,Secondary,No,Yes,Yes,No,6,Primary,Yes,0,0,1,1,45,Medium,NO,Academic Disengagement,Counselling Support,Monitor
STU_GUJ_008224,2024,SCH_095,Mehsana,Rural,Male,SC,6,Low,44.8,19.01,Medium,High,No,Illiterate,Yes,Yes,No,Yes,5,Illiterate,Yes,0,0,1,1,37,Low,NO,Academic Disengagement,Counselling Support,Low Priority
STU_GUJ_008512,2025,SCH_015,Rajkot,Tribal,Female,OBC,3,Very Low,79.4,22.92,High,Low,Yes,Illiterate,Yes,No,No,No,3,Primary,No,0,0,1,0,40,Low,NO,Travel Constraint,Provide Transport,Low Priority
STU_GUJ_000292,2022,SCH_063,Bharuch,Tribal,Female,OBC,9,High,67.6,8.83,Low,High,No,Secondary,No,Yes,No,No,7,Primary,No,1,1,1,1,54,Medium,NO,Academic Disengagement,Counselling Support,Monitor
STU_GUJ_008164,2021,SCH_145,Sabarkantha,Tribal,Female,General,7,Low,51.2,15.76,Medium,Medium,Yes,Illiterate,No,No,No,No,3,Primary,No,1,0,1,1,35,Low,NO,Academic Disengagement,Counselling Support,Low Priority
STU_GUJ_009241,2022,SCH_002,Banaskantha,Urban,Female,General,6,Low,41.2,19.48,Low,Low,Yes,Primary,Yes,Yes,No,No,3,Illiterate,Yes,0,0,1,1,41,Medium,NO,Academic Disengagement,Counselling Support,Monitor
STU_GUJ_010649,2021,SCH_054,Junagadh,Rural,Male,ST,12,High,46.3,9.5,Medium,Medium,No,Primary,No,Yes,No,Yes,7,Primary,No,0,1,1,1,43,Medium,NO,Academic Disengagement,Counselling Support,Monitor
STU_GUJ_005147,2024,SCH_167,Ahmedabad,Urban,Female,General,1,Low,99.4,4.79,Low,High,Yes,Secondary,Yes,Yes,No,No,7,Illiterate,No,0,0,0,0,16,Low,NO,Social Factor,Community Engagement,Low Priority
STU_GUJ_002610,2019,SCH_076,Morbi,Tribal,Male,ST,3,Low,97.5,13.11,Low,High,Yes,Primary,Yes,No,No,No,2,Primary,No,0,0,1,0,27,Low,NO,Travel Constraint,Provide Transport,Low Priority
STU_GUJ_003725,2019,SCH_009,Dahod,Tribal,Male,SC,9,Low,66.4,1.27,High,Low,Yes,Primary,No,No,No,No,2,Illiterate,Yes,1,1,0,1,35,Low,NO,Academic Disengagement,Counselling Support,Low Priority
STU_GUJ_008277,2019,SCH_034,Rajkot,Rural,Male,General,10,Low,74.6,24.11,Low,High,Yes,Primary,No,No,No,No,8,Primary,No,0,1,1,0,38,Low,NO,Travel Constraint,Provide Transport,Low Priority
STU_GUJ_007676,2021,SCH_103,Rajkot,Urban,Male,General,6,Low,63.0,23.11,Medium,Low,No,Illiterate,Yes,Yes,No,Yes,7,Secondary,Yes,0,0,1,1,25,Low,NO,Academic Disengagement,Counselling Support,Low Priority
STU_GUJ_008450,2025,SCH_037,Bhavnagar,Tribal,Male,SC,8,Low,56.7,15.27,Medium,Medium,Yes,Illiterate,Yes,No,No,No,2,Secondary,No,0,0,1,1,37,Low,NO,Academic Disengagement,Counselling Support,Low Priority
STU_GUJ_003791,2021,SCH_084,Banaskantha,Rural,Male,ST,7,Medium,87.0,22.74,Medium,High,Yes,Primary,Yes,Yes,No,No,5,Secondary,No,0,0,1,0,24,Low,NO,Travel Constraint,Provide Transport,Low Priority
STU_GUJ_003648,2024,SCH_135,Bharuch,Tribal,Female,SC,9,Low,42.5,4.66,Low,High,Yes,Graduate,Yes,Yes,No,No,2,Illiterate,Yes,0,1,0,1,48,Medium,NO,Academic Disengagement,Counselling Support,Monitor
STU_GUJ_005770,2021,SCH_075,Mehsana,Rural,Male,General,4,Very Low,66.6,5.22,Low,Medium,Yes,Illiterate,No,Yes,No,No,5,Illiterate,No,0,0,1,1,32,Low,NO,Academic Disengagement,Counselling Support,Low Priority
STU_GUJ_003746,2022,SCH_152,Bharuch,Rural,Female,OBC,4,Very Low,46.0,21.81,Medium,High,Yes,Illiterate,No,Yes,No,No,7,Secondary,Yes,0,0,1,1,33,Low,NO,Academic Disengagement,Counselling Support,Low Priority
STU_GUJ_002240,2022,SCH_001,Gandhinagar,Urban,Female,General,10,Very Low,91.8,3.99,Medium,Low,Yes,Secondary,Yes,No,No,No,8,Illiterate,No,0,1,0,0,37,Low,NO,Economic Pressure,Provide Scholarship,Low Priority
STU_GUJ_002517,2025,SCH_035,Valsad,Rural,Male,SC,11,Low,63.5,27.29,Low,Medium,No,Graduate,Yes,No,No,Yes,4,Primary,No,0,1,1,1,59,Medium,NO,Academic Disengagement,Counselling Support,Monitor
STU_GUJ_006897,2024,SCH_097,Ahmedabad,Rural,Female,OBC,6,Very Low,59.0,13.62,Medium,Medium,No,Primary,Yes,Yes,Yes,No,4,Graduate,No,0,0,1,1,46,Medium,NO,Academic Disengagement,Counselling Support,Monitor
STU_GUJ_011910,2019,SCH_098,Patan,Tribal,Female,OBC,1,Low,49.8,9.15,Medium,Medium,No,Primary,Yes,Yes,No,No,2,Illiterate,No,1,0,1,1,31,Low,NO,Academic Disengagement,Counselling Support,Low Priority
STU_GUJ_009765,2020,SCH_061,Gandhinagar,Rural,Male,OBC,2,Medium,57.1,20.97,Low,High,Yes,Primary,Yes,Yes,Yes,No,2,Primary,No,1,0,1,1,55,Medium,NO,Academic Disengagement,Counselling Support,Monitor
STU_GUJ_006955,2021,SCH_080,Sabarkantha,Rural,Male,General,2,Medium,47.6,10.91,Low,High,Yes,Primary,Yes,Yes,No,No,5,Secondary,No,1,0,1,1,35,Low,NO,Academic Disengagement,Counselling Support,Low Priority
STU_GUJ_001714,2021,SCH_180,Rajkot,Urban,Female,OBC,2,Medium,73.1,5.32,Medium,Low,No,Illiterate,No,No,No,No,5,Illiterate,No,0,0,1,0,18,Low,NO,Travel Constraint,Provide Transport,Low Priority
STU_GUJ_004707,2023,SCH_035,Junagadh,Tribal,Male,OBC,4,Very Low,75.4,27.25,Low,High,Yes,Primary,Yes,Yes,No,No,8,Secondary,No,1,0,1,0,28,Low,NO,Travel Constraint,Provide Transport,Low Priority
STU_GUJ_000579,2022,SCH_131,Sabarkantha,Rural,Male,SC,1,Medium,61.7,21.1,High,Low,Yes,Illiterate,Yes,Yes,No,No,3,Graduate,Yes,1,0,1,1,41,Medium,NO,Academic Disengagement,Counselling Support,Monitor
STU_GUJ_010186,2022,SCH_069,Patan,Rural,Female,General,5,High,94.1,25.87,High,Medium,No,Secondary,Yes,No,No,No,6,Illiterate,No,0,0,1,0,26,Low,NO,Travel Constraint,Provide Transport,Low Priority
STU_GUJ_001512,2025,SCH_088,Anand,Rural,Female,OBC,8,Very Low,45.1,17.43,High,Low,No,Illiterate,Yes,Yes,No,No,3,Illiterate,No,0,0,1,1,45,Medium,NO,Academic Disengagement,Counselling Support,Monitor
STU_GUJ_006138,2024,SCH_065,Gandhinagar,Urban,Male,OBC,4,Low,53.3,3.59,Medium,High,No,Graduate,Yes,Yes,No,No,7,Illiterate,Yes,0,0,0,1,26,Low,NO,Academic Disengagement,Counselling Support,Low Priority
STU_GUJ_011407,2025,SCH_162,Dahod,Urban,Male,OBC,4,High,48.9,18.94,Low,High,No,Secondary,Yes,Yes,No,No,8,Secondary,No,1,0,1,1,40,Low,NO,Academic Disengagement,Counselling Support,Low Priority
STU_GUJ_006160,2025,SCH_055,Banaskantha,Urban,Female,OBC,7,Low,97.8,10.59,Low,Medium,No,Secondary,Yes,Yes,No,No,2,Secondary,Yes,0,0,1,0,28,Low,NO,Travel Constraint,Provide Transport,Low Priority
STU_GUJ_002233,2024,SCH_123,Vadodara,Rural,Male,General,7,Medium,91.0,0.51,Medium,Low,Yes,Illiterate,Yes,Yes,No,No,7,Illiterate,Yes,0,0,0,0,20,Low,NO,Social Factor,Community Engagement,Low Priority
STU_GUJ_005652,2025,SCH_025,Ahmedabad,Rural,Female,General,3,High,47.7,12.35,Medium,Medium,Yes,Primary,Yes,No,No,No,3,Graduate,Yes,0,0,1,1,38,Low,NO,Academic Disengagement,Counselling Support,Low Priority
STU_GUJ_009532,2025,SCH_007,Gandhinagar,Urban,Male,SC,7,Medium,66.9,3.51,High,High,No,Secondary,Yes,Yes,No,No,5,Illiterate,No,1,0,0,1,28,Low,NO,Academic Disengagement,Counselling Support,Low Priority
STU_GUJ_003752,2024,SCH_111,Surat,Tribal,Male,OBC,9,High,88.5,9.89,Low,Medium,No,Primary,No,No,No,No,2,Primary,No,0,1,1,0,28,Low,NO,Travel Constraint,Provide Transport,Low Priority
STU_GUJ_009822,2023,SCH_027,Kutch,Rural,Male,OBC,5,Very Low,66.5,26.47,Medium,Low,Yes,Primary,Yes,Yes,No,No,2,Primary,No,1,0,1,1,56,Medium,NO,Academic Disengagement,Counselling Support,Monitor
STU_GUJ_010684,2019,SCH_040,Bhavnagar,Tribal,Female,ST,9,High,47.9,24.36,Medium,Medium,Yes,Secondary,Yes,No,No,Yes,7,Illiterate,Yes,1,1,1,1,59,Medium,NO,Academic Disengagement,Counselling Support,Monitor
STU_GUJ_004455,2024,SCH_024,Surat,Urban,Male,OBC,6,Very Low,74.8,13.43,Low,Low,No,Graduate,Yes,No,No,No,4,Primary,Yes,0,0,1,0,36,Low,NO,Travel Constraint,Provide Transport,Low Priority
STU_GUJ_006419,2025,SCH_050,Navsari,Tribal,Male,General,12,Low,73.0,6.33,Low,Medium,No,Primary,Yes,No,No,No,5,Illiterate,No,0,1,1,0,46,Medium,NO,Travel Constraint,Provide Transport,Monitor
STU_GUJ_001769,2024,SCH_065,Rajkot,Tribal,Female,OBC,2,Low,79.0,9.77,Medium,Medium,Yes,Primary,Yes,No,No,No,3,Illiterate,Yes,0,0,1,0,21,Low,NO,Travel Constraint,Provide Transport,Low Priority
STU_GUJ_004863,2020,SCH_101,Jamnagar,Rural,Male,ST,9,High,48.1,3.79,High,Medium,No,Secondary,Yes,Yes,No,No,3,Primary,No,0,1,0,1,40,Low,NO,Academic Disengagement,Counselling Support,Low Priority
STU_GUJ_000622,2021,SCH_175,Rajkot,Urban,Male,OBC,8,High,49.5,16.46,Medium,Medium,No,Primary,Yes,Yes,Yes,No,5,Illiterate,Yes,1,0,1,1,34,Low,NO,Academic Disengagement,Counselling Support,Low Priority
STU_GUJ_008488,2025,SCH_015,Navsari,Rural,Female,OBC,5,High,93.7,10.73,High,Low,Yes,Primary,Yes,No,No,No,2,Primary,No,0,0,1,0,21,Low,NO,Travel Constraint,Provide Transport,Low Priority
STU_GUJ_007653,2021,SCH_038,Patan,Tribal,Female,OBC,10,High,56.1,16.49,Low,Low,No,Secondary,No,Yes,No,Yes,8,Secondary,No,1,1,1,1,53,Medium,NO,Academic Disengagement,Counselling Support,Monitor
STU_GUJ_003834,2019,SCH_019,Junagadh,Rural,Female,OBC,10,Very Low,90.1,10.96,Low,Medium,No,Illiterate,Yes,Yes,No,No,4,Secondary,Yes,1,1,1,0,44,Medium,NO,Travel Constraint,Provide Transport,Monitor
STU_GUJ_011210,2023,SCH_132,Ahmedabad,Tribal,Female,General,5,Medium,49.6,13.23,Low,Medium,Yes,Secondary,Yes,Yes,Yes,No,2,Secondary,Yes,1,0,1,1,53,Medium,NO,Academic Disengagement,Counselling Support,Monitor
STU_GUJ_005613,2019,SCH_103,Anand,Rural,Male,General,1,Low,86.2,4.62,High,High,Yes,Secondary,Yes,Yes,No,No,4,Illiterate,Yes,0,0,0,0,22,Low,NO,Social Factor,Community Engagement,Low Priority
STU_GUJ_004537,2024,SCH_030,Morbi,Rural,Male,SC,7,Low,80.0,25.6,Medium,Low,Yes,Graduate,No,No,No,No,3,Graduate,Yes,1,0,1,0,20,Low,NO,Travel Constraint,Provide Transport,Low Priority
STU_GUJ_007364,2025,SCH_135,Patan,Urban,Female,General,7,Low,96.4,19.04,Medium,High,Yes,Secondary,Yes,Yes,No,No,8,Graduate,No,0,0,1,0,15,Low,NO,Travel Constraint,Provide Transport,Low Priority
STU_GUJ_005226,2021,SCH_143,Dahod,Urban,Male,SC,2,Very Low,61.9,19.04,Medium,High,No,Primary,Yes,Yes,No,No,2,Secondary,No,0,0,1,1,23,Low,NO,Academic Disengagement,Counselling Support,Low Priority
STU_GUJ_000266,2019,SCH_052,Patan,Urban,Female,SC,1,Low,80.5,0.33,Medium,Low,No,Secondary,Yes,Yes,No,Yes,3,Illiterate,Yes,0,0,0,0,24,Low,NO,Social Factor,Community Engagement,Low Priority
STU_GUJ_000834,2025,SCH_171,Anand,Urban,Male,OBC,5,Low,81.9,1.29,Medium,Medium,No,Primary,Yes,No,No,No,3,Secondary,No,0,0,0,0,21,Low,NO,Social Factor,Community Engagement,Low Priority
STU_GUJ_008286,2024,SCH_075,Anand,Urban,Male,SC,5,Medium,83.4,20.41,Medium,Medium,Yes,Secondary,Yes,No,No,No,2,Primary,No,0,0,1,0,10,Low,NO,Travel Constraint,Provide Transport,Low Priority
STU_GUJ_002920,2022,SCH_128,Kutch,Urban,Female,General,7,Very Low,55.9,2.98,High,Medium,Yes,Primary,No,No,No,No,7,Illiterate,No,0,0,0,1,28,Low,NO,Academic Disengagement,Counselling Support,Low Priority
STU_GUJ_011320,2024,SCH_115,Mehsana,Rural,Female,SC,4,High,82.3,6.62,Low,Low,Yes,Illiterate,Yes,Yes,No,No,4,Graduate,No,1,0,1,0,28,Low,NO,Travel Constraint,Provide Transport,Low Priority
STU_GUJ_001286,2024,SCH_178,Bhavnagar,Tribal,Female,ST,1,Low,80.8,2.97,Medium,Medium,Yes,Illiterate,Yes,No,No,No,7,Secondary,No,1,0,0,0,26,Low,NO,Social Factor,Community Engagement,Low Priority
STU_GUJ_010008,2021,SCH_116,Banaskantha,Rural,Male,ST,5,Medium,70.6,5.17,Medium,High,No,Secondary,Yes,No,No,No,8,Secondary,Yes,1,0,1,0,22,Low,NO,Travel Constraint,Provide Transport,Low Priority
STU_GUJ_011498,2021,SCH_073,Junagadh,Rural,Female,General,6,High,76.2,21.72,High,Medium,Yes,Secondary,Yes,No,No,No,2,Illiterate,No,0,0,1,0,22,Low,NO,Travel Constraint,Provide Transport,Low Priority
STU_GUJ_004191,2022,SCH_137,Anand,Tribal,Male,SC,3,Medium,47.8,14.44,Low,Medium,No,Secondary,Yes,Yes,No,No,4,Primary,No,1,0,1,1,55,Medium,NO,Academic Disengagement,Counselling Support,Monitor
STU_GUJ_006342,2023,SCH_143,Gandhinagar,Urban,Male,OBC,5,Low,68.2,4.85,Medium,Low,Yes,Primary,Yes,Yes,No,No,5,Secondary,No,1,0,0,1,25,Low,NO,Academic Disengagement,Counselling Support,Low Priority
STU_GUJ_010329,2020,SCH_098,Rajkot,Rural,Female,ST,11,Low,50.8,24.3,Medium,Medium,No,Primary,Yes,Yes,Yes,No,2,Graduate,No,1,1,1,1,53,Medium,NO,Academic Disengagement,Counselling Support,Monitor
STU_GUJ_011960,2020,SCH_107,Jamnagar,Rural,Male,ST,1,Medium,65.1,6.28,Low,Low,No,Primary,Yes,Yes,No,No,8,Secondary,No,0,0,1,1,35,Low,NO,Academic Disengagement,Counselling Support,Low Priority
STU_GUJ_009472,2024,SCH_147,Valsad,Rural,Female,OBC,2,Very Low,49.8,9.53,High,Medium,No,Secondary,Yes,Yes,No,No,8,Primary,No,1,0,1,1,49,Medium,NO,Academic Disengagement,Counselling Support,Monitor
STU_GUJ_009900,2019,SCH_110,Ahmedabad,Rural,Female,General,3,Low,45.0,14.99,High,High,Yes,Primary,Yes,Yes,No,No,7,Illiterate,No,1,0,1,1,32,Low,NO,Academic Disengagement,Counselling Support,Low Priority
STU_GUJ_005435,2019,SCH_073,Surat,Rural,Male,OBC,2,Low,50.6,16.63,High,Low,Yes,Secondary,No,No,Yes,No,4,Primary,No,0,0,1,1,43,Medium,NO,Academic Disengagement,Counselling Support,Monitor
STU_GUJ_011566,2021,SCH_177,Navsari,Rural,Male,OBC,4,Very Low,84.7,11.56,Medium,Low,No,Secondary,Yes,No,No,Yes,7,Primary,No,1,0,1,0,35,Low,NO,Travel Constraint,Provide Transport,Low Priority
STU_GUJ_010858,2022,SCH_168,Junagadh,Rural,Male,General,8,High,49.6,3.03,High,Medium,Yes,Secondary,Yes,Yes,No,No,4,Primary,No,0,0,0,1,20,Low,NO,Academic Disengagement,Counselling Support,Low Priority
STU_GUJ_001397,2022,SCH_106,Rajkot,Rural,Male,OBC,6,Very Low,65.0,12.34,Medium,High,Yes,Illiterate,No,No,Yes,No,4,Primary,Yes,1,0,1,1,46,Medium,NO,Academic Disengagement,Counselling Support,Monitor
STU_GUJ_000260,2020,SCH_009,Valsad,Urban,Female,OBC,10,Medium,75.5,16.07,Medium,Low,Yes,Illiterate,Yes,Yes,Yes,No,7,Illiterate,Yes,0,1,1,0,32,Low,NO,Travel Constraint,Provide Transport,Low Priority
STU_GUJ_010324,2021,SCH_150,Vadodara,Rural,Female,ST,2,High,58.7,20.17,Medium,Medium,No,Illiterate,Yes,Yes,No,No,5,Secondary,No,1,0,1,1,28,Low,NO,Academic Disengagement,Counselling Support,Low Priority
STU_GUJ_001672,2025,SCH_071,Jamnagar,Rural,Female,SC,1,High,78.3,22.26,Medium,Medium,No,Illiterate,No,Yes,No,No,4,Illiterate,No,0,0,1,0,23,Low,NO,Travel Constraint,Provide Transport,Low Priority
STU_GUJ_007924,2022,SCH_088,Vadodara,Urban,Male,OBC,8,Low,69.3,26.3,Medium,High,Yes,Illiterate,Yes,No,No,No,8,Primary,No,1,0,1,1,32,Low,NO,Academic Disengagement,Counselling Support,Low Priority
STU_GUJ_006974,2023,SCH_018,Anand,Urban,Female,SC,12,Low,76.9,17.42,Low,Medium,Yes,Graduate,No,No,No,No,4,Graduate,Yes,1,1,1,0,31,Low,NO,Travel Constraint,Provide Transport,Low Priority
STU_GUJ_008264,2025,SCH_134,Anand,Rural,Male,SC,9,Low,63.4,2.05,Medium,High,No,Illiterate,Yes,No,Yes,No,5,Illiterate,Yes,0,1,0,1,56,Medium,NO,Academic Disengagement,Counselling Support,Monitor
STU_GUJ_000757,2020,SCH_156,Bhavnagar,Urban,Male,OBC,5,Low,74.5,5.17,Medium,Medium,No,Graduate,Yes,Yes,Yes,No,8,Primary,No,1,0,1,0,34,Low,NO,Travel Constraint,Provide Transport,Low Priority
STU_GUJ_004755,2024,SCH_085,Junagadh,Tribal,Female,SC,2,High,43.3,1.42,High,High,Yes,Secondary,Yes,Yes,No,No,4,Illiterate,No,0,0,0,1,26,Low,NO,Academic Disengagement,Counselling Support,Low Priority
STU_GUJ_008242,2023,SCH_106,Amreli,Rural,Male,ST,11,Very Low,56.8,1.15,Low,Low,Yes,Secondary,No,Yes,No,No,6,Secondary,Yes,1,1,0,1,60,Medium,NO,Academic Disengagement,Counselling Support,Monitor
STU_GUJ_011538,2023,SCH_024,Sabarkantha,Rural,Male,ST,5,Low,44.7,23.87,Medium,Medium,Yes,Illiterate,Yes,No,No,No,6,Primary,No,1,0,1,1,27,Low,NO,Academic Disengagement,Counselling Support,Low Priority
STU_GUJ_008383,2025,SCH_145,Jamnagar,Rural,Male,SC,4,Low,60.6,0.87,High,Medium,Yes,Primary,Yes,No,No,No,5,Primary,Yes,0,0,0,1,19,Low,NO,Academic Disengagement,Counselling Support,Low Priority
STU_GUJ_009508,2020,SCH_056,Mehsana,Rural,Male,SC,11,Low,98.7,9.45,Medium,Medium,No,Secondary,Yes,Yes,Yes,No,5,Illiterate,No,0,1,1,0,27,Low,NO,Travel Constraint,Provide Transport,Low Priority
STU_GUJ_004220,2022,SCH_128,Junagadh,Tribal,Male,OBC,9,Very Low,92.9,21.76,Low,High,Yes,Primary,No,Yes,No,Yes,4,Secondary,No,1,1,1,0,40,Low,NO,Travel Constraint,Provide Transport,Low Priority
STU_GUJ_004891,2021,SCH_054,Jamnagar,Tribal,Male,OBC,6,Very Low,53.1,1.95,High,Medium,Yes,Primary,Yes,Yes,No,No,4,Graduate,No,0,0,0,1,28,Low,NO,Academic Disengagement,Counselling Support,Low Priority
STU_GUJ_010236,2025,SCH_096,Ahmedabad,Tribal,Male,SC,6,High,98.7,13.05,Medium,Medium,No,Illiterate,Yes,Yes,No,No,7,Illiterate,No,0,0,1,0,21,Low,NO,Travel Constraint,Provide Transport,Low Priority
STU_GUJ_010453,2019,SCH_025,Valsad,Rural,Female,OBC,2,Very Low,99.7,16.07,Medium,Medium,No,Illiterate,Yes,Yes,No,No,5,Primary,No,0,0,1,0,31,Low,NO,Travel Constraint,Provide Transport,Low Priority
STU_GUJ_008672,2025,SCH_119,Banaskantha,Rural,Female,General,12,Very Low,96.5,1.06,Medium,Medium,Yes,Graduate,Yes,Yes,No,No,2,Illiterate,No,0,1,0,0,23,Low,NO,Economic Pressure,Provide Scholarship,Low Priority
STU_GUJ_000695,2021,SCH_080,Patan,Tribal,Female,OBC,8,High,97.7,3.95,Low,Medium,No,Secondary,Yes,No,No,No,5,Secondary,No,0,0,0,0,25,Low,NO,Social Factor,Community Engagement,Low Priority
STU_GUJ_010188,2021,SCH_046,Bharuch,Rural,Male,ST,2,Low,43.3,26.84,Medium,Medium,No,Secondary,Yes,No,No,No,4,Secondary,No,1,0,1,1,35,Low,NO,Academic Disengagement,Counselling Support,Low Priority
STU_GUJ_008072,2019,SCH_124,Patan,Rural,Male,General,1,Low,87.1,15.78,Low,Low,Yes,Illiterate,Yes,Yes,No,No,8,Illiterate,No,1,0,1,0,22,Low,NO,Travel Constraint,Provide Transport,Low Priority
STU_GUJ_008177,2023,SCH_138,Banaskantha,Rural,Male,SC,5,Very Low,53.1,8.82,High,Low,Yes,Secondary,Yes,Yes,No,No,6,Secondary,Yes,1,0,1,1,42,Medium,NO,Academic Disengagement,Counselling Support,Monitor
STU_GUJ_009879,2020,SCH_144,Rajkot,Urban,Male,OBC,3,Very Low,53.3,0.24,High,Medium,No,Graduate,Yes,No,No,No,5,Primary,No,1,0,0,1,28,Low,NO,Academic Disengagement,Counselling Support,Low Priority
STU_GUJ_003577,2022,SCH_085,Bhavnagar,Rural,Male,OBC,5,Medium,94.9,22.28,High,Medium,No,Secondary,Yes,Yes,Yes,No,3,Primary,Yes,1,0,1,0,36,Low,NO,Travel Constraint,Provide Transport,Low Priority
STU_GUJ_006099,2020,SCH_128,Morbi,Rural,Female,General,11,Very Low,84.0,17.89,High,Medium,No,Illiterate,No,No,No,No,3,Secondary,No,1,1,1,0,41,Medium,NO,Travel Constraint,Provide Transport,Monitor
STU_GUJ_009074,2024,SCH_123,Kutch,Urban,Female,OBC,2,Low,65.5,17.62,Medium,Low,Yes,Graduate,Yes,No,No,No,3,Illiterate,No,1,0,1,1,39,Low,NO,Academic Disengagement,Counselling Support,Low Priority
STU_GUJ_008883,2022,SCH_093,Bharuch,Rural,Male,SC,11,Very Low,82.3,6.19,Low,Medium,Yes,Secondary,Yes,No,No,Yes,6,Illiterate,No,1,1,1,0,45,Medium,NO,Travel Constraint,Provide Transport,Monitor
STU_GUJ_007703,2019,SCH_107,Mehsana,Tribal,Male,SC,4,Medium,69.5,9.01,Medium,Medium,No,Primary,Yes,Yes,No,No,8,Secondary,Yes,0,0,1,1,32,Low,NO,Academic Disengagement,Counselling Support,Low Priority
STU_GUJ_005732,2019,SCH_038,Valsad,Urban,Male,OBC,5,High,56.4,26.62,Medium,Medium,No,Secondary,No,Yes,No,No,5,Primary,Yes,0,0,1,1,23,Low,NO,Academic Disengagement,Counselling Support,Low Priority
STU_GUJ_002010,2023,SCH_148,Vadodara,Urban,Male,OBC,10,Medium,57.4,23.89,Medium,Medium,Yes,Illiterate,No,No,No,Yes,5,Illiterate,Yes,1,1,1,1,39,Low,NO,Academic Disengagement,Counselling Support,Low Priority
STU_GUJ_006320,2021,SCH_104,Morbi,Rural,Male,OBC,1,Low,55.6,15.14,Medium,High,No,Secondary,Yes,No,No,No,4,Illiterate,No,1,0,1,1,37,Low,NO,Academic Disengagement,Counselling Support,Low Priority
STU_GUJ_011543,2022,SCH_161,Bhavnagar,Urban,Female,OBC,4,Low,86.3,4.05,Medium,Medium,Yes,Graduate,Yes,No,No,No,7,Illiterate,No,0,0,0,0,5,Low,NO,Social Factor,Community Engagement,Low Priority
STU_GUJ_005378,2025,SCH_012,Surat,Urban,Female,OBC,7,Medium,56.7,8.93,Medium,Medium,No,Graduate,No,No,No,No,3,Illiterate,No,1,0,1,1,30,Low,NO,Academic Disengagement,Counselling Support,Low Priority
STU_GUJ_011722,2019,SCH_166,Kutch,Urban,Female,General,8,Low,40.2,5.9,Low,Medium,No,Graduate,No,Yes,Yes,No,7,Secondary,No,1,0,1,1,37,Low,NO,Academic Disengagement,Counselling Support,Low Priority
STU_GUJ_004116,2020,SCH_080,Kutch,Tribal,Female,OBC,6,High,92.8,19.22,Medium,Medium,No,Illiterate,Yes,No,No,No,5,Illiterate,No,0,0,1,0,24,Low,NO,Travel Constraint,Provide Transport,Low Priority
STU_GUJ_006367,2024,SCH_097,Dahod,Urban,Male,OBC,10,High,41.7,16.44,Medium,Low,Yes,Secondary,Yes,No,No,No,2,Primary,No,1,1,1,1,42,Medium,NO,Academic Disengagement,Counselling Support,Monitor
STU_GUJ_010467,2020,SCH_169,Mehsana,Rural,Female,General,1,Medium,60.9,23.61,Medium,High,Yes,Graduate,Yes,No,No,No,6,Graduate,No,0,0,1,1,35,Low,NO,Academic Disengagement,Counselling Support,Low Priority
STU_GUJ_011521,2022,SCH_100,Surat,Rural,Female,ST,9,Very Low,55.1,18.06,Medium,High,No,Primary,No,Yes,No,No,2,Primary,No,1,1,1,1,53,Medium,NO,Academic Disengagement,Counselling Support,Monitor
STU_GUJ_007204,2023,SCH_049,Navsari,Urban,Female,OBC,11,Low,41.2,26.55,High,Low,No,Illiterate,No,Yes,No,No,3,Secondary,No,0,1,1,1,47,Medium,NO,Academic Disengagement,Counselling Support,Monitor
STU_GUJ_003170,2021,SCH_124,Ahmedabad,Tribal,Female,OBC,2,Low,66.6,11.97,Medium,High,Yes,Secondary,No,Yes,Yes,No,6,Primary,No,0,0,1,1,36,Low,NO,Academic Disengagement,Counselling Support,Low Priority
STU_GUJ_004827,2020,SCH_044,Gandhinagar,Urban,Female,ST,12,High,79.6,13.43,Medium,Medium,Yes,Illiterate,Yes,Yes,No,No,6,Primary,Yes,0,1,1,0,30,Low,NO,Travel Constraint,Provide Transport,Low Priority
STU_GUJ_006115,2024,SCH_172,Surat,Rural,Female,SC,1,Very Low,70.2,2.65,High,Medium,Yes,Illiterate,No,No,No,No,2,Illiterate,No,1,0,0,0,33,Low,NO,Economic Pressure,Provide Scholarship,Low Priority
STU_GUJ_003888,2022,SCH_027,Sabarkantha,Urban,Female,OBC,6,Medium,83.4,16.96,High,High,No,Illiterate,No,Yes,No,No,5,Secondary,No,0,0,1,0,17,Low,NO,Travel Constraint,Provide Transport,Low Priority
STU_GUJ_003947,2023,SCH_021,Bhavnagar,Rural,Female,OBC,7,Medium,56.2,23.62,High,Medium,Yes,Primary,Yes,No,No,Yes,3,Primary,No,0,0,1,1,26,Low,NO,Academic Disengagement,Counselling Support,Low Priority
STU_GUJ_001238,2023,SCH_054,Rajkot,Rural,Female,ST,5,Low,90.3,4.24,Medium,High,No,Graduate,No,Yes,No,No,6,Secondary,No,0,0,0,0,30,Low,NO,Social Factor,Community Engagement,Low Priority
STU_GUJ_002999,2022,SCH_015,Bharuch,Rural,Female,General,4,Low,79.0,2.46,High,Medium,Yes,Primary,Yes,Yes,No,No,5,Secondary,Yes,1,0,0,0,11,Low,NO,Social Factor,Community Engagement,Low Priority
STU_GUJ_007677,2021,SCH_021,Patan,Rural,Female,SC,11,Medium,73.7,0.28,Low,Low,No,Primary,Yes,No,No,No,7,Secondary,Yes,1,1,0,0,45,Medium,NO,Social Factor,Community Engagement,Monitor
STU_GUJ_002755,2022,SCH_050,Surat,Rural,Male,OBC,1,Very Low,47.7,1.49,High,Medium,No,Primary,Yes,Yes,No,No,2,Illiterate,Yes,0,0,0,1,31,Low,NO,Academic Disengagement,Counselling Support,Low Priority
STU_GUJ_010838,2025,SCH_129,Gandhinagar,Rural,Male,ST,12,Very Low,54.5,8.3,High,Medium,Yes,Graduate,Yes,Yes,No,Yes,8,Primary,Yes,1,1,1,1,48,Medium,NO,Academic Disengagement,Counselling Support,Monitor
STU_GUJ_008803,2024,SCH_123,Gandhinagar,Rural,Male,SC,12,Medium,64.2,24.66,Medium,Low,No,Primary,No,Yes,No,No,3,Secondary,Yes,0,1,1,1,41,Medium,NO,Academic Disengagement,Counselling Support,Monitor
STU_GUJ_007140,2024,SCH_129,Rajkot,Rural,Male,OBC,7,Medium,92.5,0.72,Medium,Medium,Yes,Graduate,Yes,No,No,No,6,Secondary,No,0,0,0,0,17,Low,NO,Social Factor,Community Engagement,Low Priority
STU_GUJ_011250,2019,SCH_077,Kutch,Urban,Female,General,9,Low,66.4,5.97,Medium,Medium,Yes,Graduate,Yes,No,No,No,4,Illiterate,No,0,1,1,1,35,Low,NO,Academic Disengagement,Counselling Support,Low Priority
STU_GUJ_011385,2019,SCH_140,Navsari,Urban,Male,OBC,11,Very Low,44.1,16.21,Medium,Medium,Yes,Graduate,Yes,Yes,No,No,8,Secondary,No,0,1,1,1,35,Low,NO,Academic Disengagement,Counselling Support,Low Priority
STU_GUJ_001965,2020,SCH_069,Navsari,Urban,Male,SC,12,Low,96.2,22.52,Medium,High,Yes,Illiterate,Yes,No,No,No,4,Secondary,No,1,1,1,0,22,Low,NO,Travel Constraint,Provide Transport,Low Priority
STU_GUJ_008508,2024,SCH_107,Ahmedabad,Rural,Female,SC,3,Medium,46.6,18.18,Medium,Low,No,Primary,No,Yes,No,No,2,Illiterate,No,0,0,1,1,53,Medium,NO,Academic Disengagement,Counselling Support,Monitor
STU_GUJ_010828,2021,SCH_005,Amreli,Urban,Male,ST,12,Medium,44.6,16.4,High,Low,No,Illiterate,Yes,No,Yes,No,6,Illiterate,No,1,1,1,1,56,Medium,NO,Academic Disengagement,Counselling Support,Monitor
STU_GUJ_010722,2025,SCH_045,Jamnagar,Tribal,Female,SC,8,Low,57.8,2.76,High,Medium,Yes,Graduate,No,Yes,No,No,6,Secondary,No,0,0,0,1,31,Low,NO,Academic Disengagement,Counselling Support,Low Priority
STU_GUJ_000820,2023,SCH_164,Amreli,Urban,Male,General,2,Low,62.3,14.11,Low,High,Yes,Illiterate,Yes,Yes,No,No,8,Graduate,Yes,1,0,1,1,41,Medium,NO,Academic Disengagement,Counselling Support,Monitor
STU_GUJ_011366,2021,SCH_099,Sabarkantha,Urban,Male,General,9,Low,78.5,11.2,Medium,High,Yes,Illiterate,No,Yes,No,No,3,Illiterate,No,0,1,1,0,20,Low,NO,Travel Constraint,Provide Transport,Low Priority
STU_GUJ_011447,2021,SCH_081,Rajkot,Urban,Male,OBC,1,Very Low,62.6,17.55,Low,Medium,Yes,Primary,No,No,No,No,8,Primary,Yes,0,0,1,1,32,Low,NO,Academic Disengagement,Counselling Support,Low Priority
STU_GUJ_007749,2022,SCH_096,Gandhinagar,Rural,Female,OBC,10,Low,73.0,8.74,Low,Medium,Yes,Illiterate,Yes,No,No,No,4,Graduate,Yes,0,1,1,0,30,Low,NO,Travel Constraint,Provide Transport,Low Priority
STU_GUJ_002541,2025,SCH_115,Kutch,Urban,Female,General,8,High,93.1,2.23,Low,Low,No,Primary,Yes,Yes,No,No,7,Primary,No,1,0,0,0,21,Low,NO,Social Factor,Community Engagement,Low Priority
STU_GUJ_005722,2020,SCH_085,Bharuch,Rural,Male,SC,9,Low,98.0,22.98,Medium,Medium,No,Graduate,Yes,No,No,No,7,Illiterate,No,0,1,1,0,39,Low,NO,Travel Constraint,Provide Transport,Low Priority
STU_GUJ_006086,2025,SCH_006,Junagadh,Urban,Male,ST,5,Medium,94.5,26.87,Low,Medium,Yes,Illiterate,Yes,Yes,No,No,7,Illiterate,No,0,0,1,0,18,Low,NO,Travel Constraint,Provide Transport,Low Priority
STU_GUJ_007550,2022,SCH_061,Bharuch,Rural,Female,OBC,9,High,84.1,25.49,Medium,Low,Yes,Illiterate,Yes,Yes,Yes,Yes,3,Illiterate,Yes,0,1,1,0,42,Medium,NO,Travel Constraint,Provide Transport,Monitor
STU_GUJ_001062,2020,SCH_146,Morbi,Urban,Male,OBC,4,Very Low,78.6,18.11,Medium,Medium,Yes,Secondary,Yes,Yes,No,No,3,Illiterate,No,1,0,1,0,14,Low,NO,Travel Constraint,Provide Transport,Low Priority
STU_GUJ_005925,2020,SCH_132,Surat,Rural,Female,ST,8,Low,65.5,23.2,High,Medium,Yes,Primary,Yes,Yes,No,No,5,Graduate,Yes,0,0,1,1,28,Low,NO,Academic Disengagement,Counselling Support,Low Priority
STU_GUJ_008284,2022,SCH_019,Jamnagar,Rural,Female,OBC,2,Low,53.8,20.43,Medium,High,Yes,Primary,Yes,Yes,No,No,2,Illiterate,Yes,1,0,1,1,31,Low,NO,Academic Disengagement,Counselling Support,Low Priority
STU_GUJ_001255,2023,SCH_022,Sabarkantha,Urban,Male,ST,8,Low,81.7,10.53,Medium,Low,Yes,Graduate,Yes,No,No,No,4,Primary,Yes,0,0,1,0,14,Low,NO,Travel Constraint,Provide Transport,Low Priority
STU_GUJ_000953,2020,SCH_129,Sabarkantha,Tribal,Male,ST,9,High,88.8,20.03,High,Medium,Yes,Secondary,No,Yes,No,No,7,Secondary,Yes,1,1,1,0,23,Low,NO,Travel Constraint,Provide Transport,Low Priority
STU_GUJ_009134,2020,SCH_024,Mehsana,Urban,Male,SC,7,Low,81.0,23.77,Medium,Medium,Yes,Graduate,Yes,No,No,No,3,Primary,No,1,0,1,0,9,Low,NO,Travel Constraint,Provide Transport,Low Priority
STU_GUJ_010100,2022,SCH_115,Vadodara,Rural,Male,ST,3,Low,61.5,14.27,Low,Medium,Yes,Primary,Yes,Yes,No,No,4,Secondary,No,0,0,1,1,45,Medium,NO,Academic Disengagement,Counselling Support,Monitor
STU_GUJ_004793,2021,SCH_023,Bhavnagar,Tribal,Female,ST,2,Low,54.9,10.68,Medium,Low,Yes,Illiterate,Yes,Yes,No,No,7,Illiterate,Yes,0,0,1,1,39,Low,NO,Academic Disengagement,Counselling Support,Low Priority
STU_GUJ_007857,2019,SCH_006,Valsad,Rural,Male,ST,9,Low,94.4,22.19,Medium,Medium,No,Primary,Yes,Yes,Yes,No,6,Illiterate,Yes,1,1,1,0,36,Low,NO,Travel Constraint,Provide Transport,Low Priority
STU_GUJ_001119,2025,SCH_137,Amreli,Rural,Female,OBC,5,Medium,86.4,18.08,Medium,Medium,Yes,Secondary,Yes,No,Yes,Yes,7,Secondary,No,0,0,1,0,21,Low,NO,Travel Constraint,Provide Transport,Low Priority
STU_GUJ_007453,2021,SCH_021,Junagadh,Tribal,Male,OBC,7,Very Low,79.6,12.53,Medium,Medium,Yes,Illiterate,Yes,Yes,No,No,7,Primary,Yes,0,0,1,0,19,Low,NO,Travel Constraint,Provide Transport,Low Priority
STU_GUJ_009576,2023,SCH_132,Patan,Tribal,Male,OBC,10,Low,88.0,23.56,High,High,Yes,Graduate,No,Yes,No,No,7,Secondary,Yes,0,1,1,0,34,Low,NO,Travel Constraint,Provide Transport,Low Priority
STU_GUJ_001955,2021,SCH_180,Gandhinagar,Urban,Female,SC,3,Very Low,56.3,1.85,High,Medium,Yes,Primary,Yes,Yes,Yes,No,7,Secondary,Yes,1,0,0,1,26,Low,NO,Academic Disengagement,Counselling Support,Low Priority
STU_GUJ_004059,2025,SCH_051,Banaskantha,Urban,Male,General,11,Low,90.8,6.15,Low,Medium,Yes,Illiterate,Yes,Yes,No,No,8,Primary,No,0,1,1,0,33,Low,NO,Travel Constraint,Provide Transport,Low Priority
STU_GUJ_010429,2023,SCH_151,Vadodara,Tribal,Male,General,7,Very Low,84.6,5.87,Medium,Medium,Yes,Illiterate,No,Yes,No,No,4,Illiterate,No,0,0,1,0,28,Low,NO,Travel Constraint,Provide Transport,Low Priority
STU_GUJ_004090,2024,SCH_071,Surat,Urban,Female,General,8,Low,48.9,17.31,Medium,Low,Yes,Graduate,Yes,Yes,No,Yes,3,Secondary,No,0,0,1,1,36,Low,NO,Academic Disengagement,Counselling Support,Low Priority
STU_GUJ_006682,2020,SCH_084,Morbi,Rural,Male,SC,2,Low,89.2,4.12,High,Low,Yes,Secondary,Yes,Yes,Yes,No,3,Graduate,Yes,1,0,0,0,34,Low,NO,Social Factor,Community Engagement,Low Priority
STU_GUJ_001719,2021,SCH_105,Morbi,Urban,Female,OBC,11,Low,82.9,22.1,Medium,Low,Yes,Illiterate,Yes,Yes,Yes,No,7,Illiterate,Yes,1,1,1,0,37,Low,NO,Travel Constraint,Provide Transport,Low Priority
STU_GUJ_004402,2021,SCH_056,Ahmedabad,Urban,Female,General,7,Medium,62.1,2.63,High,Medium,Yes,Graduate,Yes,No,No,No,5,Illiterate,Yes,1,0,0,1,32,Low,NO,Academic Disengagement,Counselling Support,Low Priority
STU_GUJ_004239,2019,SCH_018,Gandhinagar,Urban,Male,SC,7,Low,96.0,9.98,Low,Medium,No,Graduate,Yes,No,No,No,2,Primary,No,1,0,1,0,33,Low,NO,Travel Constraint,Provide Transport,Low Priority
STU_GUJ_008646,2024,SCH_077,Mehsana,Urban,Female,ST,11,Medium,88.3,24.97,High,High,Yes,Illiterate,Yes,No,No,No,8,Illiterate,Yes,0,1,1,0,37,Low,NO,Travel Constraint,Provide Transport,Low Priority
STU_GUJ_010563,2022,SCH_053,Banaskantha,Rural,Female,ST,10,Low,62.8,26.47,Low,Medium,No,Graduate,No,Yes,Yes,No,6,Illiterate,No,1,1,1,1,54,Medium,NO,Academic Disengagement,Counselling Support,Monitor
STU_GUJ_002338,2020,SCH_081,Anand,Tribal,Male,ST,10,Very Low,98.1,7.43,Medium,Low,Yes,Graduate,No,No,Yes,No,2,Graduate,No,0,1,1,0,55,Medium,NO,Travel Constraint,Provide Transport,Monitor
STU_GUJ_003028,2025,SCH_157,Kutch,Urban,Female,OBC,2,High,86.4,26.64,Medium,Low,Yes,Primary,Yes,No,No,No,2,Illiterate,No,0,0,1,0,18,Low,NO,Travel Constraint,Provide Transport,Low Priority
STU_GUJ_008909,2022,SCH_146,Anand,Rural,Female,ST,4,Low,82.5,9.19,Low,Low,Yes,Illiterate,Yes,Yes,Yes,No,3,Illiterate,No,0,0,1,0,47,Medium,NO,Travel Constraint,Provide Transport,Monitor
STU_GUJ_003644,2025,SCH_054,Amreli,Urban,Male,OBC,6,Medium,88.6,4.86,Medium,Low,Yes,Graduate,Yes,No,No,No,8,Primary,No,0,0,0,0,10,Low,NO,Social Factor,Community Engagement,Low Priority
STU_GUJ_002413,2023,SCH_053,Vadodara,Rural,Female,ST,7,High,92.1,9.74,Medium,Low,Yes,Illiterate,No,Yes,No,No,4,Graduate,No,0,0,1,0,32,Low,NO,Travel Constraint,Provide Transport,Low Priority
STU_GUJ_009565,2025,SCH_172,Mehsana,Urban,Male,OBC,2,Low,53.8,22.02,Medium,Low,Yes,Primary,Yes,Yes,No,No,2,Illiterate,No,1,0,1,1,33,Low,NO,Academic Disengagement,Counselling Support,Low Priority
STU_GUJ_004443,2019,SCH_059,Jamnagar,Tribal,Male,ST,10,Medium,46.1,25.75,Medium,Low,Yes,Primary,Yes,Yes,No,No,7,Secondary,No,1,1,1,1,60,Medium,NO,Academic Disengagement,Counselling Support,Monitor
STU_GUJ_011774,2023,SCH_167,Anand,Urban,Male,ST,12,Medium,65.0,27.59,High,Low,No,Secondary,No,Yes,No,No,3,Illiterate,No,1,1,1,1,36,Low,NO,Academic Disengagement,Counselling Support,Low Priority
STU_GUJ_002715,2025,SCH_144,Ahmedabad,Rural,Male,General,4,Very Low,81.9,12.67,Medium,Medium,Yes,Primary,Yes,No,No,No,2,Primary,No,0,0,1,0,24,Low,NO,Travel Constraint,Provide Transport,Low Priority
STU_GUJ_001057,2020,SCH_027,Sabarkantha,Rural,Male,ST,10,High,59.5,0.21,Low,Low,Yes,Primary,Yes,Yes,No,No,3,Illiterate,Yes,0,1,0,1,44,Medium,NO,Academic Disengagement,Counselling Support,Monitor
STU_GUJ_001147,2020,SCH_049,Valsad,Urban,Female,SC,1,Low,51.9,5.87,High,Low,No,Primary,Yes,Yes,No,No,6,Illiterate,No,1,0,1,1,36,Low,NO,Academic Disengagement,Counselling Support,Low Priority
STU_GUJ_004454,2025,SCH_019,Rajkot,Urban,Male,OBC,2,Low,81.8,3.67,Low,High,Yes,Graduate,Yes,Yes,Yes,No,8,Graduate,No,0,0,0,0,32,Low,NO,Social Factor,Community Engagement,Low Priority
STU_GUJ_003448,2024,SCH_101,Jamnagar,Rural,Female,General,1,High,47.2,25.57,Medium,Medium,No,Primary,No,No,Yes,No,8,Graduate,No,1,0,1,1,46,Medium,NO,Academic Disengagement,Counselling Support,Monitor
STU_GUJ_003659,2024,SCH_071,Morbi,Rural,Male,OBC,10,Medium,52.8,8.99,Medium,Medium,No,Graduate,No,No,Yes,No,6,Illiterate,No,0,1,1,1,62,Medium,NO,Academic Disengagement,Counselling Support,Monitor
STU_GUJ_006245,2020,SCH_071,Kutch,Tribal,Male,General,2,High,72.0,1.89,High,High,No,Secondary,No,Yes,Yes,No,3,Primary,No,0,0,0,0,32,Low,NO,Social Factor,Community Engagement,Low Priority
STU_GUJ_003899,2021,SCH_018,Banaskantha,Tribal,Female,SC,1,Low,61.9,15.66,Low,Medium,Yes,Primary,No,Yes,No,No,6,Primary,No,1,0,1,1,56,Medium,NO,Academic Disengagement,Counselling Support,Monitor
STU_GUJ_000009,2020,SCH_178,Ahmedabad,Tribal,Female,SC,12,Very Low,74.0,8.5,High,Medium,Yes,Secondary,Yes,Yes,No,No,5,Illiterate,Yes,1,1,1,0,47,Medium,NO,Travel Constraint,Provide Transport,Monitor
STU_GUJ_007160,2022,SCH_088,Dahod,Rural,Male,General,5,High,78.8,2.53,High,Medium,No,Illiterate,Yes,No,No,No,6,Illiterate,No,0,0,0,0,17,Low,NO,Social Factor,Community Engagement,Low Priority
STU_GUJ_003450,2024,SCH_105,Amreli,Rural,Male,OBC,7,Very Low,43.4,24.3,High,High,Yes,Primary,Yes,No,Yes,No,5,Secondary,Yes,1,0,1,1,47,Medium,NO,Academic Disengagement,Counselling Support,Monitor
STU_GUJ_003681,2022,SCH_037,Dahod,Rural,Male,OBC,12,Medium,56.8,22.6,Medium,Medium,Yes,Primary,Yes,No,No,No,2,Illiterate,Yes,1,1,1,1,49,Medium,NO,Academic Disengagement,Counselling Support,Monitor
STU_GUJ_006381,2020,SCH_076,Sabarkantha,Urban,Male,OBC,7,Medium,44.2,9.98,Low,Low,Yes,Illiterate,Yes,Yes,No,No,8,Graduate,No,0,0,1,1,38,Low,NO,Academic Disengagement,Counselling Support,Low Priority
STU_GUJ_000097,2022,SCH_136,Banaskantha,Urban,Male,ST,10,Very Low,93.8,13.85,High,Medium,No,Secondary,No,Yes,No,Yes,3,Secondary,No,0,1,1,0,38,Low,NO,Travel Constraint,Provide Transport,Low Priority
STU_GUJ_001460,2022,SCH_114,Anand,Rural,Female,OBC,4,Medium,56.0,2.25,Medium,Medium,Yes,Illiterate,No,No,No,No,6,Primary,No,0,0,0,1,26,Low,NO,Academic Disengagement,Counselling Support,Low Priority
STU_GUJ_001972,2019,SCH_066,Valsad,Tribal,Female,ST,2,Low,71.5,15.6,Medium,Medium,No,Secondary,Yes,Yes,No,No,4,Primary,No,0,0,1,0,28,Low,NO,Travel Constraint,Provide Transport,Low Priority
STU_GUJ_000427,2019,SCH_072,Amreli,Rural,Male,ST,8,Medium,86.0,0.96,Low,High,Yes,Illiterate,No,No,No,No,3,Primary,Yes,0,0,0,0,24,Low,NO,Social Factor,Community Engagement,Low Priority
STU_GUJ_002955,2025,SCH_008,Banaskantha,Urban,Male,SC,4,Very Low,90.5,19.79,Medium,Medium,Yes,Graduate,No,Yes,No,No,7,Primary,No,0,0,1,0,24,Low,NO,Travel Constraint,Provide Transport,Low Priority
STU_GUJ_003897,2019,SCH_006,Bhavnagar,Rural,Male,General,7,Low,93.4,19.93,Medium,Medium,Yes,Primary,Yes,Yes,Yes,No,6,Illiterate,No,0,0,1,0,39,Low,NO,Travel Constraint,Provide Transport,Low Priority
STU_GUJ_010672,2019,SCH_168,Jamnagar,Rural,Female,ST,1,Very Low,91.7,20.19,Medium,Medium,No,Secondary,Yes,No,No,No,5,Secondary,No,0,0,1,0,33,Low,NO,Travel Constraint,Provide Transport,Low Priority
STU_GUJ_003774,2020,SCH_165,Banaskantha,Rural,Female,ST,6,Very Low,48.0,21.04,Low,High,Yes,Illiterate,Yes,No,No,No,2,Primary,No,0,0,1,1,55,Medium,NO,Academic Disengagement,Counselling Support,Monitor
STU_GUJ_010581,2025,SCH_018,Valsad,Rural,Male,OBC,11,Medium,45.0,0.45,Low,Medium,Yes,Illiterate,Yes,Yes,No,No,7,Illiterate,No,0,1,0,1,49,Medium,NO,Academic Disengagement,Counselling Support,Monitor
STU_GUJ_010742,2023,SCH_066,Sabarkantha,Tribal,Female,OBC,8,Low,48.0,11.08,Medium,Medium,Yes,Secondary,No,Yes,No,No,5,Illiterate,No,1,0,1,1,32,Low,NO,Academic Disengagement,Counselling Support,Low Priority
STU_GUJ_005385,2022,SCH_128,Gandhinagar,Urban,Male,General,1,Very Low,86.7,15.43,Low,Low,Yes,Primary,Yes,Yes,No,No,2,Primary,No,0,0,1,0,43,Medium,NO,Travel Constraint,Provide Transport,Monitor
STU_GUJ_010710,2025,SCH_167,Anand,Tribal,Male,OBC,10,Medium,46.9,0.51,Medium,Low,Yes,Secondary,Yes,Yes,No,No,6,Primary,Yes,1,1,0,1,53,Medium,NO,Academic Disengagement,Counselling Support,Monitor
STU_GUJ_005639,2023,SCH_096,Bhavnagar,Rural,Male,General,2,Low,86.1,4.5,Medium,Medium,No,Graduate,Yes,No,Yes,No,3,Secondary,Yes,0,0,0,0,28,Low,NO,Social Factor,Community Engagement,Low Priority
STU_GUJ_000980,2025,SCH_131,Bharuch,Urban,Male,ST,8,High,93.0,5.23,High,Low,Yes,Primary,No,No,Yes,No,3,Graduate,No,1,0,1,0,33,Low,NO,Travel Constraint,Provide Transport,Low Priority
STU_GUJ_005854,2019,SCH_171,Amreli,Rural,Male,OBC,7,High,88.5,8.37,Medium,Medium,No,Graduate,Yes,No,No,No,5,Graduate,No,0,0,1,0,13,Low,NO,Travel Constraint,Provide Transport,Low Priority
STU_GUJ_001043,2021,SCH_064,Bharuch,Rural,Male,OBC,10,Medium,64.7,9.1,Medium,High,Yes,Illiterate,Yes,Yes,Yes,No,3,Secondary,Yes,0,1,1,1,42,Medium,NO,Academic Disengagement,Counselling Support,Monitor
STU_GUJ_007218,2023,SCH_100,Navsari,Tribal,Male,OBC,5,High,40.1,18.64,Medium,High,No,Secondary,Yes,Yes,No,No,8,Illiterate,Yes,1,0,1,1,39,Low,NO,Academic Disengagement,Counselling Support,Low Priority
STU_GUJ_010643,2023,SCH_058,Rajkot,Rural,Male,SC,9,Low,43.0,16.98,High,High,Yes,Primary,Yes,Yes,Yes,No,3,Primary,Yes,0,1,1,1,52,Medium,NO,Academic Disengagement,Counselling Support,Monitor
STU_GUJ_010397,2021,SCH_030,Vadodara,Rural,Female,SC,3,Medium,88.9,8.07,High,High,No,Primary,Yes,Yes,No,No,4,Illiterate,Yes,0,0,1,0,39,Low,NO,Travel Constraint,Provide Transport,Low Priority
STU_GUJ_003273,2022,SCH_047,Banaskantha,Tribal,Female,ST,9,Medium,80.4,20.77,High,Medium,Yes,Illiterate,No,No,No,No,8,Illiterate,Yes,1,1,1,0,40,Low,NO,Travel Constraint,Provide Transport,Low Priority
STU_GUJ_001966,2021,SCH_132,Bhavnagar,Urban,Male,OBC,7,Medium,99.9,12.78,Medium,High,Yes,Illiterate,Yes,No,No,No,2,Primary,No,0,0,1,0,12,Low,NO,Travel Constraint,Provide Transport,Low Priority
STU_GUJ_002679,2023,SCH_002,Ahmedabad,Rural,Male,General,8,Very Low,53.6,22.24,Medium,Low,Yes,Primary,Yes,No,No,No,4,Secondary,No,0,0,1,1,45,Medium,NO,Academic Disengagement,Counselling Support,Monitor
STU_GUJ_003711,2022,SCH_060,Navsari,Urban,Female,OBC,6,Low,53.3,3.17,Low,Medium,No,Illiterate,No,Yes,No,Yes,3,Secondary,Yes,0,0,0,1,19,Low,NO,Academic Disengagement,Counselling Support,Low Priority
STU_GUJ_002895,2020,SCH_021,Vadodara,Urban,Male,General,9,Medium,98.1,24.64,Low,Medium,No,Primary,Yes,Yes,No,No,3,Secondary,No,0,1,1,0,32,Low,NO,Travel Constraint,Provide Transport,Low Priority
STU_GUJ_006706,2024,SCH_158,Surat,Tribal,Male,OBC,8,Very Low,71.6,3.54,High,High,Yes,Illiterate,Yes,No,No,No,5,Primary,No,0,0,0,0,17,Low,NO,Economic Pressure,Provide Scholarship,Low Priority
STU_GUJ_005744,2019,SCH_179,Sabarkantha,Tribal,Female,OBC,8,Very Low,92.7,7.84,Medium,High,Yes,Illiterate,No,Yes,No,No,8,Illiterate,No,1,0,1,0,24,Low,NO,Travel Constraint,Provide Transport,Low Priority
STU_GUJ_011682,2025,SCH_093,Mehsana,Rural,Male,SC,8,High,97.2,17.97,Medium,High,Yes,Graduate,No,No,No,No,2,Illiterate,Yes,0,0,1,0,21,Low,NO,Travel Constraint,Provide Transport,Low Priority
STU_GUJ_000583,2020,SCH_002,Surat,Urban,Female,OBC,12,Low,89.0,23.89,Low,Medium,Yes,Illiterate,Yes,Yes,No,No,6,Secondary,No,0,1,1,0,30,Low,NO,Travel Constraint,Provide Transport,Low Priority
STU_GUJ_011800,2020,SCH_178,Surat,Rural,Female,OBC,10,Very Low,89.6,17.34,Low,Medium,No,Illiterate,Yes,Yes,Yes,No,4,Primary,Yes,1,1,1,0,51,Medium,NO,Travel Constraint,Provide Transport,Monitor
STU_GUJ_010230,2023,SCH_168,Ahmedabad,Tribal,Male,General,9,Low,52.2,23.98,Medium,Medium,Yes,Primary,Yes,Yes,Yes,No,4,Graduate,Yes,1,1,1,1,31,Low,NO,Academic Disengagement,Counselling Support,Low Priority
STU_GUJ_003317,2019,SCH_115,Junagadh,Tribal,Male,OBC,4,Very Low,67.6,11.1,Low,Low,Yes,Illiterate,No,Yes,No,No,6,Primary,No,1,0,1,1,59,Medium,NO,Academic Disengagement,Counselling Support,Monitor
STU_GUJ_006859,2024,SCH_025,Dahod,Tribal,Female,OBC,2,Medium,97.8,6.18,Medium,Low,Yes,Primary,No,No,No,No,5,Secondary,No,1,0,1,0,25,Low,NO,Travel Constraint,Provide Transport,Low Priority
STU_GUJ_011821,2020,SCH_036,Valsad,Rural,Male,OBC,10,Low,97.7,17.87,High,Low,Yes,Secondary,Yes,Yes,No,No,5,Primary,Yes,0,1,1,0,18,Low,NO,Travel Constraint,Provide Transport,Low Priority
STU_GUJ_007064,2023,SCH_167,Surat,Tribal,Male,OBC,11,Medium,68.5,17.19,Medium,High,Yes,Graduate,No,Yes,No,No,6,Illiterate,No,1,1,1,1,51,Medium,NO,Academic Disengagement,Counselling Support,Monitor
STU_GUJ_000004,2025,SCH_020,Bharuch,Urban,Female,OBC,5,Medium,92.4,18.95,High,Medium,No,Illiterate,Yes,Yes,No,No,3,Illiterate,Yes,0,0,1,0,18,Low,NO,Travel Constraint,Provide Transport,Low Priority
STU_GUJ_005791,2024,SCH_114,Bhavnagar,Urban,Male,General,2,Low,46.3,19.71,Low,Medium,Yes,Graduate,Yes,No,No,No,7,Illiterate,No,0,0,1,1,33,Low,NO,Academic Disengagement,Counselling Support,Low Priority
STU_GUJ_000411,2024,SCH_092,Junagadh,Urban,Male,SC,1,Medium,62.0,9.51,Medium,Low,Yes,Primary,Yes,No,No,No,3,Illiterate,Yes,0,0,1,1,23,Low,NO,Academic Disengagement,Counselling Support,Low Priority
STU_GUJ_001733,2021,SCH_125,Rajkot,Rural,Female,SC,11,High,52.8,2.43,High,Medium,Yes,Graduate,No,Yes,No,No,3,Primary,No,1,1,0,1,53,Medium,NO,Academic Disengagement,Counselling Support,Monitor
STU_GUJ_009808,2023,SCH_089,Surat,Urban,Male,OBC,3,Medium,62.0,8.76,High,Low,Yes,Secondary,Yes,No,No,No,3,Primary,No,0,0,1,1,32,Low,NO,Academic Disengagement,Counselling Support,Low Priority
STU_GUJ_008261,2020,SCH_143,Navsari,Urban,Female,OBC,9,Low,94.8,5.4,Medium,Low,No,Primary,Yes,Yes,No,No,7,Illiterate,No,0,1,1,0,33,Low,NO,Travel Constraint,Provide Transport,Low Priority
STU_GUJ_010342,2024,SCH_169,Jamnagar,Urban,Male,OBC,2,Medium,82.1,6.43,High,Low,No,Secondary,Yes,Yes,No,No,8,Primary,Yes,0,0,1,0,22,Low,NO,Travel Constraint,Provide Transport,Low Priority
STU_GUJ_010845,2022,SCH_136,Mehsana,Rural,Female,General,4,Very Low,55.0,7.7,Medium,High,No,Secondary,Yes,Yes,No,No,2,Illiterate,No,1,0,1,1,41,Medium,NO,Academic Disengagement,Counselling Support,Monitor
STU_GUJ_006026,2019,SCH_015,Junagadh,Urban,Male,SC,2,Very Low,90.9,6.55,High,Low,No,Primary,Yes,No,No,No,4,Secondary,No,0,0,1,0,27,Low,NO,Travel Constraint,Provide Transport,Low Priority
STU_GUJ_000264,2025,SCH_051,Vadodara,Rural,Female,OBC,12,Very Low,58.3,9.47,Low,High,No,Secondary,Yes,Yes,No,No,7,Illiterate,Yes,1,1,1,1,57,Medium,NO,Academic Disengagement,Counselling Support,Monitor
STU_GUJ_005099,2023,SCH_153,Sabarkantha,Urban,Male,General,7,Medium,57.4,15.07,Medium,Low,Yes,Graduate,Yes,Yes,No,No,8,Secondary,No,1,0,1,1,20,Low,NO,Academic Disengagement,Counselling Support,Low Priority
STU_GUJ_000440,2020,SCH_013,Valsad,Rural,Female,OBC,3,High,81.7,10.22,Low,Medium,No,Graduate,No,Yes,Yes,No,2,Secondary,Yes,1,0,1,0,35,Low,NO,Travel Constraint,Provide Transport,Low Priority
STU_GUJ_011705,2024,SCH_106,Navsari,Rural,Female,SC,2,Low,84.3,25.87,High,Medium,No,Secondary,Yes,No,No,No,2,Illiterate,No,0,0,1,0,17,Low,NO,Travel Constraint,Provide Transport,Low Priority
STU_GUJ_011728,2023,SCH_079,Vadodara,Tribal,Female,SC,10,Very Low,82.1,10.09,Low,Low,Yes,Primary,No,Yes,No,No,2,Primary,No,1,1,1,0,60,Medium,NO,Travel Constraint,Provide Transport,Monitor
STU_GUJ_004542,2024,SCH_065,Navsari,Tribal,Male,OBC,4,Medium,64.3,21.66,High,Medium,Yes,Primary,Yes,Yes,Yes,No,8,Graduate,Yes,0,0,1,1,35,Low,NO,Academic Disengagement,Counselling Support,Low Priority
STU_GUJ_005788,2020,SCH_077,Bharuch,Urban,Male,OBC,5,Very Low,56.8,26.61,Medium,High,No,Graduate,Yes,No,Yes,Yes,7,Secondary,No,1,0,1,1,42,Medium,NO,Academic Disengagement,Counselling Support,Monitor
STU_GUJ_001108,2020,SCH_091,Jamnagar,Rural,Female,SC,3,Low,46.6,3.96,Medium,Low,Yes,Primary,No,Yes,No,No,2,Illiterate,No,1,0,0,1,32,Low,NO,Academic Disengagement,Counselling Support,Low Priority
STU_GUJ_011404,2019,SCH_114,Valsad,Rural,Female,General,11,High,43.2,8.57,Low,Medium,Yes,Graduate,Yes,Yes,No,No,3,Primary,No,0,1,1,1,61,Medium,NO,Academic Disengagement,Counselling Support,Monitor
STU_GUJ_005889,2019,SCH_165,Patan,Rural,Female,OBC,8,High,74.7,11.82,Low,Low,Yes,Illiterate,Yes,No,No,No,6,Illiterate,Yes,0,0,1,0,43,Medium,NO,Travel Constraint,Provide Transport,Monitor
STU_GUJ_006785,2020,SCH_097,Valsad,Rural,Male,General,10,Medium,84.7,9.1,Medium,Medium,No,Illiterate,No,Yes,No,Yes,5,Secondary,Yes,0,1,1,0,46,Medium,NO,Travel Constraint,Provide Transport,Monitor
STU_GUJ_000089,2023,SCH_031,Ahmedabad,Rural,Male,ST,11,High,92.8,8.98,Medium,Low,Yes,Illiterate,Yes,No,No,No,7,Illiterate,Yes,1,1,1,0,19,Low,NO,Travel Constraint,Provide Transport,Low Priority
STU_GUJ_002974,2025,SCH_024,Ahmedabad,Urban,Female,OBC,1,Medium,86.0,13.59,Low,High,No,Graduate,No,No,Yes,No,4,Illiterate,Yes,0,0,1,0,25,Low,NO,Travel Constraint,Provide Transport,Low Priority
STU_GUJ_005130,2025,SCH_179,Amreli,Tribal,Female,OBC,7,High,50.8,2.88,Low,High,Yes,Primary,Yes,Yes,No,No,4,Illiterate,No,0,0,0,1,41,Medium,NO,Academic Disengagement,Counselling Support,Monitor
STU_GUJ_007961,2025,SCH_062,Ahmedabad,Rural,Female,ST,10,Low,56.8,4.49,Low,Low,Yes,Illiterate,Yes,No,No,No,6,Secondary,No,0,1,0,1,37,Low,NO,Academic Disengagement,Counselling Support,Low Priority
STU_GUJ_002125,2022,SCH_047,Sabarkantha,Urban,Female,ST,1,Very Low,56.8,19.81,Low,Medium,Yes,Illiterate,No,Yes,No,No,8,Illiterate,No,0,0,1,1,49,Medium,NO,Academic Disengagement,Counselling Support,Monitor
STU_GUJ_003575,2019,SCH_025,Vadodara,Rural,Female,OBC,8,Medium,96.6,20.98,High,Medium,No,Primary,No,No,No,No,8,Primary,Yes,0,0,1,0,25,Low,NO,Travel Constraint,Provide Transport,Low Priority
STU_GUJ_007878,2023,SCH_127,Bharuch,Urban,Female,ST,4,High,61.2,9.0,High,Low,Yes,Illiterate,No,Yes,No,No,6,Secondary,Yes,0,0,1,1,37,Low,NO,Academic Disengagement,Counselling Support,Low Priority
STU_GUJ_000275,2025,SCH_109,Navsari,Urban,Female,ST,9,Very Low,91.7,6.36,Medium,Medium,No,Secondary,Yes,Yes,No,No,8,Illiterate,Yes,1,1,1,0,34,Low,NO,Travel Constraint,Provide Transport,Low Priority
STU_GUJ_001282,2021,SCH_056,Anand,Rural,Male,General,9,Very Low,66.3,1.38,High,Low,Yes,Secondary,Yes,No,No,No,2,Secondary,Yes,0,1,0,1,31,Low,NO,Academic Disengagement,Counselling Support,Low Priority
STU_GUJ_003753,2023,SCH_016,Gandhinagar,Urban,Male,OBC,3,Very Low,63.9,10.16,Low,Medium,Yes,Primary,No,Yes,No,No,4,Secondary,No,1,0,1,1,38,Low,NO,Academic Disengagement,Counselling Support,Low Priority
STU_GUJ_002076,2025,SCH_154,Sabarkantha,Rural,Female,SC,11,Low,86.7,3.45,Low,Medium,No,Illiterate,Yes,Yes,No,No,7,Illiterate,No,1,1,0,0,41,Medium,NO,Social Factor,Community Engagement,Monitor
STU_GUJ_011739,2022,SCH_159,Banaskantha,Rural,Male,OBC,3,High,71.9,20.73,High,Medium,No,Primary,Yes,No,Yes,No,4,Primary,Yes,0,0,1,0,26,Low,NO,Travel Constraint,Provide Transport,Low Priority
STU_GUJ_007825,2025,SCH_032,Sabarkantha,Urban,Male,OBC,8,Low,91.1,26.49,Low,Medium,Yes,Primary,No,No,Yes,No,2,Graduate,No,0,0,1,0,33,Low,NO,Travel Constraint,Provide Transport,Low Priority
STU_GUJ_010925,2022,SCH_089,Patan,Rural,Female,ST,5,Very Low,87.8,8.29,High,Low,No,Primary,Yes,No,No,No,7,Illiterate,No,0,0,1,0,49,Medium,NO,Travel Constraint,Provide Transport,Monitor
STU_GUJ_006436,2025,SCH_017,Vadodara,Urban,Female,OBC,8,Low,90.0,3.37,Medium,Medium,No,Secondary,No,Yes,No,No,3,Illiterate,Yes,0,0,0,0,21,Low,NO,Social Factor,Community Engagement,Low Priority
STU_GUJ_003316,2020,SCH_120,Dahod,Urban,Male,General,12,Low,57.7,7.27,High,High,Yes,Illiterate,Yes,No,No,No,2,Primary,Yes,0,1,1,1,30,Low,NO,Academic Disengagement,Counselling Support,Low Priority
STU_GUJ_006110,2024,SCH_105,Morbi,Urban,Male,SC,7,Very Low,88.8,12.11,High,High,No,Secondary,Yes,Yes,No,No,6,Primary,No,1,0,1,0,24,Low,NO,Travel Constraint,Provide Transport,Low Priority
STU_GUJ_008375,2019,SCH_124,Dahod,Rural,Male,OBC,10,Low,98.3,0.18,High,Low,No,Primary,Yes,No,No,No,3,Primary,Yes,1,1,0,0,31,Low,NO,Social Factor,Community Engagement,Low Priority
STU_GUJ_006194,2021,SCH_151,Amreli,Urban,Male,OBC,1,Low,97.6,27.59,Low,High,Yes,Primary,Yes,Yes,No,No,4,Primary,No,0,0,1,0,19,Low,NO,Travel Constraint,Provide Transport,Low Priority
STU_GUJ_010988,2019,SCH_125,Jamnagar,Urban,Male,OBC,9,Very Low,95.4,23.98,Medium,Low,No,Illiterate,No,Yes,No,No,8,Primary,No,1,1,1,0,39,Low,NO,Travel Constraint,Provide Transport,Low Priority
STU_GUJ_004439,2024,SCH_069,Bhavnagar,Rural,Female,OBC,7,High,92.7,18.24,Medium,Medium,Yes,Primary,Yes,Yes,No,No,4,Illiterate,Yes,0,0,1,0,17,Low,NO,Travel Constraint,Provide Transport,Low Priority
STU_GUJ_000416,2021,SCH_044,Ahmedabad,Urban,Female,SC,10,High,80.0,15.75,Low,Medium,Yes,Illiterate,Yes,Yes,Yes,No,3,Primary,Yes,0,1,1,0,37,Low,NO,Travel Constraint,Provide Transport,Low Priority
STU_GUJ_007412,2021,SCH_127,Patan,Tribal,Male,ST,12,Very Low,73.1,16.57,Medium,High,Yes,Illiterate,Yes,No,No,No,5,Illiterate,Yes,0,1,1,0,38,Low,NO,Travel Constraint,Provide Transport,Low Priority
STU_GUJ_002217,2021,SCH_038,Morbi,Tribal,Male,OBC,3,Low,88.5,17.63,Low,Medium,Yes,Illiterate,Yes,Yes,No,No,8,Illiterate,No,0,0,1,0,20,Low,NO,Travel Constraint,Provide Transport,Low Priority
STU_GUJ_011429,2025,SCH_146,Gandhinagar,Rural,Male,ST,1,Medium,60.0,3.53,Low,Medium,No,Graduate,Yes,No,No,No,3,Secondary,Yes,0,0,0,1,42,Medium,NO,Academic Disengagement,Counselling Support,Monitor
STU_GUJ_010848,2020,SCH_139,Valsad,Urban,Male,SC,10,Low,51.6,22.03,Low,Low,Yes,Secondary,Yes,Yes,No,No,8,Primary,No,1,1,1,1,51,Medium,NO,Academic Disengagement,Counselling Support,Monitor
STU_GUJ_002128,2023,SCH_072,Rajkot,Rural,Male,OBC,7,High,76.0,23.88,Low,High,Yes,Primary,Yes,No,No,No,4,Illiterate,No,0,0,1,0,25,Low,NO,Travel Constraint,Provide Transport,Low Priority
STU_GUJ_006348,2025,SCH_113,Banaskantha,Tribal,Male,SC,6,Low,53.3,24.95,Low,Low,Yes,Graduate,Yes,Yes,No,No,4,Illiterate,No,1,0,1,1,50,Medium,NO,Academic Disengagement,Counselling Support,Monitor
STU_GUJ_004316,2025,SCH_040,Anand,Rural,Male,SC,9,Low,77.7,14.22,Medium,Medium,Yes,Primary,No,No,No,No,3,Primary,No,0,1,1,0,24,Low,NO,Travel Constraint,Provide Transport,Low Priority
STU_GUJ_011077,2024,SCH_171,Bhavnagar,Rural,Female,ST,11,Very Low,85.1,16.34,Low,High,Yes,Illiterate,Yes,No,Yes,No,6,Primary,No,1,1,1,0,57,Medium,NO,Travel Constraint,Provide Transport,Monitor
STU_GUJ_007188,2025,SCH_124,Navsari,Urban,Female,OBC,2,Low,79.4,17.66,Medium,High,Yes,Illiterate,No,No,No,No,6,Illiterate,No,0,0,1,0,14,Low,NO,Travel Constraint,Provide Transport,Low Priority
STU_GUJ_000711,2020,SCH_012,Dahod,Urban,Male,OBC,4,High,94.3,19.73,Medium,Low,Yes,Illiterate,Yes,Yes,No,No,4,Illiterate,No,0,0,1,0,13,Low,NO,Travel Constraint,Provide Transport,Low Priority
STU_GUJ_007403,2023,SCH_146,Anand,Urban,Male,General,8,Low,54.1,7.35,Medium,Low,Yes,Graduate,No,No,No,No,5,Secondary,No,0,0,1,1,35,Low,NO,Academic Disengagement,Counselling Support,Low Priority
STU_GUJ_003412,2022,SCH_091,Jamnagar,Urban,Male,ST,4,Very Low,69.8,11.6,Low,Low,Yes,Secondary,Yes,Yes,No,No,2,Graduate,Yes,0,0,1,1,48,Medium,NO,Academic Disengagement,Counselling Support,Monitor
STU_GUJ_005468,2020,SCH_048,Kutch,Urban,Female,SC,5,Medium,49.9,20.77,Medium,High,No,Illiterate,Yes,Yes,Yes,No,6,Primary,No,0,0,1,1,37,Low,NO,Academic Disengagement,Counselling Support,Low Priority
STU_GUJ_000408,2019,SCH_137,Navsari,Urban,Male,OBC,7,Medium,78.5,16.12,High,Medium,Yes,Graduate,Yes,Yes,No,No,7,Illiterate,No,0,0,1,0,11,Low,NO,Travel Constraint,Provide Transport,Low Priority
STU_GUJ_003060,2023,SCH_083,Amreli,Tribal,Male,General,8,Very Low,75.4,0.23,Medium,Low,No,Graduate,No,No,No,No,7,Illiterate,No,1,0,0,0,30,Low,NO,Economic Pressure,Provide Scholarship,Low Priority
STU_GUJ_009871,2025,SCH_124,Jamnagar,Rural,Male,OBC,6,Medium,72.7,23.71,High,Medium,Yes,Secondary,No,No,No,No,5,Primary,No,0,0,1,0,18,Low,NO,Travel Constraint,Provide Transport,Low Priority
STU_GUJ_008937,2020,SCH_087,Banaskantha,Rural,Male,OBC,7,Low,75.5,13.05,Low,Low,Yes,Secondary,Yes,Yes,No,No,4,Illiterate,No,0,0,1,0,40,Low,NO,Travel Constraint,Provide Transport,Low Priority
STU_GUJ_006761,2022,SCH_099,Junagadh,Rural,Male,SC,12,Medium,97.9,3.15,Medium,High,Yes,Graduate,No,No,No,No,8,Primary,Yes,0,1,0,0,22,Low,NO,Social Factor,Community Engagement,Low Priority
STU_GUJ_004598,2019,SCH_002,Banaskantha,Tribal,Female,SC,6,Very Low,99.4,17.41,Medium,Medium,No,Illiterate,Yes,Yes,No,No,5,Secondary,No,1,0,1,0,37,Low,NO,Travel Constraint,Provide Transport,Low Priority
STU_GUJ_004413,2023,SCH_047,Navsari,Urban,Female,General,8,Low,57.2,27.27,Low,Medium,Yes,Illiterate,Yes,No,No,No,7,Secondary,No,1,0,1,1,26,Low,NO,Academic Disengagement,Counselling Support,Low Priority
STU_GUJ_003853,2021,SCH_008,Bhavnagar,Urban,Male,OBC,4,Medium,41.4,19.34,Medium,Medium,Yes,Illiterate,No,No,No,No,8,Primary,No,0,0,1,1,32,Low,NO,Academic Disengagement,Counselling Support,Low Priority
STU_GUJ_008162,2019,SCH_051,Sabarkantha,Tribal,Male,ST,9,Low,70.1,7.42,Low,Medium,No,Primary,Yes,No,Yes,No,5,Graduate,No,1,1,1,0,55,Medium,NO,Travel Constraint,Provide Transport,Monitor
STU_GUJ_011769,2022,SCH_173,Navsari,Urban,Male,General,9,High,91.7,19.07,Medium,Medium,Yes,Secondary,Yes,No,No,No,2,Secondary,Yes,0,1,1,0,17,Low,NO,Travel Constraint,Provide Transport,Low Priority
STU_GUJ_005881,2020,SCH_008,Morbi,Urban,Male,SC,6,Medium,56.4,10.24,High,Medium,No,Secondary,Yes,No,No,No,5,Primary,No,0,0,1,1,27,Low,NO,Academic Disengagement,Counselling Support,Low Priority
STU_GUJ_003208,2022,SCH_112,Rajkot,Rural,Female,OBC,2,Low,92.1,3.92,Medium,Medium,Yes,Primary,No,Yes,No,No,5,Illiterate,No,0,0,0,0,19,Low,NO,Social Factor,Community Engagement,Low Priority
STU_GUJ_002656,2021,SCH_071,Dahod,Urban,Female,OBC,2,Very Low,71.6,6.66,Medium,Medium,Yes,Primary,Yes,No,No,No,8,Illiterate,No,0,0,1,0,28,Low,NO,Travel Constraint,Provide Transport,Low Priority
STU_GUJ_005240,2024,SCH_060,Mehsana,Urban,Male,SC,11,Low,59.1,20.37,Low,Low,No,Secondary,Yes,Yes,No,No,8,Primary,No,0,1,1,1,52,Medium,NO,Academic Disengagement,Counselling Support,Monitor
STU_GUJ_001984,2020,SCH_156,Amreli,Rural,Female,SC,7,Low,49.0,24.96,High,Medium,No,Illiterate,No,Yes,No,No,5,Illiterate,No,1,0,1,1,42,Medium,NO,Academic Disengagement,Counselling Support,Monitor
STU_GUJ_007840,2023,SCH_005,Vadodara,Rural,Male,General,3,High,74.6,4.44,Low,Medium,No,Illiterate,Yes,Yes,No,No,6,Illiterate,No,0,0,0,0,31,Low,NO,Social Factor,Community Engagement,Low Priority
STU_GUJ_003871,2022,SCH_016,Gandhinagar,Rural,Female,General,9,Very Low,63.2,16.07,High,High,Yes,Secondary,Yes,Yes,No,No,7,Graduate,Yes,1,1,1,1,48,Medium,NO,Academic Disengagement,Counselling Support,Monitor
STU_GUJ_008274,2021,SCH_044,Anand,Tribal,Male,General,8,Low,44.1,9.85,High,Medium,Yes,Graduate,No,Yes,No,No,7,Primary,Yes,1,0,1,1,34,Low,NO,Academic Disengagement,Counselling Support,Low Priority
STU_GUJ_007402,2025,SCH_113,Morbi,Urban,Female,General,5,Low,46.1,19.18,Medium,Low,No,Primary,Yes,Yes,No,No,7,Secondary,No,0,0,1,1,27,Low,NO,Academic Disengagement,Counselling Support,Low Priority
STU_GUJ_001524,2019,SCH_096,Sabarkantha,Urban,Male,OBC,4,High,47.7,4.14,Medium,Low,Yes,Illiterate,Yes,Yes,No,No,3,Graduate,Yes,0,0,0,1,24,Low,NO,Academic Disengagement,Counselling Support,Low Priority
STU_GUJ_011555,2024,SCH_010,Vadodara,Urban,Female,SC,8,Very Low,41.0,23.19,Medium,High,No,Secondary,Yes,Yes,No,No,6,Illiterate,No,1,0,1,1,42,Medium,NO,Academic Disengagement,Counselling Support,Monitor
STU_GUJ_009081,2024,SCH_136,Rajkot,Rural,Female,SC,10,Low,59.6,3.56,Low,High,No,Illiterate,Yes,No,No,No,8,Illiterate,Yes,1,1,0,1,38,Low,NO,Academic Disengagement,Counselling Support,Low Priority
STU_GUJ_005677,2020,SCH_162,Jamnagar,Urban,Male,ST,5,Low,43.3,3.39,Medium,High,Yes,Illiterate,No,No,No,No,2,Graduate,Yes,0,0,0,1,38,Low,NO,Academic Disengagement,Counselling Support,Low Priority
STU_GUJ_001111,2021,SCH_072,Bharuch,Urban,Female,General,5,Medium,41.6,27.35,Medium,Medium,No,Secondary,No,Yes,No,No,5,Secondary,No,1,0,1,1,34,Low,NO,Academic Disengagement,Counselling Support,Low Priority
STU_GUJ_010071,2019,SCH_127,Navsari,Tribal,Female,General,7,Medium,42.4,19.52,Medium,Medium,Yes,Secondary,No,No,No,No,5,Illiterate,No,1,0,1,1,52,Medium,NO,Academic Disengagement,Counselling Support,Monitor
STU_GUJ_001407,2020,SCH_025,Vadodara,Rural,Female,General,5,High,52.7,23.31,Medium,Medium,Yes,Primary,Yes,Yes,No,No,2,Primary,Yes,0,0,1,1,30,Low,NO,Academic Disengagement,Counselling Support,Low Priority
STU_GUJ_008236,2024,SCH_125,Amreli,Rural,Male,General,12,Very Low,60.4,3.48,Low,Low,No,Graduate,Yes,No,No,No,6,Primary,No,1,1,0,1,50,Medium,NO,Academic Disengagement,Counselling Support,Monitor
STU_GUJ_003039,2024,SCH_017,Ahmedabad,Urban,Male,ST,12,Low,65.5,23.04,Medium,Medium,Yes,Illiterate,Yes,Yes,Yes,No,4,Illiterate,No,0,1,1,1,50,Medium,NO,Academic Disengagement,Counselling Support,Monitor
STU_GUJ_009408,2020,SCH_067,Morbi,Rural,Female,ST,5,Very Low,95.4,11.27,Low,Medium,No,Illiterate,No,Yes,No,No,8,Primary,Yes,1,0,1,0,41,Medium,NO,Travel Constraint,Provide Transport,Monitor
STU_GUJ_011889,2024,SCH_005,Valsad,Rural,Male,OBC,7,Low,96.2,2.83,Medium,Medium,Yes,Primary,Yes,No,No,No,5,Illiterate,Yes,1,0,0,0,18,Low,NO,Social Factor,Community Engagement,Low Priority
STU_GUJ_003913,2024,SCH_039,Amreli,Urban,Female,OBC,3,Medium,68.5,4.02,High,High,No,Graduate,Yes,Yes,No,No,6,Illiterate,No,0,0,0,1,43,Medium,NO,Academic Disengagement,Counselling Support,Monitor
STU_GUJ_008269,2025,SCH_022,Dahod,Urban,Female,General,11,Very Low,68.2,17.77,Low,Low,Yes,Primary,Yes,No,No,No,5,Secondary,Yes,1,1,1,1,56,Medium,NO,Academic Disengagement,Counselling Support,Monitor
STU_GUJ_004561,2023,SCH_020,Navsari,Rural,Male,OBC,5,Low,68.1,19.22,High,Medium,Yes,Primary,No,No,Yes,No,4,Illiterate,No,0,0,1,1,42,Medium,NO,Academic Disengagement,Counselling Support,Monitor
STU_GUJ_006087,2022,SCH_148,Sabarkantha,Tribal,Male,OBC,11,Very Low,49.0,2.12,Medium,Medium,Yes,Graduate,Yes,Yes,No,No,4,Secondary,No,1,1,0,1,47,Medium,NO,Academic Disengagement,Counselling Support,Monitor
STU_GUJ_010654,2022,SCH_160,Junagadh,Tribal,Female,General,11,Low,52.4,21.31,Medium,Medium,No,Primary,Yes,Yes,No,No,8,Illiterate,No,0,1,1,1,40,Low,NO,Academic Disengagement,Counselling Support,Low Priority
STU_GUJ_010839,2020,SCH_131,Sabarkantha,Urban,Female,OBC,6,Medium,82.9,27.43,High,Medium,No,Secondary,No,Yes,No,No,8,Illiterate,No,0,0,1,0,17,Low,NO,Travel Constraint,Provide Transport,Low Priority
STU_GUJ_011580,2019,SCH_066,Jamnagar,Urban,Female,SC,12,Medium,92.3,24.94,Medium,Medium,Yes,Illiterate,Yes,No,No,No,7,Illiterate,Yes,0,1,1,0,36,Low,NO,Travel Constraint,Provide Transport,Low Priority
STU_GUJ_011050,2019,SCH_119,Kutch,Tribal,Male,General,9,Medium,58.6,18.1,High,Medium,Yes,Graduate,Yes,Yes,Yes,No,4,Graduate,Yes,1,1,1,1,41,Medium,NO,Academic Disengagement,Counselling Support,Monitor
STU_GUJ_004899,2025,SCH_053,Kutch,Urban,Male,ST,2,Medium,61.0,10.05,Medium,High,No,Illiterate,No,Yes,No,No,3,Graduate,No,0,0,1,1,36,Low,NO,Academic Disengagement,Counselling Support,Low Priority
STU_GUJ_011745,2025,SCH_018,Ahmedabad,Urban,Male,SC,7,Medium,86.6,19.19,High,Medium,No,Primary,No,Yes,No,No,2,Graduate,No,0,0,1,0,17,Low,NO,Travel Constraint,Provide Transport,Low Priority
STU_GUJ_000634,2025,SCH_141,Dahod,Tribal,Female,OBC,8,Medium,71.5,18.68,High,Medium,No,Illiterate,Yes,No,No,No,8,Secondary,Yes,0,0,1,0,37,Low,NO,Travel Constraint,Provide Transport,Low Priority
STU_GUJ_011136,2022,SCH_034,Banaskantha,Rural,Male,SC,7,Medium,86.4,23.23,Medium,Low,No,Primary,Yes,Yes,Yes,No,6,Illiterate,Yes,1,0,1,0,30,Low,NO,Travel Constraint,Provide Transport,Low Priority
STU_GUJ_008934,2025,SCH_180,Anand,Rural,Female,OBC,7,Very Low,77.2,8.84,Medium,Medium,No,Graduate,Yes,No,Yes,No,2,Illiterate,Yes,0,0,1,0,42,Medium,NO,Travel Constraint,Provide Transport,Monitor
STU_GUJ_004123,2023,SCH_068,Navsari,Tribal,Male,General,2,Very Low,50.8,15.67,Medium,Medium,Yes,Primary,Yes,No,Yes,No,6,Primary,Yes,0,0,1,1,48,Medium,NO,Academic Disengagement,Counselling Support,Monitor
STU_GUJ_004808,2019,SCH_180,Junagadh,Rural,Male,OBC,9,Medium,89.4,10.97,Medium,High,Yes,Illiterate,No,No,No,No,7,Illiterate,No,0,1,1,0,21,Low,NO,Travel Constraint,Provide Transport,Low Priority
STU_GUJ_006212,2022,SCH_055,Rajkot,Rural,Female,OBC,7,Very Low,84.1,16.04,Medium,High,No,Illiterate,No,No,No,Yes,4,Primary,No,1,0,1,0,33,Low,NO,Travel Constraint,Provide Transport,Low Priority
STU_GUJ_007929,2024,SCH_175,Amreli,Tribal,Male,OBC,8,Very Low,64.7,23.95,Low,High,No,Graduate,Yes,Yes,Yes,No,2,Graduate,Yes,0,0,1,1,54,Medium,NO,Academic Disengagement,Counselling Support,Monitor
STU_GUJ_000132,2021,SCH_073,Gandhinagar,Rural,Female,ST,7,High,57.2,26.94,Medium,Low,Yes,Graduate,Yes,No,No,No,2,Illiterate,No,0,0,1,1,49,Medium,NO,Academic Disengagement,Counselling Support,Monitor
STU_GUJ_010696,2023,SCH_052,Dahod,Urban,Female,ST,11,Low,44.0,1.77,Medium,Low,Yes,Secondary,Yes,Yes,Yes,Yes,4,Secondary,Yes,1,1,0,1,56,Medium,NO,Academic Disengagement,Counselling Support,Monitor
STU_GUJ_000456,2021,SCH_032,Banaskantha,Tribal,Female,SC,1,Very Low,95.1,21.91,Medium,High,Yes,Graduate,No,Yes,No,No,4,Primary,Yes,1,0,1,0,42,Medium,NO,Travel Constraint,Provide Transport,Monitor
STU_GUJ_007526,2022,SCH_177,Valsad,Tribal,Female,General,2,Low,58.2,5.28,High,High,No,Illiterate,Yes,No,No,No,3,Illiterate,Yes,1,0,1,1,43,Medium,NO,Academic Disengagement,Counselling Support,Monitor
STU_GUJ_009442,2021,SCH_157,Rajkot,Tribal,Female,OBC,4,Low,70.5,16.94,Medium,High,Yes,Graduate,Yes,Yes,No,No,2,Primary,Yes,0,0,1,0,27,Low,NO,Travel Constraint,Provide Transport,Low Priority
STU_GUJ_009389,2025,SCH_140,Amreli,Rural,Male,SC,2,Very Low,58.0,12.96,Medium,Medium,Yes,Secondary,No,Yes,No,No,5,Illiterate,No,0,0,1,1,33,Low,NO,Academic Disengagement,Counselling Support,Low Priority
STU_GUJ_010878,2022,SCH_048,Banaskantha,Rural,Female,General,11,Very Low,45.1,17.02,Medium,Medium,Yes,Graduate,Yes,No,No,No,2,Primary,No,0,1,1,1,47,Medium,NO,Academic Disengagement,Counselling Support,Monitor
STU_GUJ_000775,2024,SCH_126,Bharuch,Urban,Male,SC,7,Medium,61.9,27.53,High,Low,No,Secondary,Yes,Yes,No,No,2,Secondary,Yes,0,0,1,1,28,Low,NO,Academic Disengagement,Counselling Support,Low Priority
STU_GUJ_005036,2019,SCH_010,Jamnagar,Rural,Male,OBC,2,Very Low,64.7,13.16,Medium,Medium,Yes,Illiterate,No,Yes,No,No,8,Primary,No,0,0,1,1,37,Low,NO,Academic Disengagement,Counselling Support,Low Priority
STU_GUJ_000312,2020,SCH_133,Patan,Urban,Female,ST,1,High,97.6,21.94,Low,Medium,No,Illiterate,Yes,Yes,Yes,No,3,Illiterate,No,1,0,1,0,21,Low,NO,Travel Constraint,Provide Transport,Low Priority
STU_GUJ_005166,2024,SCH_156,Surat,Urban,Male,General,4,High,63.7,10.13,Medium,Low,No,Graduate,Yes,No,No,No,6,Secondary,No,1,0,1,1,20,Low,NO,Academic Disengagement,Counselling Support,Low Priority
STU_GUJ_003596,2022,SCH_008,Valsad,Urban,Male,General,7,Low,90.1,5.8,High,Medium,No,Secondary,Yes,Yes,Yes,No,7,Illiterate,No,0,0,1,0,34,Low,NO,Travel Constraint,Provide Transport,Low Priority
STU_GUJ_003839,2024,SCH_030,Bharuch,Rural,Female,OBC,8,Very Low,48.5,17.19,High,High,Yes,Illiterate,Yes,Yes,No,No,8,Illiterate,Yes,0,0,1,1,37,Low,NO,Academic Disengagement,Counselling Support,Low Priority
STU_GUJ_003694,2022,SCH_084,Bhavnagar,Rural,Male,OBC,7,Low,72.7,21.5,High,High,Yes,Graduate,Yes,No,No,No,3,Illiterate,No,0,0,1,0,25,Low,NO,Travel Constraint,Provide Transport,Low Priority
STU_GUJ_002070,2020,SCH_159,Morbi,Rural,Female,OBC,1,Very Low,99.6,25.51,High,Medium,Yes,Primary,Yes,Yes,No,No,7,Illiterate,Yes,0,0,1,0,28,Low,NO,Travel Constraint,Provide Transport,Low Priority
STU_GUJ_000470,2019,SCH_098,Ahmedabad,Rural,Male,OBC,12,Medium,61.9,9.89,High,Medium,No,Graduate,No,No,No,No,3,Primary,No,1,1,1,1,47,Medium,NO,Academic Disengagement,Counselling Support,Monitor
STU_GUJ_003847,2023,SCH_106,Navsari,Tribal,Male,ST,1,Low,45.5,14.33,Low,Low,No,Illiterate,No,No,No,No,3,Illiterate,Yes,1,0,1,1,49,Medium,NO,Academic Disengagement,Counselling Support,Monitor
STU_GUJ_001351,2025,SCH_123,Banaskantha,Tribal,Male,OBC,8,Low,98.2,2.59,Low,Medium,No,Secondary,No,No,No,Yes,5,Secondary,No,0,0,0,0,33,Low,NO,Social Factor,Community Engagement,Low Priority
STU_GUJ_008656,2019,SCH_177,Gandhinagar,Urban,Female,General,4,Very Low,59.3,9.12,Low,Medium,Yes,Secondary,No,Yes,No,No,2,Primary,Yes,0,0,1,1,36,Low,NO,Academic Disengagement,Counselling Support,Low Priority
STU_GUJ_004396,2021,SCH_032,Jamnagar,Urban,Female,ST,9,Medium,91.0,10.69,High,Medium,Yes,Secondary,Yes,Yes,No,Yes,5,Graduate,No,0,1,1,0,27,Low,NO,Travel Constraint,Provide Transport,Low Priority
STU_GUJ_006957,2025,SCH_054,Rajkot,Urban,Male,General,2,Medium,84.7,1.09,Medium,Medium,Yes,Primary,No,No,No,No,2,Secondary,Yes,0,0,0,0,15,Low,NO,Social Factor,Community Engagement,Low Priority
STU_GUJ_010947,2021,SCH_057,Kutch,Urban,Male,SC,4,Medium,92.2,4.63,Medium,Medium,No,Secondary,Yes,No,Yes,No,5,Primary,No,0,0,0,0,24,Low,NO,Social Factor,Community Engagement,Low Priority
STU_GUJ_000248,2022,SCH_020,Patan,Tribal,Male,OBC,2,Low,78.6,2.56,Medium,Medium,Yes,Primary,Yes,Yes,No,Yes,4,Illiterate,No,0,0,0,0,13,Low,NO,Social Factor,Community Engagement,Low Priority
STU_GUJ_000994,2022,SCH_167,Rajkot,Rural,Female,General,6,Very Low,75.2,12.88,Medium,Low,Yes,Illiterate,Yes,Yes,No,No,8,Illiterate,No,0,0,1,0,35,Low,NO,Travel Constraint,Provide Transport,Low Priority
STU_GUJ_000737,2023,SCH_115,Rajkot,Tribal,Male,General,3,Low,49.6,20.15,Medium,Low,Yes,Graduate,Yes,Yes,Yes,No,2,Primary,No,1,0,1,1,35,Low,NO,Academic Disengagement,Counselling Support,Low Priority
STU_GUJ_010528,2024,SCH_161,Navsari,Urban,Female,OBC,4,Medium,92.2,20.9,Low,High,Yes,Secondary,Yes,Yes,No,No,4,Secondary,No,0,0,1,0,16,Low,NO,Travel Constraint,Provide Transport,Low Priority
STU_GUJ_002953,2024,SCH_040,Junagadh,Urban,Male,ST,3,Low,60.4,0.78,Medium,High,Yes,Graduate,No,No,Yes,Yes,5,Secondary,No,0,0,0,1,45,Medium,NO,Academic Disengagement,Counselling Support,Monitor
STU_GUJ_003350,2020,SCH_126,Amreli,Rural,Male,SC,11,High,88.9,22.2,High,Medium,Yes,Secondary,Yes,Yes,No,No,4,Primary,No,0,1,1,0,24,Low,NO,Travel Constraint,Provide Transport,Low Priority
STU_GUJ_004990,2023,SCH_153,Mehsana,Urban,Female,ST,5,Low,66.7,14.19,Low,Medium,Yes,Primary,Yes,No,No,No,7,Illiterate,No,0,0,1,1,35,Low,NO,Academic Disengagement,Counselling Support,Low Priority
STU_GUJ_003706,2019,SCH_168,Surat,Rural,Female,OBC,8,High,78.7,21.44,High,Low,No,Secondary,No,Yes,No,No,2,Primary,No,0,0,1,0,32,Low,NO,Travel Constraint,Provide Transport,Low Priority
STU_GUJ_009583,2019,SCH_136,Dahod,Urban,Female,SC,7,Very Low,47.2,8.65,Medium,Low,Yes,Graduate,Yes,No,No,No,6,Graduate,No,1,0,1,1,41,Medium,NO,Academic Disengagement,Counselling Support,Monitor
STU_GUJ_000564,2022,SCH_073,Vadodara,Rural,Male,SC,6,Very Low,43.6,9.81,Low,Medium,Yes,Primary,Yes,Yes,No,No,2,Secondary,Yes,1,0,1,1,32,Low,NO,Academic Disengagement,Counselling Support,Low Priority
STU_GUJ_001723,2019,SCH_016,Bharuch,Rural,Male,General,9,Medium,85.5,2.83,Low,Low,Yes,Secondary,Yes,No,No,No,7,Graduate,Yes,1,1,0,0,28,Low,NO,Social Factor,Community Engagement,Low Priority
STU_GUJ_004780,2025,SCH_072,Bhavnagar,Urban,Male,ST,12,High,99.9,16.56,High,High,Yes,Secondary,Yes,No,No,No,2,Primary,No,1,1,1,0,35,Low,NO,Travel Constraint,Provide Transport,Low Priority
STU_GUJ_003001,2025,SCH_054,Banaskantha,Rural,Male,General,6,Low,80.0,20.31,Low,Medium,Yes,Secondary,No,No,No,Yes,8,Illiterate,Yes,0,0,1,0,31,Low,NO,Travel Constraint,Provide Transport,Low Priority
STU_GUJ_005254,2019,SCH_166,Patan,Rural,Male,OBC,3,Very Low,65.7,26.97,High,Medium,No,Primary,Yes,No,Yes,No,4,Illiterate,No,1,0,1,1,43,Medium,NO,Academic Disengagement,Counselling Support,Monitor
STU_GUJ_001577,2025,SCH_131,Banaskantha,Rural,Female,SC,3,Low,95.7,7.11,Medium,High,No,Illiterate,Yes,No,Yes,No,3,Illiterate,Yes,0,0,1,0,37,Low,NO,Travel Constraint,Provide Transport,Low Priority
STU_GUJ_000074,2023,SCH_014,Vadodara,Urban,Male,General,8,Low,57.9,9.78,High,Low,Yes,Secondary,Yes,No,No,No,6,Primary,Yes,1,0,1,1,37,Low,NO,Academic Disengagement,Counselling Support,Low Priority
STU_GUJ_010908,2019,SCH_010,Amreli,Tribal,Male,General,6,Very Low,70.6,18.32,Medium,Medium,No,Graduate,No,No,Yes,No,2,Secondary,No,1,0,1,0,37,Low,NO,Travel Constraint,Provide Transport,Low Priority
STU_GUJ_002239,2019,SCH_160,Junagadh,Tribal,Male,OBC,1,Medium,55.7,1.52,Low,Medium,Yes,Secondary,Yes,Yes,No,Yes,2,Illiterate,No,1,0,0,1,44,Medium,NO,Academic Disengagement,Counselling Support,Monitor
STU_GUJ_003524,2022,SCH_081,Banaskantha,Urban,Male,SC,5,Low,79.0,19.5,Low,Medium,Yes,Secondary,Yes,Yes,Yes,No,6,Primary,No,0,0,1,0,25,Low,NO,Travel Constraint,Provide Transport,Low Priority
STU_GUJ_005665,2023,SCH_037,Morbi,Rural,Male,General,3,High,46.6,27.51,Low,Low,Yes,Primary,Yes,No,No,Yes,2,Illiterate,Yes,1,0,1,1,38,Low,NO,Academic Disengagement,Counselling Support,Low Priority
STU_GUJ_002885,2023,SCH_162,Amreli,Rural,Male,SC,2,High,87.8,9.55,Medium,Medium,Yes,Primary,No,Yes,No,No,5,Illiterate,No,0,0,1,0,16,Low,NO,Travel Constraint,Provide Transport,Low Priority
STU_GUJ_006852,2019,SCH_125,Junagadh,Rural,Female,ST,7,Low,42.7,1.06,Low,Medium,Yes,Secondary,Yes,No,No,No,5,Secondary,No,0,0,0,1,30,Low,NO,Academic Disengagement,Counselling Support,Low Priority
STU_GUJ_006502,2023,SCH_168,Navsari,Rural,Female,SC,10,Medium,52.7,24.97,Medium,Medium,Yes,Primary,Yes,No,No,No,4,Secondary,No,0,1,1,1,44,Medium,NO,Academic Disengagement,Counselling Support,Monitor
STU_GUJ_005891,2021,SCH_039,Navsari,Urban,Male,General,2,Very Low,57.7,12.79,High,Medium,No,Illiterate,Yes,No,No,No,5,Secondary,No,1,0,1,1,35,Low,NO,Academic Disengagement,Counselling Support,Low Priority
STU_GUJ_008447,2025,SCH_087,Surat,Urban,Female,OBC,8,Very Low,92.5,12.27,Low,Low,No,Primary,Yes,No,No,No,5,Primary,No,0,0,1,0,38,Low,NO,Travel Constraint,Provide Transport,Low Priority
STU_GUJ_000080,2020,SCH_075,Bharuch,Rural,Female,ST,10,Medium,41.8,19.86,Medium,Low,Yes,Primary,No,Yes,No,No,6,Secondary,Yes,0,1,1,1,57,Medium,NO,Academic Disengagement,Counselling Support,Monitor
STU_GUJ_006428,2024,SCH_046,Mehsana,Tribal,Male,OBC,4,Low,58.9,13.66,High,Medium,Yes,Secondary,Yes,No,Yes,No,4,Illiterate,Yes,0,0,1,1,45,Medium,NO,Academic Disengagement,Counselling Support,Monitor
STU_GUJ_010435,2020,SCH_110,Kutch,Rural,Male,SC,9,Low,42.6,16.64,Medium,Medium,No,Graduate,Yes,No,No,No,5,Primary,No,0,1,1,1,38,Low,NO,Academic Disengagement,Counselling Support,Low Priority
STU_GUJ_002155,2024,SCH_092,Kutch,Rural,Male,OBC,8,High,98.8,22.36,Low,High,Yes,Primary,Yes,No,No,No,8,Primary,No,0,0,1,0,34,Low,NO,Travel Constraint,Provide Transport,Low Priority
STU_GUJ_000797,2022,SCH_128,Surat,Tribal,Male,General,8,Low,45.3,26.76,Medium,Medium,Yes,Primary,Yes,Yes,No,No,4,Secondary,Yes,0,0,1,1,36,Low,NO,Academic Disengagement,Counselling Support,Low Priority
STU_GUJ_008553,2019,SCH_130,Patan,Rural,Male,OBC,9,Very Low,88.4,9.59,High,Medium,Yes,Graduate,No,No,Yes,No,3,Illiterate,No,0,1,1,0,49,Medium,NO,Travel Constraint,Provide Transport,Monitor
STU_GUJ_007081,2025,SCH_008,Kutch,Urban,Male,SC,1,Low,74.8,19.79,Medium,Low,No,Illiterate,No,Yes,No,No,4,Secondary,Yes,1,0,1,0,15,Low,NO,Travel Constraint,Provide Transport,Low Priority
STU_GUJ_003091,2019,SCH_050,Rajkot,Rural,Male,General,11,Low,88.5,3.4,High,Medium,No,Illiterate,No,Yes,No,No,6,Primary,No,1,1,0,0,22,Low,NO,Social Factor,Community Engagement,Low Priority
STU_GUJ_010606,2022,SCH_121,Banaskantha,Urban,Male,SC,3,Medium,59.3,10.28,Medium,Low,No,Graduate,No,Yes,No,No,3,Secondary,No,0,0,1,1,33,Low,NO,Academic Disengagement,Counselling Support,Low Priority
STU_GUJ_002520,2021,SCH_083,Banaskantha,Urban,Male,OBC,7,Very Low,54.5,11.44,Medium,High,No,Secondary,Yes,No,No,No,3,Illiterate,Yes,1,0,1,1,34,Low,NO,Academic Disengagement,Counselling Support,Low Priority
STU_GUJ_011604,2023,SCH_135,Junagadh,Rural,Female,OBC,6,Low,69.7,27.47,High,Low,Yes,Primary,Yes,No,No,No,8,Primary,Yes,0,0,1,1,23,Low,NO,Academic Disengagement,Counselling Support,Low Priority
STU_GUJ_005693,2025,SCH_041,Dahod,Tribal,Female,OBC,6,Low,92.6,23.83,Medium,Medium,Yes,Illiterate,Yes,No,No,No,6,Illiterate,Yes,1,0,1,0,25,Low,NO,Travel Constraint,Provide Transport,Low Priority
STU_GUJ_007212,2022,SCH_152,Dahod,Rural,Male,General,7,Very Low,94.4,6.62,Medium,Medium,Yes,Secondary,No,No,No,Yes,2,Graduate,No,0,0,1,0,26,Low,NO,Travel Constraint,Provide Transport,Low Priority
STU_GUJ_009857,2019,SCH_101,Bharuch,Tribal,Male,OBC,6,High,58.4,19.09,Low,High,Yes,Illiterate,Yes,Yes,Yes,No,8,Primary,No,1,0,1,1,52,Medium,NO,Academic Disengagement,Counselling Support,Monitor
STU_GUJ_002716,2019,SCH_090,Navsari,Urban,Female,OBC,1,Low,87.1,22.2,Medium,High,No,Primary,Yes,Yes,No,Yes,2,Secondary,Yes,0,0,1,0,22,Low,NO,Travel Constraint,Provide Transport,Low Priority
STU_GUJ_005228,2025,SCH_027,Valsad,Rural,Female,SC,2,High,84.6,23.78,High,Medium,Yes,Secondary,Yes,Yes,No,No,3,Illiterate,No,1,0,1,0,15,Low,NO,Travel Constraint,Provide Transport,Low Priority
STU_GUJ_007786,2020,SCH_082,Vadodara,Rural,Male,SC,1,High,69.7,25.28,Low,High,No,Illiterate,Yes,Yes,Yes,No,2,Secondary,No,1,0,1,1,46,Medium,NO,Academic Disengagement,Counselling Support,Monitor
STU_GUJ_010481,2022,SCH_143,Banaskantha,Rural,Male,OBC,12,Low,54.9,25.04,High,High,No,Illiterate,Yes,No,No,No,8,Illiterate,No,1,1,1,1,48,Medium,NO,Academic Disengagement,Counselling Support,Monitor
STU_GUJ_006068,2024,SCH_060,Morbi,Urban,Male,OBC,7,Low,91.8,1.24,High,Medium,No,Graduate,Yes,No,No,No,7,Primary,No,0,0,0,0,19,Low,NO,Social Factor,Community Engagement,Low Priority
STU_GUJ_000334,2022,SCH_143,Jamnagar,Urban,Male,SC,5,Low,91.1,6.43,Medium,Medium,Yes,Secondary,Yes,No,No,No,5,Primary,Yes,0,0,1,0,6,Low,NO,Travel Constraint,Provide Transport,Low Priority
STU_GUJ_004412,2022,SCH_179,Amreli,Tribal,Male,OBC,3,Medium,46.8,20.36,Low,Low,No,Illiterate,No,Yes,No,No,7,Illiterate,No,1,0,1,1,55,Medium,NO,Academic Disengagement,Counselling Support,Monitor
STU_GUJ_010203,2025,SCH_113,Vadodara,Rural,Male,General,4,Medium,45.8,4.89,Medium,Low,Yes,Secondary,No,No,No,No,2,Illiterate,No,0,0,0,1,27,Low,NO,Academic Disengagement,Counselling Support,Low Priority
STU_GUJ_008418,2021,SCH_006,Ahmedabad,Rural,Female,OBC,12,Very Low,58.6,3.39,Medium,Low,No,Primary,Yes,No,No,No,7,Primary,No,1,1,0,1,51,Medium,NO,Academic Disengagement,Counselling Support,Monitor
STU_GUJ_010111,2020,SCH_034,Bharuch,Urban,Female,OBC,11,Medium,60.4,21.81,Medium,Medium,Yes,Illiterate,Yes,Yes,No,No,7,Illiterate,Yes,0,1,1,1,35,Low,NO,Academic Disengagement,Counselling Support,Low Priority
STU_GUJ_001085,2025,SCH_033,Ahmedabad,Rural,Male,ST,5,High,76.8,24.93,High,Medium,Yes,Illiterate,Yes,Yes,No,No,2,Illiterate,Yes,1,0,1,0,11,Low,NO,Travel Constraint,Provide Transport,Low Priority
STU_GUJ_005981,2023,SCH_034,Kutch,Urban,Female,SC,9,High,53.1,22.59,Medium,Medium,Yes,Secondary,Yes,No,No,No,4,Illiterate,No,0,1,1,1,49,Medium,NO,Academic Disengagement,Counselling Support,Monitor
STU_GUJ_001473,2021,SCH_004,Anand,Urban,Male,SC,8,Very Low,49.4,27.92,Medium,High,No,Illiterate,No,Yes,No,No,5,Secondary,No,0,0,1,1,42,Medium,NO,Academic Disengagement,Counselling Support,Monitor
STU_GUJ_000451,2020,SCH_120,Sabarkantha,Rural,Male,OBC,3,Medium,52.6,17.11,Medium,Medium,Yes,Secondary,No,Yes,No,No,8,Illiterate,No,0,0,1,1,27,Low,NO,Academic Disengagement,Counselling Support,Low Priority
STU_GUJ_001852,2021,SCH_074,Rajkot,Urban,Male,SC,11,Low,56.8,3.21,Low,Medium,Yes,Primary,Yes,No,No,No,3,Primary,No,0,1,0,1,51,Medium,NO,Academic Disengagement,Counselling Support,Monitor
STU_GUJ_010187,2023,SCH_059,Gandhinagar,Urban,Female,OBC,12,Very Low,84.9,16.29,Low,High,Yes,Secondary,Yes,Yes,Yes,No,7,Secondary,No,0,1,1,0,44,Medium,NO,Travel Constraint,Provide Transport,Monitor
STU_GUJ_003747,2019,SCH_010,Dahod,Rural,Female,General,6,Medium,43.3,4.69,Low,Medium,No,Graduate,Yes,No,No,No,4,Primary,No,0,0,0,1,30,Low,NO,Academic Disengagement,Counselling Support,Low Priority
STU_GUJ_010420,2023,SCH_097,Patan,Rural,Male,OBC,8,High,67.7,21.72,Medium,Medium,Yes,Secondary,No,Yes,No,No,6,Illiterate,No,0,0,1,1,42,Medium,NO,Academic Disengagement,Counselling Support,Monitor
STU_GUJ_003324,2020,SCH_047,Rajkot,Urban,Male,ST,1,Low,53.9,9.53,Low,Low,Yes,Graduate,Yes,No,No,No,3,Primary,Yes,1,0,1,1,42,Medium,NO,Academic Disengagement,Counselling Support,Monitor
STU_GUJ_000294,2024,SCH_025,Vadodara,Urban,Male,OBC,9,Low,61.6,26.8,Low,High,No,Graduate,Yes,No,No,No,8,Illiterate,No,1,1,1,1,41,Medium,NO,Academic Disengagement,Counselling Support,Monitor
STU_GUJ_001251,2021,SCH_019,Bhavnagar,Urban,Male,General,1,Low,68.0,13.18,Medium,Medium,Yes,Graduate,No,Yes,No,No,6,Secondary,No,0,0,1,1,24,Low,NO,Academic Disengagement,Counselling Support,Low Priority
STU_GUJ_001146,2021,SCH_100,Kutch,Urban,Female,SC,3,Medium,83.6,26.84,Medium,High,Yes,Secondary,Yes,Yes,No,No,2,Primary,No,0,0,1,0,24,Low,NO,Travel Constraint,Provide Transport,Low Priority
STU_GUJ_002456,2023,SCH_102,Dahod,Tribal,Female,OBC,10,Very Low,53.7,15.02,Low,Medium,No,Secondary,Yes,Yes,No,No,8,Secondary,No,0,1,1,1,69,Medium,NO,Academic Disengagement,Counselling Support,Monitor
STU_GUJ_006179,2020,SCH_086,Gandhinagar,Rural,Female,OBC,3,High,90.0,26.55,Low,Medium,No,Primary,No,Yes,No,No,7,Illiterate,Yes,1,0,1,0,35,Low,NO,Travel Constraint,Provide Transport,Low Priority
STU_GUJ_003520,2022,SCH_005,Surat,Tribal,Male,OBC,4,High,51.8,1.59,Medium,Low,Yes,Secondary,No,Yes,No,No,6,Secondary,Yes,0,0,0,1,23,Low,NO,Academic Disengagement,Counselling Support,Low Priority
STU_GUJ_007018,2023,SCH_160,Banaskantha,Rural,Male,OBC,3,Very Low,79.0,11.48,Medium,Medium,Yes,Illiterate,Yes,Yes,No,No,7,Secondary,No,0,0,1,0,35,Low,NO,Travel Constraint,Provide Transport,Low Priority
STU_GUJ_001954,2021,SCH_134,Jamnagar,Tribal,Female,OBC,12,Low,79.6,3.21,Medium,Low,Yes,Secondary,Yes,No,No,No,5,Primary,No,0,1,0,0,45,Medium,NO,Social Factor,Community Engagement,Monitor
STU_GUJ_010401,2022,SCH_164,Morbi,Urban,Female,ST,7,High,55.4,26.32,Medium,Medium,No,Graduate,No,Yes,No,No,4,Illiterate,Yes,1,0,1,1,38,Low,NO,Academic Disengagement,Counselling Support,Low Priority
STU_GUJ_011509,2023,SCH_046,Morbi,Tribal,Male,SC,4,Very Low,92.3,27.64,Medium,Medium,Yes,Secondary,No,Yes,No,No,8,Illiterate,Yes,1,0,1,0,30,Low,NO,Travel Constraint,Provide Transport,Low Priority
STU_GUJ_008318,2025,SCH_031,Mehsana,Rural,Female,OBC,5,High,54.9,19.99,Medium,Medium,Yes,Graduate,Yes,Yes,No,No,5,Graduate,No,0,0,1,1,27,Low,NO,Academic Disengagement,Counselling Support,Low Priority
STU_GUJ_006392,2020,SCH_053,Navsari,Urban,Female,OBC,2,Low,88.3,19.34,Medium,Medium,No,Illiterate,Yes,No,No,No,3,Primary,Yes,0,0,1,0,18,Low,NO,Travel Constraint,Provide Transport,Low Priority
STU_GUJ_010557,2019,SCH_065,Junagadh,Tribal,Male,OBC,2,Very Low,45.5,20.09,Medium,Low,No,Secondary,No,Yes,Yes,No,6,Secondary,No,1,0,1,1,46,Medium,NO,Academic Disengagement,Counselling Support,Monitor
STU_GUJ_000853,2023,SCH_023,Bharuch,Rural,Male,OBC,2,Very Low,54.0,15.64,High,Low,Yes,Graduate,Yes,No,No,No,2,Primary,Yes,1,0,1,1,31,Low,NO,Academic Disengagement,Counselling Support,Low Priority
STU_GUJ_001495,2024,SCH_028,Mehsana,Rural,Female,SC,12,Medium,49.9,13.29,Low,Low,Yes,Primary,Yes,Yes,No,No,5,Illiterate,No,0,1,1,1,38,Low,NO,Academic Disengagement,Counselling Support,Low Priority
STU_GUJ_002860,2020,SCH_114,Navsari,Urban,Female,SC,9,High,88.7,9.75,Medium,Low,Yes,Illiterate,Yes,No,No,No,5,Illiterate,No,0,1,1,0,32,Low,NO,Travel Constraint,Provide Transport,Low Priority
STU_GUJ_004346,2022,SCH_076,Junagadh,Urban,Male,OBC,6,Medium,65.8,3.21,Medium,Medium,Yes,Illiterate,No,Yes,No,No,5,Illiterate,Yes,0,0,0,1,22,Low,NO,Academic Disengagement,Counselling Support,Low Priority
STU_GUJ_007415,2024,SCH_167,Valsad,Rural,Female,OBC,7,Medium,97.6,17.79,Low,High,Yes,Primary,Yes,No,No,No,4,Primary,Yes,0,0,1,0,18,Low,NO,Travel Constraint,Provide Transport,Low Priority
STU_GUJ_010520,2023,SCH_121,Banaskantha,Rural,Female,ST,7,Very Low,81.8,20.39,High,High,Yes,Graduate,Yes,No,No,No,6,Illiterate,No,1,0,1,0,40,Low,NO,Travel Constraint,Provide Transport,Low Priority
STU_GUJ_001806,2021,SCH_068,Bharuch,Tribal,Female,ST,10,Medium,57.9,27.45,Medium,High,No,Primary,Yes,Yes,No,No,6,Primary,No,1,1,1,1,55,Medium,NO,Academic Disengagement,Counselling Support,Monitor
STU_GUJ_008531,2024,SCH_131,Kutch,Rural,Male,OBC,8,Medium,42.4,1.64,High,Low,Yes,Primary,Yes,Yes,No,No,8,Illiterate,No,0,0,0,1,37,Low,NO,Academic Disengagement,Counselling Support,Low Priority
STU_GUJ_006740,2019,SCH_075,Valsad,Urban,Female,OBC,4,Low,45.7,5.66,Medium,Low,Yes,Secondary,Yes,Yes,No,No,3,Primary,No,0,0,1,1,21,Low,NO,Academic Disengagement,Counselling Support,Low Priority
STU_GUJ_010380,2020,SCH_056,Junagadh,Tribal,Male,SC,3,Very Low,50.1,13.03,Low,High,Yes,Primary,Yes,Yes,No,No,3,Graduate,No,0,0,1,1,43,Medium,NO,Academic Disengagement,Counselling Support,Monitor
STU_GUJ_007088,2020,SCH_121,Gandhinagar,Rural,Male,General,11,Low,44.6,0.25,Low,Medium,Yes,Primary,Yes,No,No,No,3,Primary,No,0,1,0,1,45,Medium,NO,Academic Disengagement,Counselling Support,Monitor
STU_GUJ_010835,2019,SCH_018,Kutch,Tribal,Female,OBC,12,Medium,88.2,13.2,Medium,Medium,Yes,Primary,Yes,Yes,No,No,6,Primary,Yes,0,1,1,0,36,Low,NO,Travel Constraint,Provide Transport,Low Priority
STU_GUJ_000189,2021,SCH_046,Valsad,Rural,Male,ST,6,Medium,60.2,9.95,Low,Medium,Yes,Secondary,Yes,No,No,Yes,3,Primary,Yes,0,0,1,1,50,Medium,NO,Academic Disengagement,Counselling Support,Monitor
STU_GUJ_001124,2020,SCH_100,Surat,Urban,Female,OBC,10,Very Low,48.7,15.82,Medium,Low,No,Secondary,Yes,Yes,No,No,3,Primary,No,1,1,1,1,51,Medium,NO,Academic Disengagement,Counselling Support,Monitor
STU_GUJ_011363,2022,SCH_071,Valsad,Tribal,Male,ST,12,Very Low,58.8,7.45,High,Medium,Yes,Graduate,Yes,No,Yes,No,6,Primary,No,1,1,1,1,63,Medium,NO,Academic Disengagement,Counselling Support,Monitor
STU_GUJ_011929,2025,SCH_087,Bharuch,Rural,Male,General,12,Medium,94.9,5.31,Low,High,Yes,Illiterate,Yes,Yes,No,No,6,Secondary,No,0,1,1,0,36,Low,NO,Travel Constraint,Provide Transport,Low Priority
STU_GUJ_006587,2024,SCH_053,Gandhinagar,Rural,Female,General,3,Very Low,64.4,7.75,Low,Medium,Yes,Primary,Yes,Yes,No,Yes,2,Primary,No,0,0,1,1,47,Medium,NO,Academic Disengagement,Counselling Support,Monitor
STU_GUJ_011992,2022,SCH_144,Patan,Rural,Male,General,12,Medium,76.6,7.08,High,Medium,No,Primary,No,No,No,No,6,Primary,Yes,0,1,1,0,28,Low,NO,Travel Constraint,Provide Transport,Low Priority
STU_GUJ_009406,2023,SCH_006,Vadodara,Urban,Female,OBC,7,Very Low,51.4,5.46,High,High,No,Primary,Yes,Yes,No,No,8,Secondary,Yes,1,0,1,1,35,Low,NO,Academic Disengagement,Counselling Support,Low Priority
STU_GUJ_006758,2022,SCH_003,Rajkot,Rural,Female,SC,12,Very Low,73.1,19.75,Medium,Low,Yes,Primary,No,Yes,No,No,3,Illiterate,No,1,1,1,0,44,Medium,NO,Travel Constraint,Provide Transport,Monitor
STU_GUJ_003707,2022,SCH_150,Navsari,Tribal,Female,ST,7,High,80.5,6.04,High,Low,Yes,Secondary,Yes,Yes,No,No,5,Graduate,No,1,0,1,0,33,Low,NO,Travel Constraint,Provide Transport,Low Priority
STU_GUJ_006770,2022,SCH_118,Surat,Urban,Male,OBC,3,Very Low,74.3,24.33,High,High,No,Secondary,Yes,No,No,No,6,Illiterate,Yes,0,0,1,0,25,Low,NO,Travel Constraint,Provide Transport,Low Priority
STU_GUJ_005293,2021,SCH_142,Jamnagar,Rural,Male,SC,9,Medium,66.6,25.36,Medium,High,Yes,Primary,Yes,No,Yes,No,7,Illiterate,No,0,1,1,1,55,Medium,NO,Academic Disengagement,Counselling Support,Monitor
STU_GUJ_001595,2021,SCH_037,Dahod,Rural,Female,General,7,Medium,84.6,14.76,Low,Medium,No,Illiterate,Yes,No,No,No,3,Illiterate,Yes,1,0,1,0,42,Medium,NO,Travel Constraint,Provide Transport,Monitor
STU_GUJ_011732,2024,SCH_175,Valsad,Tribal,Female,SC,12,Low,84.4,22.73,Medium,Medium,Yes,Primary,Yes,No,No,Yes,8,Primary,Yes,0,1,1,0,60,Medium,NO,Travel Constraint,Provide Transport,Monitor
STU_GUJ_002590,2020,SCH_050,Sabarkantha,Tribal,Male,SC,6,Low,77.5,2.82,High,Low,Yes,Illiterate,Yes,No,Yes,No,3,Secondary,No,0,0,0,0,31,Low,NO,Social Factor,Community Engagement,Low Priority
STU_GUJ_000501,2025,SCH_123,Navsari,Rural,Male,OBC,4,Low,52.1,22.13,High,High,Yes,Illiterate,No,Yes,Yes,No,4,Graduate,No,0,0,1,1,46,Medium,NO,Academic Disengagement,Counselling Support,Monitor
STU_GUJ_003600,2025,SCH_179,Banaskantha,Tribal,Male,OBC,7,Medium,48.4,27.6,Medium,Medium,No,Illiterate,Yes,No,No,No,3,Secondary,Yes,1,0,1,1,33,Low,NO,Academic Disengagement,Counselling Support,Low Priority
STU_GUJ_000291,2019,SCH_094,Junagadh,Urban,Male,ST,4,Very Low,97.7,14.73,Medium,Medium,Yes,Illiterate,No,Yes,No,Yes,4,Illiterate,No,1,0,1,0,30,Low,NO,Travel Constraint,Provide Transport,Low Priority
STU_GUJ_005377,2023,SCH_064,Rajkot,Rural,Male,General,3,Medium,58.1,18.15,Medium,Medium,No,Primary,Yes,Yes,No,No,7,Illiterate,No,1,0,1,1,28,Low,NO,Academic Disengagement,Counselling Support,Low Priority
STU_GUJ_011711,2021,SCH_075,Anand,Urban,Male,General,1,High,54.4,12.09,High,Low,No,Illiterate,Yes,No,No,No,5,Illiterate,No,1,0,1,1,33,Low,NO,Academic Disengagement,Counselling Support,Low Priority
STU_GUJ_010792,2020,SCH_022,Surat,Rural,Female,OBC,5,Very Low,62.2,5.27,Medium,Medium,Yes,Secondary,Yes,No,No,No,2,Primary,Yes,1,0,1,1,31,Low,NO,Academic Disengagement,Counselling Support,Low Priority
STU_GUJ_002933,2022,SCH_025,Anand,Urban,Female,ST,7,Very Low,96.8,27.78,High,High,Yes,Illiterate,Yes,No,No,No,8,Secondary,No,0,0,1,0,35,Low,NO,Travel Constraint,Provide Transport,Low Priority
STU_GUJ_003563,2023,SCH_001,Patan,Rural,Female,General,2,Medium,48.2,17.42,Medium,Low,Yes,Secondary,Yes,Yes,No,No,5,Primary,Yes,1,0,1,1,41,Medium,NO,Academic Disengagement,Counselling Support,Monitor
STU_GUJ_004973,2021,SCH_057,Amreli,Rural,Female,SC,7,Medium,68.6,24.13,High,High,Yes,Graduate,No,No,No,No,7,Illiterate,Yes,0,0,1,1,35,Low,NO,Academic Disengagement,Counselling Support,Low Priority
STU_GUJ_005273,2024,SCH_174,Gandhinagar,Rural,Female,OBC,5,Medium,99.1,18.78,Medium,Medium,Yes,Secondary,Yes,No,No,No,4,Primary,No,0,0,1,0,8,Low,NO,Travel Constraint,Provide Transport,Low Priority
STU_GUJ_008527,2025,SCH_136,Amreli,Rural,Female,General,2,Medium,68.8,5.12,High,Low,Yes,Primary,Yes,No,No,No,3,Primary,No,0,0,1,1,44,Medium,NO,Academic Disengagement,Counselling Support,Monitor
STU_GUJ_003469,2023,SCH_056,Surat,Rural,Female,OBC,3,Low,90.8,3.3,Medium,High,Yes,Illiterate,Yes,Yes,No,Yes,7,Primary,No,0,0,0,0,22,Low,NO,Social Factor,Community Engagement,Low Priority
STU_GUJ_000591,2025,SCH_091,Gandhinagar,Urban,Female,SC,3,Very Low,87.0,14.55,High,Medium,Yes,Primary,Yes,No,No,No,2,Illiterate,Yes,0,0,1,0,13,Low,NO,Travel Constraint,Provide Transport,Low Priority
STU_GUJ_003689,2025,SCH_162,Dahod,Urban,Female,OBC,7,Low,94.3,0.41,Low,Medium,Yes,Secondary,No,Yes,No,No,7,Primary,Yes,1,0,0,0,25,Low,NO,Social Factor,Community Engagement,Low Priority
STU_GUJ_008601,2024,SCH_134,Bharuch,Rural,Female,SC,7,Low,63.9,11.16,Medium,Medium,Yes,Graduate,Yes,Yes,No,No,7,Graduate,Yes,1,0,1,1,35,Low,NO,Academic Disengagement,Counselling Support,Low Priority
STU_GUJ_002272,2025,SCH_163,Gandhinagar,Urban,Male,OBC,8,Very Low,63.5,20.75,Medium,Medium,No,Secondary,Yes,No,No,No,2,Graduate,No,0,0,1,1,49,Medium,NO,Academic Disengagement,Counselling Support,Monitor
STU_GUJ_007443,2019,SCH_051,Surat,Rural,Female,OBC,10,Medium,40.6,9.66,Medium,Medium,No,Secondary,Yes,No,No,No,7,Illiterate,Yes,0,1,1,1,66,Medium,NO,Academic Disengagement,Counselling Support,Monitor
STU_GUJ_005823,2021,SCH_050,Banaskantha,Tribal,Male,OBC,12,Low,48.1,13.25,Low,Medium,Yes,Secondary,Yes,No,Yes,No,7,Illiterate,Yes,1,1,1,1,60,Medium,NO,Academic Disengagement,Counselling Support,Monitor
STU_GUJ_002770,2021,SCH_078,Bhavnagar,Rural,Male,SC,12,Low,95.2,27.12,Low,Low,Yes,Primary,Yes,No,Yes,No,3,Illiterate,No,0,1,1,0,46,Medium,NO,Travel Constraint,Provide Transport,Monitor
STU_GUJ_001092,2024,SCH_169,Dahod,Rural,Male,ST,7,Medium,96.8,10.85,Low,Medium,Yes,Illiterate,Yes,No,No,No,8,Primary,Yes,0,0,1,0,21,Low,NO,Travel Constraint,Provide Transport,Low Priority
STU_GUJ_002772,2020,SCH_172,Anand,Rural,Male,General,8,Medium,56.5,26.15,Low,Low,Yes,Secondary,No,No,No,No,7,Secondary,Yes,1,0,1,1,42,Medium,NO,Academic Disengagement,Counselling Support,Monitor
STU_GUJ_003255,2020,SCH_102,Navsari,Urban,Female,General,4,Low,82.1,4.62,Medium,Medium,Yes,Illiterate,Yes,No,No,No,8,Illiterate,No,0,0,0,0,17,Low,NO,Social Factor,Community Engagement,Low Priority
STU_GUJ_005054,2020,SCH_169,Patan,Tribal,Female,SC,11,Low,73.6,4.38,Medium,Low,Yes,Illiterate,No,Yes,No,No,3,Secondary,Yes,1,1,0,0,37,Low,NO,Social Factor,Community Engagement,Low Priority
STU_GUJ_008006,2019,SCH_056,Rajkot,Urban,Female,General,3,Low,59.6,24.23,Low,Low,Yes,Primary,Yes,No,No,No,6,Illiterate,No,0,0,1,1,28,Low,NO,Academic Disengagement,Counselling Support,Low Priority
STU_GUJ_000778,2021,SCH_081,Banaskantha,Tribal,Male,General,8,Very Low,41.4,17.85,Medium,High,Yes,Illiterate,Yes,Yes,No,No,4,Illiterate,No,1,0,1,1,47,Medium,NO,Academic Disengagement,Counselling Support,Monitor
STU_GUJ_009432,2022,SCH_134,Bharuch,Rural,Female,General,3,Medium,82.4,21.18,Medium,Medium,No,Illiterate,Yes,Yes,No,Yes,2,Primary,Yes,0,0,1,0,19,Low,NO,Travel Constraint,Provide Transport,Low Priority
STU_GUJ_000300,2022,SCH_126,Vadodara,Rural,Male,OBC,4,Medium,93.6,24.8,High,Medium,Yes,Illiterate,No,No,No,No,4,Secondary,No,0,0,1,0,18,Low,NO,Travel Constraint,Provide Transport,Low Priority
STU_GUJ_009884,2023,SCH_138,Patan,Rural,Female,General,3,Medium,85.0,17.71,Low,Medium,No,Primary,Yes,No,No,No,5,Illiterate,No,0,0,1,0,20,Low,NO,Travel Constraint,Provide Transport,Low Priority
STU_GUJ_001091,2025,SCH_038,Jamnagar,Rural,Female,ST,11,High,42.4,14.86,Medium,Medium,Yes,Secondary,No,Yes,No,No,3,Graduate,No,1,1,1,1,67,Medium,NO,Academic Disengagement,Counselling Support,Monitor
STU_GUJ_001195,2021,SCH_067,Valsad,Tribal,Male,SC,9,Very Low,56.6,12.36,Low,Medium,Yes,Secondary,Yes,No,No,No,8,Secondary,No,0,1,1,1,49,Medium,NO,Academic Disengagement,Counselling Support,Monitor
STU_GUJ_008181,2024,SCH_021,Morbi,Tribal,Female,General,11,Low,66.0,18.49,Low,Medium,No,Graduate,Yes,Yes,No,No,8,Secondary,No,1,1,1,1,52,Medium,NO,Academic Disengagement,Counselling Support,Monitor
STU_GUJ_005466,2019,SCH_091,Junagadh,Tribal,Male,General,7,Low,42.3,4.62,High,Low,No,Graduate,Yes,Yes,No,No,5,Primary,No,0,0,0,1,31,Low,NO,Academic Disengagement,Counselling Support,Low Priority
STU_GUJ_008742,2024,SCH_086,Patan,Urban,Female,SC,10,High,48.8,24.4,Low,Low,Yes,Graduate,No,Yes,No,No,2,Primary,No,1,1,1,1,44,Medium,NO,Academic Disengagement,Counselling Support,Monitor
STU_GUJ_000533,2025,SCH_169,Sabarkantha,Rural,Female,OBC,3,Medium,73.7,2.04,Medium,Low,Yes,Primary,Yes,No,No,No,4,Illiterate,Yes,1,0,0,0,13,Low,NO,Social Factor,Community Engagement,Low Priority
STU_GUJ_003264,2023,SCH_162,Jamnagar,Urban,Male,OBC,10,Low,51.7,20.53,Low,High,Yes,Primary,Yes,Yes,Yes,Yes,8,Primary,No,1,1,1,1,46,Medium,NO,Academic Disengagement,Counselling Support,Monitor
STU_GUJ_000972,2025,SCH_131,Ahmedabad,Rural,Female,OBC,8,Low,60.2,0.56,Low,Low,No,Primary,No,Yes,No,No,8,Secondary,No,1,0,0,1,37,Low,NO,Academic Disengagement,Counselling Support,Low Priority
STU_GUJ_011381,2020,SCH_141,Navsari,Rural,Male,ST,11,High,85.6,1.8,Low,Medium,Yes,Graduate,Yes,Yes,No,No,5,Illiterate,Yes,0,1,0,0,28,Low,NO,Social Factor,Community Engagement,Low Priority
STU_GUJ_004085,2022,SCH_101,Dahod,Urban,Male,ST,8,Low,71.3,19.15,Medium,Medium,No,Illiterate,No,Yes,No,No,2,Primary,No,1,0,1,0,33,Low,NO,Travel Constraint,Provide Transport,Low Priority
STU_GUJ_001114,2019,SCH_169,Gandhinagar,Tribal,Male,ST,11,Medium,76.0,26.87,High,Medium,Yes,Primary,Yes,Yes,Yes,Yes,5,Secondary,Yes,0,1,1,0,39,Low,NO,Travel Constraint,Provide Transport,Low Priority
STU_GUJ_003709,2025,SCH_091,Valsad,Urban,Female,General,11,Low,50.5,22.03,Medium,Medium,No,Illiterate,Yes,Yes,No,No,4,Primary,No,0,1,1,1,63,Medium,NO,Academic Disengagement,Counselling Support,Monitor
STU_GUJ_006713,2021,SCH_163,Anand,Rural,Male,OBC,8,Very Low,80.0,11.72,Medium,Medium,Yes,Primary,No,No,No,No,5,Illiterate,Yes,0,0,1,0,13,Low,NO,Travel Constraint,Provide Transport,Low Priority
STU_GUJ_001593,2025,SCH_154,Bharuch,Rural,Male,General,9,Medium,58.5,1.08,High,Medium,No,Secondary,Yes,Yes,No,No,2,Illiterate,No,0,1,0,1,45,Medium,NO,Academic Disengagement,Counselling Support,Monitor
STU_GUJ_002392,2022,SCH_038,Jamnagar,Rural,Male,ST,10,Medium,89.1,19.08,Medium,Medium,No,Illiterate,Yes,No,No,No,2,Illiterate,Yes,1,1,1,0,35,Low,NO,Travel Constraint,Provide Transport,Low Priority
STU_GUJ_007925,2019,SCH_114,Banaskantha,Tribal,Female,OBC,6,Low,94.0,25.27,Low,Medium,Yes,Primary,Yes,No,No,No,3,Graduate,Yes,0,0,1,0,26,Low,NO,Travel Constraint,Provide Transport,Low Priority
STU_GUJ_005886,2021,SCH_072,Rajkot,Urban,Male,OBC,7,Medium,74.1,24.77,High,Medium,Yes,Secondary,Yes,No,No,No,8,Secondary,No,0,0,1,0,10,Low,NO,Travel Constraint,Provide Transport,Low Priority
STU_GUJ_007308,2021,SCH_153,Surat,Urban,Male,OBC,9,Medium,53.3,13.24,Low,Low,Yes,Illiterate,Yes,Yes,No,No,8,Primary,Yes,0,1,1,1,51,Medium,NO,Academic Disengagement,Counselling Support,Monitor
STU_GUJ_005728,2023,SCH_132,Mehsana,Rural,Male,OBC,11,Very Low,44.5,20.09,Medium,Medium,Yes,Primary,Yes,Yes,No,No,7,Secondary,No,0,1,1,1,35,Low,NO,Academic Disengagement,Counselling Support,Low Priority
STU_GUJ_001083,2022,SCH_117,Surat,Rural,Male,OBC,1,Low,69.3,25.72,Medium,Low,Yes,Primary,Yes,Yes,Yes,No,8,Primary,No,0,0,1,1,43,Medium,NO,Academic Disengagement,Counselling Support,Monitor
STU_GUJ_005642,2019,SCH_106,Anand,Rural,Female,OBC,11,Very Low,68.9,23.47,Medium,Medium,Yes,Primary,Yes,No,Yes,No,7,Illiterate,Yes,0,1,1,1,50,Medium,NO,Academic Disengagement,Counselling Support,Monitor
STU_GUJ_003446,2021,SCH_016,Bharuch,Urban,Female,General,2,Very Low,42.3,7.3,High,Medium,Yes,Primary,Yes,No,No,No,6,Graduate,No,0,0,1,1,32,Low,NO,Academic Disengagement,Counselling Support,Low Priority
STU_GUJ_011689,2020,SCH_102,Dahod,Tribal,Male,General,6,Low,96.4,19.29,High,High,Yes,Graduate,Yes,Yes,No,No,5,Primary,Yes,0,0,1,0,9,Low,NO,Travel Constraint,Provide Transport,Low Priority
STU_GUJ_008178,2021,SCH_113,Vadodara,Tribal,Female,General,9,High,57.7,8.73,High,Medium,Yes,Secondary,Yes,No,Yes,No,5,Secondary,No,0,1,1,1,56,Medium,NO,Academic Disengagement,Counselling Support,Monitor
STU_GUJ_008864,2024,SCH_024,Jamnagar,Tribal,Male,SC,6,Medium,41.0,25.1,High,High,Yes,Primary,No,Yes,No,No,5,Secondary,Yes,1,0,1,1,39,Low,NO,Academic Disengagement,Counselling Support,Low Priority
STU_GUJ_002021,2023,SCH_176,Surat,Urban,Female,OBC,12,Medium,87.5,4.46,High,Medium,No,Graduate,No,No,No,No,8,Primary,No,1,1,0,0,26,Low,NO,Social Factor,Community Engagement,Low Priority
STU_GUJ_009737,2025,SCH_158,Gandhinagar,Rural,Female,General,8,Low,51.3,2.21,Medium,Medium,Yes,Primary,Yes,Yes,No,No,2,Secondary,No,0,0,0,1,24,Low,NO,Academic Disengagement,Counselling Support,Low Priority
STU_GUJ_001804,2022,SCH_039,Mehsana,Urban,Male,General,1,Low,55.6,23.99,Low,Medium,No,Primary,Yes,No,No,No,7,Illiterate,Yes,0,0,1,1,30,Low,NO,Academic Disengagement,Counselling Support,Low Priority
STU_GUJ_011634,2025,SCH_094,Banaskantha,Rural,Male,General,11,Very Low,81.9,27.65,Low,Low,No,Primary,Yes,Yes,Yes,No,8,Primary,No,1,1,1,0,56,Medium,NO,Travel Constraint,Provide Transport,Monitor
STU_GUJ_004099,2020,SCH_005,Mehsana,Rural,Male,OBC,11,Low,57.1,4.54,Low,Medium,No,Secondary,Yes,Yes,No,Yes,4,Primary,Yes,0,1,0,1,42,Medium,NO,Academic Disengagement,Counselling Support,Monitor
STU_GUJ_004890,2023,SCH_158,Jamnagar,Tribal,Male,SC,5,Medium,63.2,5.73,Low,Low,No,Illiterate,Yes,No,No,No,7,Graduate,No,0,0,1,1,38,Low,NO,Academic Disengagement,Counselling Support,Low Priority
STU_GUJ_008564,2025,SCH_055,Banaskantha,Rural,Female,OBC,1,High,57.2,6.63,Low,High,Yes,Primary,Yes,Yes,No,No,7,Secondary,Yes,1,0,1,1,36,Low,NO,Academic Disengagement,Counselling Support,Low Priority
STU_GUJ_002760,2020,SCH_014,Gandhinagar,Rural,Female,General,4,Low,85.9,4.14,Low,Medium,Yes,Secondary,Yes,Yes,No,No,7,Secondary,No,0,0,0,0,18,Low,NO,Social Factor,Community Engagement,Low Priority
STU_GUJ_001643,2024,SCH_020,Sabarkantha,Rural,Female,ST,8,Low,69.4,1.47,Medium,Low,No,Primary,Yes,No,No,No,6,Secondary,No,0,0,0,1,34,Low,NO,Academic Disengagement,Counselling Support,Low Priority
STU_GUJ_010364,2024,SCH_116,Valsad,Rural,Male,OBC,2,Medium,85.3,23.61,High,High,Yes,Illiterate,No,No,No,Yes,2,Secondary,Yes,0,0,1,0,16,Low,NO,Travel Constraint,Provide Transport,Low Priority
STU_GUJ_008758,2020,SCH_122,Jamnagar,Rural,Male,General,7,Very Low,94.2,17.61,Low,High,No,Primary,Yes,Yes,Yes,No,2,Graduate,Yes,0,0,1,0,42,Medium,NO,Travel Constraint,Provide Transport,Monitor
STU_GUJ_008662,2021,SCH_079,Patan,Tribal,Female,SC,7,Medium,40.4,18.66,Low,Low,Yes,Secondary,No,Yes,No,No,2,Graduate,No,1,0,1,1,64,Medium,NO,Academic Disengagement,Counselling Support,Monitor
STU_GUJ_007482,2020,SCH_142,Jamnagar,Tribal,Male,General,11,High,91.1,4.2,Medium,Low,Yes,Graduate,No,No,No,No,8,Illiterate,No,0,1,0,0,41,Medium,NO,Social Factor,Community Engagement,Monitor
STU_GUJ_004644,2019,SCH_147,Valsad,Urban,Male,OBC,3,Low,84.0,17.53,Medium,Low,Yes,Graduate,Yes,Yes,Yes,No,3,Illiterate,No,1,0,1,0,26,Low,NO,Travel Constraint,Provide Transport,Low Priority
STU_GUJ_008262,2022,SCH_071,Bharuch,Rural,Male,ST,4,Low,49.9,4.24,High,High,Yes,Secondary,Yes,Yes,No,No,6,Illiterate,No,1,0,0,1,31,Low,NO,Academic Disengagement,Counselling Support,Low Priority
STU_GUJ_005387,2022,SCH_105,Gandhinagar,Urban,Male,OBC,2,Low,74.2,20.97,Low,Medium,Yes,Illiterate,No,Yes,No,No,7,Graduate,No,0,0,1,0,25,Low,NO,Travel Constraint,Provide Transport,Low Priority
STU_GUJ_009361,2019,SCH_143,Anand,Urban,Male,SC,11,Low,90.3,20.37,Low,High,No,Primary,No,Yes,No,No,8,Primary,No,0,1,1,0,38,Low,NO,Travel Constraint,Provide Transport,Low Priority
STU_GUJ_002089,2024,SCH_052,Ahmedabad,Urban,Female,OBC,12,Low,76.4,4.55,Medium,Medium,No,Primary,Yes,Yes,Yes,No,8,Graduate,No,1,1,0,0,28,Low,NO,Social Factor,Community Engagement,Low Priority
STU_GUJ_004008,2020,SCH_073,Junagadh,Urban,Male,OBC,7,Low,76.8,3.03,Low,High,No,Secondary,No,Yes,No,No,2,Illiterate,No,0,0,0,0,21,Low,NO,Social Factor,Community Engagement,Low Priority
STU_GUJ_000047,2025,SCH_013,Anand,Tribal,Female,ST,8,Very Low,44.0,23.05,Medium,Low,Yes,Illiterate,Yes,Yes,No,No,4,Primary,No,1,0,1,1,48,Medium,NO,Academic Disengagement,Counselling Support,Monitor
STU_GUJ_010782,2021,SCH_071,Morbi,Urban,Male,ST,8,Very Low,54.0,1.95,Medium,High,No,Primary,No,No,Yes,No,8,Illiterate,Yes,1,0,0,1,50,Medium,NO,Academic Disengagement,Counselling Support,Monitor
STU_GUJ_001150,2024,SCH_120,Amreli,Rural,Female,General,12,Low,50.0,14.6,High,Medium,Yes,Primary,No,No,No,No,6,Primary,No,0,1,1,1,35,Low,NO,Academic Disengagement,Counselling Support,Low Priority
STU_GUJ_009187,2019,SCH_099,Kutch,Rural,Female,General,4,Low,93.4,24.0,High,High,Yes,Illiterate,Yes,No,No,No,4,Graduate,No,1,0,1,0,37,Low,NO,Travel Constraint,Provide Transport,Low Priority
STU_GUJ_009335,2020,SCH_150,Patan,Urban,Female,General,10,High,80.3,5.89,High,Medium,No,Illiterate,No,No,No,No,5,Primary,No,0,1,1,0,26,Low,NO,Travel Constraint,Provide Transport,Low Priority
STU_GUJ_000896,2024,SCH_044,Patan,Rural,Male,OBC,10,Low,58.1,16.35,Low,High,Yes,Illiterate,Yes,Yes,No,No,2,Primary,No,0,1,1,1,42,Medium,NO,Academic Disengagement,Counselling Support,Monitor
STU_GUJ_011265,2021,SCH_167,Surat,Tribal,Male,General,12,Medium,98.3,12.55,High,High,No,Primary,Yes,Yes,No,No,6,Secondary,No,0,1,1,0,44,Medium,NO,Travel Constraint,Provide Transport,Monitor
STU_GUJ_007725,2024,SCH_117,Anand,Tribal,Male,ST,3,High,55.1,22.63,Low,High,No,Graduate,Yes,No,No,No,2,Primary,No,1,0,1,1,41,Medium,NO,Academic Disengagement,Counselling Support,Monitor
STU_GUJ_000766,2024,SCH_085,Gandhinagar,Urban,Male,General,5,Low,55.0,0.76,High,High,No,Illiterate,Yes,No,Yes,No,5,Illiterate,No,0,0,0,1,44,Medium,NO,Academic Disengagement,Counselling Support,Monitor
STU_GUJ_009403,2022,SCH_156,Patan,Urban,Male,OBC,8,Very Low,57.0,16.58,Medium,Medium,Yes,Graduate,Yes,Yes,No,No,8,Primary,No,0,0,1,1,39,Low,NO,Academic Disengagement,Counselling Support,Low Priority
STU_GUJ_011145,2025,SCH_136,Sabarkantha,Rural,Female,SC,4,Medium,56.3,11.43,High,Medium,No,Graduate,No,Yes,No,No,7,Graduate,No,0,0,1,1,28,Low,NO,Academic Disengagement,Counselling Support,Low Priority
STU_GUJ_007956,2020,SCH_020,Navsari,Urban,Male,OBC,12,Low,58.1,24.03,High,High,No,Primary,Yes,No,No,Yes,7,Illiterate,No,1,1,1,1,39,Low,NO,Academic Disengagement,Counselling Support,Low Priority
STU_GUJ_003579,2023,SCH_024,Mehsana,Rural,Female,OBC,8,Very Low,98.7,23.5,Medium,High,Yes,Primary,Yes,Yes,No,No,3,Secondary,No,0,0,1,0,40,Low,NO,Travel Constraint,Provide Transport,Low Priority
STU_GUJ_002936,2020,SCH_171,Kutch,Rural,Male,General,5,Medium,58.8,0.56,Low,Medium,No,Graduate,No,Yes,No,No,7,Primary,No,1,0,0,1,38,Low,NO,Academic Disengagement,Counselling Support,Low Priority
STU_GUJ_001567,2024,SCH_055,Sabarkantha,Rural,Male,General,9,Low,100.0,22.82,Medium,High,No,Primary,No,No,No,No,2,Secondary,No,1,1,1,0,41,Medium,NO,Travel Constraint,Provide Transport,Monitor
STU_GUJ_011857,2025,SCH_053,Navsari,Urban,Male,General,7,Very Low,96.8,5.87,Medium,Medium,Yes,Illiterate,Yes,Yes,Yes,No,3,Secondary,No,1,0,1,0,30,Low,NO,Travel Constraint,Provide Transport,Low Priority
STU_GUJ_009519,2022,SCH_109,Bhavnagar,Urban,Male,General,5,Very Low,55.6,11.07,Low,Medium,Yes,Illiterate,No,No,No,No,3,Primary,Yes,0,0,1,1,28,Low,NO,Academic Disengagement,Counselling Support,Low Priority
STU_GUJ_001202,2021,SCH_075,Patan,Tribal,Male,OBC,4,High,42.5,2.75,Medium,Medium,Yes,Secondary,Yes,No,No,No,2,Illiterate,Yes,0,0,0,1,26,Low,NO,Academic Disengagement,Counselling Support,Low Priority
STU_GUJ_005262,2022,SCH_137,Kutch,Rural,Female,General,11,Medium,69.7,22.17,High,Low,No,Primary,Yes,No,No,No,5,Illiterate,No,1,1,1,1,57,Medium,NO,Academic Disengagement,Counselling Support,Monitor
STU_GUJ_003756,2022,SCH_100,Bharuch,Urban,Female,OBC,9,Low,74.4,1.71,Medium,Medium,Yes,Secondary,No,Yes,No,Yes,3,Primary,Yes,0,1,0,0,27,Low,NO,Social Factor,Community Engagement,Low Priority
STU_GUJ_005334,2020,SCH_173,Morbi,Rural,Female,SC,12,Medium,84.3,13.14,Low,Medium,No,Illiterate,Yes,No,No,No,8,Illiterate,No,1,1,1,0,52,Medium,NO,Travel Constraint,Provide Transport,Monitor
STU_GUJ_011029,2019,SCH_013,Gandhinagar,Urban,Female,General,10,High,76.9,21.97,Medium,Low,No,Illiterate,Yes,Yes,No,No,5,Illiterate,No,1,1,1,0,33,Low,NO,Travel Constraint,Provide Transport,Low Priority
STU_GUJ_003038,2024,SCH_109,Banaskantha,Rural,Male,General,7,Low,81.2,22.71,High,Medium,No,Graduate,Yes,Yes,No,No,8,Illiterate,Yes,1,0,1,0,31,Low,NO,Travel Constraint,Provide Transport,Low Priority
STU_GUJ_010582,2022,SCH_011,Kutch,Rural,Female,ST,3,Very Low,73.2,3.21,Low,Medium,Yes,Illiterate,Yes,Yes,No,No,2,Illiterate,Yes,0,0,0,0,45,Medium,NO,Economic Pressure,Provide Scholarship,Monitor
STU_GUJ_000566,2021,SCH_113,Sabarkantha,Rural,Female,OBC,11,Medium,74.2,21.42,Medium,Medium,Yes,Secondary,Yes,Yes,Yes,No,5,Illiterate,No,0,1,1,0,31,Low,NO,Travel Constraint,Provide Transport,Low Priority
STU_GUJ_008392,2024,SCH_054,Vadodara,Urban,Female,SC,3,Low,80.4,9.82,High,Medium,Yes,Secondary,No,Yes,Yes,No,3,Illiterate,No,1,0,1,0,13,Low,NO,Travel Constraint,Provide Transport,Low Priority
STU_GUJ_002620,2022,SCH_107,Anand,Urban,Male,General,10,Low,42.0,17.36,Low,Medium,No,Illiterate,Yes,Yes,No,No,7,Secondary,No,0,1,1,1,33,Low,NO,Academic Disengagement,Counselling Support,Low Priority
STU_GUJ_008956,2020,SCH_058,Junagadh,Urban,Male,General,11,High,56.2,7.99,Medium,High,Yes,Illiterate,Yes,No,No,No,6,Illiterate,Yes,0,1,1,1,33,Low,NO,Academic Disengagement,Counselling Support,Low Priority
STU_GUJ_004192,2025,SCH_084,Dahod,Tribal,Male,General,4,Low,70.6,17.72,Low,Medium,No,Primary,Yes,No,No,No,8,Illiterate,No,1,0,1,0,31,Low,NO,Travel Constraint,Provide Transport,Low Priority
STU_GUJ_004924,2022,SCH_048,Bhavnagar,Urban,Female,OBC,2,Very Low,99.5,27.01,Low,Low,Yes,Graduate,Yes,Yes,No,No,8,Illiterate,Yes,0,0,1,0,33,Low,NO,Travel Constraint,Provide Transport,Low Priority
STU_GUJ_001012,2022,SCH_082,Vadodara,Tribal,Male,General,11,Low,60.3,27.08,Medium,High,No,Secondary,Yes,No,No,No,3,Secondary,Yes,1,1,1,1,35,Low,NO,Academic Disengagement,Counselling Support,Low Priority
STU_GUJ_011540,2024,SCH_177,Dahod,Rural,Female,General,10,Medium,58.4,2.67,High,Low,No,Graduate,Yes,Yes,No,No,7,Secondary,Yes,1,1,0,1,39,Low,NO,Academic Disengagement,Counselling Support,Low Priority
STU_GUJ_006393,2024,SCH_054,Valsad,Rural,Female,OBC,11,Very Low,61.2,19.87,Low,Medium,No,Graduate,No,No,No,No,4,Secondary,Yes,1,1,1,1,60,Medium,NO,Academic Disengagement,Counselling Support,Monitor
STU_GUJ_011799,2019,SCH_068,Sabarkantha,Rural,Male,SC,3,Very Low,74.3,8.97,Low,Medium,Yes,Graduate,Yes,No,No,Yes,6,Illiterate,Yes,0,0,1,0,28,Low,NO,Travel Constraint,Provide Transport,Low Priority
STU_GUJ_003425,2025,SCH_027,Rajkot,Urban,Female,SC,8,Low,58.1,3.69,Medium,High,Yes,Graduate,No,Yes,No,No,8,Graduate,No,1,0,0,1,30,Low,NO,Academic Disengagement,Counselling Support,Low Priority
STU_GUJ_007541,2022,SCH_086,Rajkot,Urban,Female,OBC,12,Low,46.4,0.64,High,Low,Yes,Secondary,No,Yes,Yes,No,3,Illiterate,No,0,1,0,1,50,Medium,NO,Academic Disengagement,Counselling Support,Monitor
STU_GUJ_008733,2023,SCH_067,Junagadh,Rural,Female,OBC,12,Medium,84.1,0.85,Low,Low,Yes,Secondary,Yes,Yes,No,No,7,Illiterate,No,0,1,0,0,26,Low,NO,Social Factor,Community Engagement,Low Priority
STU_GUJ_010607,2025,SCH_129,Morbi,Urban,Male,SC,7,Medium,52.2,26.44,High,Medium,Yes,Graduate,No,Yes,No,No,4,Illiterate,No,0,0,1,1,22,Low,NO,Academic Disengagement,Counselling Support,Low Priority
STU_GUJ_002109,2025,SCH_170,Rajkot,Tribal,Male,OBC,10,Very Low,52.7,15.17,Low,Medium,Yes,Illiterate,No,No,Yes,No,3,Secondary,No,1,1,1,1,44,Medium,NO,Academic Disengagement,Counselling Support,Monitor
STU_GUJ_002817,2023,SCH_100,Gandhinagar,Urban,Female,SC,3,Very Low,52.3,9.29,Medium,High,Yes,Graduate,Yes,No,Yes,No,4,Secondary,No,1,0,1,1,20,Low,NO,Academic Disengagement,Counselling Support,Low Priority
STU_GUJ_009206,2020,SCH_168,Vadodara,Rural,Female,OBC,6,Medium,98.3,3.87,High,Medium,Yes,Graduate,Yes,No,No,No,5,Illiterate,No,0,0,0,0,18,Low,NO,Social Factor,Community Engagement,Low Priority
STU_GUJ_002391,2023,SCH_036,Kutch,Urban,Male,SC,9,Very Low,88.5,25.41,Medium,High,Yes,Illiterate,Yes,No,No,No,8,Primary,No,0,1,1,0,31,Low,NO,Travel Constraint,Provide Transport,Low Priority
STU_GUJ_011855,2019,SCH_016,Bharuch,Tribal,Female,General,4,Medium,71.9,18.77,Medium,Medium,Yes,Graduate,Yes,No,No,No,2,Primary,No,0,0,1,0,24,Low,NO,Travel Constraint,Provide Transport,Low Priority
STU_GUJ_005588,2022,SCH_162,Valsad,Urban,Female,General,2,Medium,65.1,3.38,Low,Medium,No,Illiterate,Yes,No,No,No,5,Primary,No,1,0,0,1,25,Low,NO,Academic Disengagement,Counselling Support,Low Priority
STU_GUJ_002120,2020,SCH_173,Rajkot,Tribal,Female,SC,12,Low,47.4,13.09,Low,Medium,Yes,Primary,Yes,Yes,No,Yes,3,Graduate,No,1,1,1,1,57,Medium,NO,Academic Disengagement,Counselling Support,Monitor
STU_GUJ_009945,2020,SCH_171,Ahmedabad,Urban,Female,OBC,12,Very Low,51.8,2.24,High,Low,Yes,Primary,No,Yes,No,No,7,Secondary,Yes,0,1,0,1,34,Low,NO,Academic Disengagement,Counselling Support,Low Priority
STU_GUJ_006378,2025,SCH_016,Junagadh,Urban,Female,General,5,Low,49.8,15.5,Medium,High,Yes,Illiterate,Yes,No,No,No,4,Illiterate,Yes,0,0,1,1,27,Low,NO,Academic Disengagement,Counselling Support,Low Priority
STU_GUJ_005838,2025,SCH_110,Sabarkantha,Rural,Male,SC,5,Medium,71.4,8.25,Medium,Low,Yes,Primary,Yes,Yes,No,No,4,Illiterate,Yes,0,0,1,0,25,Low,NO,Travel Constraint,Provide Transport,Low Priority
STU_GUJ_008630,2022,SCH_059,Anand,Urban,Male,ST,5,Very Low,88.3,16.5,Medium,Low,Yes,Secondary,Yes,No,No,No,3,Secondary,No,0,0,1,0,34,Low,NO,Travel Constraint,Provide Transport,Low Priority
STU_GUJ_010179,2019,SCH_121,Mehsana,Rural,Male,SC,5,High,90.3,4.65,Medium,Medium,Yes,Illiterate,No,No,No,No,7,Secondary,No,0,0,0,0,13,Low,NO,Social Factor,Community Engagement,Low Priority
STU_GUJ_010379,2022,SCH_069,Gandhinagar,Urban,Female,SC,6,Very Low,84.2,11.02,Low,Medium,Yes,Graduate,Yes,Yes,Yes,No,4,Secondary,No,0,0,1,0,26,Low,NO,Travel Constraint,Provide Transport,Low Priority
STU_GUJ_006006,2023,SCH_083,Junagadh,Urban,Male,OBC,9,Very Low,84.6,20.77,Low,High,Yes,Illiterate,Yes,Yes,No,No,3,Illiterate,No,0,1,1,0,41,Medium,NO,Travel Constraint,Provide Transport,Monitor
STU_GUJ_010652,2022,SCH_160,Sabarkantha,Urban,Male,OBC,8,High,92.5,27.24,Medium,High,No,Illiterate,No,Yes,No,No,7,Primary,No,0,0,1,0,18,Low,NO,Travel Constraint,Provide Transport,Low Priority
STU_GUJ_004914,2019,SCH_041,Mehsana,Rural,Male,OBC,3,Very Low,86.3,17.18,Medium,Medium,No,Secondary,Yes,Yes,No,No,8,Illiterate,No,0,0,1,0,34,Low,NO,Travel Constraint,Provide Transport,Low Priority
STU_GUJ_007821,2021,SCH_031,Sabarkantha,Urban,Female,OBC,2,Very Low,45.1,4.1,Medium,Medium,Yes,Illiterate,Yes,Yes,No,No,5,Secondary,Yes,1,0,0,1,20,Low,NO,Academic Disengagement,Counselling Support,Low Priority
STU_GUJ_001346,2020,SCH_046,Jamnagar,Rural,Female,SC,4,High,80.3,16.08,Medium,Low,Yes,Graduate,No,Yes,No,No,4,Primary,No,0,0,1,0,13,Low,NO,Travel Constraint,Provide Transport,Low Priority
STU_GUJ_001445,2025,SCH_077,Anand,Urban,Female,ST,10,Low,86.5,0.9,Low,Medium,Yes,Primary,Yes,Yes,Yes,Yes,3,Illiterate,Yes,1,1,0,0,33,Low,NO,Social Factor,Community Engagement,Low Priority
STU_GUJ_002626,2021,SCH_117,Sabarkantha,Urban,Male,General,6,Very Low,40.5,17.01,Medium,High,No,Illiterate,Yes,Yes,Yes,No,8,Illiterate,Yes,1,0,1,1,48,Medium,NO,Academic Disengagement,Counselling Support,Monitor
STU_GUJ_008856,2023,SCH_099,Rajkot,Rural,Female,SC,5,Low,54.1,12.58,High,Medium,Yes,Illiterate,Yes,Yes,No,Yes,5,Secondary,Yes,0,0,1,1,28,Low,NO,Academic Disengagement,Counselling Support,Low Priority
STU_GUJ_000081,2022,SCH_169,Dahod,Urban,Male,OBC,7,Very Low,44.5,13.18,Medium,Medium,Yes,Primary,Yes,No,No,No,6,Illiterate,Yes,0,0,1,1,46,Medium,NO,Academic Disengagement,Counselling Support,Monitor
STU_GUJ_005428,2023,SCH_027,Mehsana,Urban,Female,OBC,6,High,52.1,20.74,High,Medium,No,Primary,No,Yes,No,No,7,Primary,No,0,0,1,1,30,Low,NO,Academic Disengagement,Counselling Support,Low Priority
STU_GUJ_002408,2020,SCH_015,Amreli,Rural,Male,OBC,6,Low,82.3,7.48,High,Low,No,Illiterate,Yes,Yes,Yes,No,2,Primary,No,0,0,1,0,28,Low,NO,Travel Constraint,Provide Transport,Low Priority
STU_GUJ_000336,2023,SCH_072,Ahmedabad,Rural,Male,SC,11,Very Low,54.7,25.77,High,Medium,No,Illiterate,Yes,No,No,No,5,Secondary,No,0,1,1,1,54,Medium,NO,Academic Disengagement,Counselling Support,Monitor
STU_GUJ_002875,2019,SCH_079,Dahod,Urban,Female,SC,12,High,59.3,1.7,High,Medium,Yes,Illiterate,No,Yes,No,No,5,Illiterate,No,1,1,0,1,38,Low,NO,Academic Disengagement,Counselling Support,Low Priority
STU_GUJ_006158,2025,SCH_058,Sabarkantha,Rural,Female,OBC,6,Very Low,50.9,4.41,Medium,Medium,No,Graduate,Yes,Yes,No,No,3,Primary,No,0,0,0,1,35,Low,NO,Academic Disengagement,Counselling Support,Low Priority
STU_GUJ_003892,2025,SCH_040,Rajkot,Rural,Male,OBC,4,High,89.9,3.56,Low,Medium,Yes,Primary,Yes,No,No,No,2,Primary,No,0,0,0,0,28,Low,NO,Social Factor,Community Engagement,Low Priority
STU_GUJ_001573,2025,SCH_135,Surat,Urban,Female,OBC,3,Medium,68.6,6.61,Medium,Low,Yes,Graduate,Yes,Yes,No,No,3,Primary,No,0,0,1,1,44,Medium,NO,Academic Disengagement,Counselling Support,Monitor
STU_GUJ_008218,2023,SCH_154,Banaskantha,Rural,Female,General,2,Low,66.7,1.31,Medium,High,Yes,Primary,No,Yes,No,No,2,Illiterate,No,0,0,0,1,37,Low,NO,Academic Disengagement,Counselling Support,Low Priority
STU_GUJ_003945,2025,SCH_039,Bharuch,Tribal,Male,SC,1,Low,52.1,10.44,Medium,Medium,No,Secondary,Yes,No,No,No,4,Illiterate,No,1,0,1,1,41,Medium,NO,Academic Disengagement,Counselling Support,Monitor
STU_GUJ_002110,2023,SCH_178,Bharuch,Rural,Male,SC,11,Very Low,44.7,27.26,High,Medium,Yes,Primary,Yes,Yes,No,No,7,Primary,Yes,0,1,1,1,54,Medium,NO,Academic Disengagement,Counselling Support,Monitor
STU_GUJ_010243,2023,SCH_180,Amreli,Tribal,Male,General,11,Very Low,65.7,14.46,Medium,High,No,Illiterate,No,Yes,No,No,5,Illiterate,No,0,1,1,1,60,Medium,NO,Academic Disengagement,Counselling Support,Monitor
STU_GUJ_001510,2024,SCH_172,Bhavnagar,Rural,Female,OBC,9,Very Low,50.2,0.67,Medium,Low,No,Primary,No,Yes,No,No,7,Primary,No,1,1,0,1,43,Medium,NO,Academic Disengagement,Counselling Support,Monitor
STU_GUJ_001897,2021,SCH_120,Kutch,Urban,Male,OBC,9,Medium,89.7,27.53,High,Low,No,Primary,Yes,Yes,No,No,8,Illiterate,Yes,0,1,1,0,24,Low,NO,Travel Constraint,Provide Transport,Low Priority
STU_GUJ_009659,2025,SCH_007,Rajkot,Rural,Male,General,5,Medium,58.7,3.96,Low,Medium,No,Primary,Yes,Yes,No,No,8,Illiterate,No,1,0,0,1,26,Low,NO,Academic Disengagement,Counselling Support,Low Priority
STU_GUJ_007822,2024,SCH_180,Valsad,Rural,Female,General,12,Very Low,47.0,20.86,Low,Medium,No,Graduate,Yes,No,No,No,5,Primary,No,1,1,1,1,66,Medium,NO,Academic Disengagement,Counselling Support,Monitor
STU_GUJ_009920,2021,SCH_145,Junagadh,Rural,Male,SC,9,High,65.0,4.83,Low,Medium,Yes,Primary,Yes,Yes,No,No,4,Secondary,Yes,1,1,0,1,46,Medium,NO,Academic Disengagement,Counselling Support,Monitor
STU_GUJ_006045,2022,SCH_074,Jamnagar,Rural,Male,ST,2,Low,79.0,11.24,Medium,High,Yes,Graduate,Yes,Yes,No,Yes,4,Primary,Yes,0,0,1,0,23,Low,NO,Travel Constraint,Provide Transport,Low Priority
STU_GUJ_001846,2021,SCH_048,Anand,Urban,Male,General,4,Low,58.4,23.41,Low,Medium,No,Secondary,No,No,No,No,7,Secondary,Yes,1,0,1,1,24,Low,NO,Academic Disengagement,Counselling Support,Low Priority
STU_GUJ_000112,2019,SCH_180,Bhavnagar,Urban,Male,OBC,4,Very Low,95.9,1.11,Medium,Medium,Yes,Primary,No,No,Yes,Yes,3,Primary,Yes,0,0,0,0,23,Low,NO,Economic Pressure,Provide Scholarship,Low Priority
STU_GUJ_000473,2022,SCH_092,Vadodara,Rural,Male,ST,4,Very Low,95.9,26.23,Medium,Medium,Yes,Graduate,Yes,Yes,No,No,5,Primary,No,0,0,1,0,34,Low,NO,Travel Constraint,Provide Transport,Low Priority
STU_GUJ_009546,2020,SCH_040,Patan,Urban,Male,SC,6,Low,49.6,20.88,High,High,Yes,Graduate,No,Yes,No,No,5,Secondary,Yes,0,0,1,1,23,Low,NO,Academic Disengagement,Counselling Support,Low Priority
STU_GUJ_007326,2021,SCH_154,Morbi,Rural,Male,General,5,High,62.3,5.59,High,Low,No,Secondary,Yes,Yes,Yes,No,2,Primary,Yes,1,0,1,1,40,Low,NO,Academic Disengagement,Counselling Support,Low Priority
STU_GUJ_006776,2025,SCH_161,Vadodara,Urban,Male,OBC,8,Medium,89.1,15.71,High,Medium,Yes,Secondary,No,No,No,No,4,Illiterate,Yes,0,0,1,0,24,Low,NO,Travel Constraint,Provide Transport,Low Priority
STU_GUJ_008799,2021,SCH_108,Rajkot,Rural,Male,SC,2,Medium,43.7,1.61,Low,Medium,No,Secondary,No,Yes,No,No,5,Secondary,Yes,1,0,0,1,31,Low,NO,Academic Disengagement,Counselling Support,Low Priority
STU_GUJ_009015,2019,SCH_158,Sabarkantha,Rural,Male,SC,7,Low,73.0,20.13,Low,Medium,No,Graduate,No,No,No,No,6,Illiterate,No,0,0,1,0,33,Low,NO,Travel Constraint,Provide Transport,Low Priority
STU_GUJ_009982,2021,SCH_154,Gandhinagar,Urban,Male,SC,7,High,90.2,9.3,Low,Medium,Yes,Primary,Yes,Yes,No,No,7,Secondary,No,0,0,1,0,21,Low,NO,Travel Constraint,Provide Transport,Low Priority
STU_GUJ_001184,2020,SCH_120,Jamnagar,Rural,Male,OBC,9,Low,57.8,17.14,High,Medium,Yes,Illiterate,Yes,No,No,No,7,Primary,No,0,1,1,1,34,Low,NO,Academic Disengagement,Counselling Support,Low Priority
STU_GUJ_006598,2025,SCH_051,Bhavnagar,Rural,Male,General,4,High,65.1,27.21,Medium,Medium,Yes,Primary,Yes,No,No,No,8,Primary,No,0,0,1,1,39,Low,NO,Academic Disengagement,Counselling Support,Low Priority
STU_GUJ_007079,2025,SCH_141,Anand,Tribal,Male,SC,12,Very Low,82.1,20.7,Medium,Medium,Yes,Primary,Yes,Yes,No,No,3,Illiterate,No,0,1,1,0,44,Medium,NO,Travel Constraint,Provide Transport,Monitor
STU_GUJ_003438,2024,SCH_064,Bharuch,Rural,Female,OBC,9,Very Low,53.5,10.81,Low,High,Yes,Primary,No,No,Yes,No,2,Illiterate,Yes,0,1,1,1,70,Medium,NO,Academic Disengagement,Counselling Support,Monitor
STU_GUJ_002311,2022,SCH_076,Kutch,Urban,Male,OBC,6,High,91.5,7.47,Medium,Medium,No,Primary,No,Yes,Yes,No,4,Graduate,Yes,1,0,1,0,23,Low,NO,Travel Constraint,Provide Transport,Low Priority
STU_GUJ_009062,2023,SCH_145,Patan,Rural,Male,General,4,Very Low,65.5,19.96,Medium,Medium,Yes,Primary,No,Yes,No,No,2,Secondary,Yes,0,0,1,1,27,Low,NO,Academic Disengagement,Counselling Support,Low Priority
STU_GUJ_011043,2020,SCH_063,Jamnagar,Tribal,Female,OBC,7,Very Low,94.6,7.17,Medium,High,No,Secondary,Yes,No,No,No,3,Graduate,Yes,0,0,1,0,28,Low,NO,Travel Constraint,Provide Transport,Low Priority
STU_GUJ_007320,2023,SCH_095,Jamnagar,Tribal,Male,General,6,Low,93.7,15.95,Medium,Medium,Yes,Secondary,Yes,No,No,No,4,Secondary,Yes,0,0,1,0,11,Low,NO,Travel Constraint,Provide Transport,Low Priority
STU_GUJ_004342,2022,SCH_164,Kutch,Rural,Female,General,4,Low,62.6,24.85,Low,Low,No,Illiterate,Yes,Yes,No,No,4,Secondary,No,0,0,1,1,49,Medium,NO,Academic Disengagement,Counselling Support,Monitor
STU_GUJ_002693,2022,SCH_158,Valsad,Tribal,Male,SC,8,Medium,82.9,25.99,High,Medium,No,Illiterate,Yes,Yes,No,No,6,Secondary,No,0,0,1,0,28,Low,NO,Travel Constraint,Provide Transport,Low Priority
STU_GUJ_008806,2024,SCH_169,Banaskantha,Rural,Female,General,7,Low,58.4,12.06,High,Low,Yes,Secondary,Yes,Yes,No,No,3,Graduate,No,0,0,1,1,42,Medium,NO,Academic Disengagement,Counselling Support,Monitor
STU_GUJ_008597,2019,SCH_060,Surat,Tribal,Female,ST,10,Very Low,74.9,17.29,High,High,Yes,Illiterate,Yes,Yes,No,Yes,7,Illiterate,No,1,1,1,0,47,Medium,NO,Travel Constraint,Provide Transport,Monitor
STU_GUJ_005529,2019,SCH_052,Vadodara,Tribal,Female,OBC,10,Low,54.4,2.43,Medium,Medium,Yes,Illiterate,Yes,Yes,No,Yes,7,Primary,No,0,1,0,1,43,Medium,NO,Academic Disengagement,Counselling Support,Monitor
STU_GUJ_002890,2024,SCH_009,Bhavnagar,Rural,Female,SC,6,Low,64.7,5.67,Medium,High,No,Illiterate,Yes,No,Yes,No,3,Secondary,Yes,1,0,1,1,51,Medium,NO,Academic Disengagement,Counselling Support,Monitor
STU_GUJ_002185,2020,SCH_172,Junagadh,Urban,Male,SC,9,High,78.5,5.01,Medium,High,Yes,Secondary,Yes,No,Yes,No,8,Illiterate,Yes,0,1,1,0,21,Low,NO,Travel Constraint,Provide Transport,Low Priority
STU_GUJ_005779,2019,SCH_172,Valsad,Rural,Female,OBC,3,Medium,91.2,13.95,Low,Low,Yes,Primary,Yes,No,No,No,5,Illiterate,No,1,0,1,0,30,Low,NO,Travel Constraint,Provide Transport,Low Priority
STU_GUJ_004395,2019,SCH_093,Rajkot,Tribal,Male,General,7,Low,49.7,11.0,Medium,Low,Yes,Primary,Yes,No,Yes,No,8,Illiterate,No,1,0,1,1,44,Medium,NO,Academic Disengagement,Counselling Support,Monitor
STU_GUJ_010278,2021,SCH_078,Banaskantha,Urban,Male,OBC,10,High,99.9,4.38,Low,Medium,Yes,Primary,Yes,Yes,No,No,6,Primary,Yes,0,1,0,0,28,Low,NO,Social Factor,Community Engagement,Low Priority
STU_GUJ_010388,2024,SCH_077,Patan,Rural,Male,General,3,Very Low,89.0,12.91,High,Medium,Yes,Secondary,No,Yes,No,No,5,Primary,No,0,0,1,0,12,Low,NO,Travel Constraint,Provide Transport,Low Priority
STU_GUJ_006024,2020,SCH_046,Gandhinagar,Urban,Male,SC,7,Low,74.7,16.75,High,Medium,No,Illiterate,Yes,No,No,No,2,Illiterate,No,0,0,1,0,15,Low,NO,Travel Constraint,Provide Transport,Low Priority
STU_GUJ_009036,2022,SCH_145,Ahmedabad,Urban,Female,General,11,Very Low,40.7,9.98,High,Medium,No,Illiterate,No,No,No,No,7,Secondary,No,1,1,1,1,46,Medium,NO,Academic Disengagement,Counselling Support,Monitor
STU_GUJ_009422,2019,SCH_071,Navsari,Rural,Male,SC,12,Low,44.7,21.76,Medium,Low,Yes,Primary,Yes,No,No,No,3,Illiterate,Yes,1,1,1,1,36,Low,NO,Academic Disengagement,Counselling Support,Low Priority
STU_GUJ_001194,2024,SCH_131,Surat,Urban,Male,General,7,High,43.5,20.32,Medium,Medium,No,Illiterate,No,Yes,No,Yes,3,Primary,Yes,1,0,1,1,35,Low,NO,Academic Disengagement,Counselling Support,Low Priority
STU_GUJ_000046,2022,SCH_047,Kutch,Rural,Male,General,6,Low,60.3,12.02,Low,Medium,No,Secondary,No,Yes,No,Yes,8,Illiterate,No,1,0,1,1,41,Medium,NO,Academic Disengagement,Counselling Support,Monitor
STU_GUJ_003650,2023,SCH_048,Valsad,Tribal,Male,SC,8,Very Low,57.7,15.27,Medium,Medium,No,Illiterate,Yes,Yes,No,No,4,Illiterate,No,1,0,1,1,45,Medium,NO,Academic Disengagement,Counselling Support,Monitor
STU_GUJ_009731,2020,SCH_104,Navsari,Rural,Female,OBC,11,Medium,77.6,27.69,Medium,Low,Yes,Graduate,No,No,No,No,6,Primary,No,0,1,1,0,41,Medium,NO,Travel Constraint,Provide Transport,Monitor
STU_GUJ_009476,2020,SCH_076,Bharuch,Tribal,Female,OBC,11,Very Low,53.6,20.79,High,Low,Yes,Graduate,Yes,Yes,No,No,4,Primary,Yes,1,1,1,1,57,Medium,NO,Academic Disengagement,Counselling Support,Monitor
STU_GUJ_001579,2021,SCH_095,Jamnagar,Tribal,Female,General,11,Medium,47.4,0.97,High,Medium,No,Primary,Yes,Yes,No,No,6,Illiterate,No,0,1,0,1,50,Medium,NO,Academic Disengagement,Counselling Support,Monitor
STU_GUJ_003140,2020,SCH_034,Amreli,Urban,Male,General,12,High,77.9,10.43,High,Medium,No,Illiterate,No,Yes,No,No,2,Primary,Yes,0,1,1,0,31,Low,NO,Travel Constraint,Provide Transport,Low Priority
STU_GUJ_008289,2025,SCH_161,Gandhinagar,Urban,Male,General,11,Medium,41.0,23.22,Low,High,No,Illiterate,No,No,No,No,6,Primary,No,1,1,1,1,40,Low,NO,Academic Disengagement,Counselling Support,Low Priority
STU_GUJ_003430,2019,SCH_010,Kutch,Rural,Male,OBC,5,Very Low,59.8,5.33,Medium,High,No,Illiterate,No,No,No,No,5,Primary,Yes,0,0,1,1,37,Low,NO,Academic Disengagement,Counselling Support,Low Priority
STU_GUJ_001585,2020,SCH_068,Vadodara,Rural,Female,General,11,Low,58.6,16.08,Low,Low,Yes,Primary,No,No,Yes,No,4,Illiterate,Yes,1,1,1,1,59,Medium,NO,Academic Disengagement,Counselling Support,Monitor
STU_GUJ_004190,2022,SCH_017,Vadodara,Urban,Female,General,4,Medium,65.5,15.13,Medium,Medium,No,Primary,No,Yes,No,No,7,Primary,Yes,0,0,1,1,26,Low,NO,Academic Disengagement,Counselling Support,Low Priority
STU_GUJ_005973,2019,SCH_005,Dahod,Rural,Male,OBC,1,Very Low,51.3,22.24,Low,Low,No,Secondary,Yes,No,No,No,5,Primary,No,1,0,1,1,48,Medium,NO,Academic Disengagement,Counselling Support,Monitor
STU_GUJ_010465,2023,SCH_027,Bhavnagar,Rural,Male,General,9,Very Low,94.4,17.59,Low,Medium,No,Graduate,Yes,Yes,No,No,3,Primary,No,0,1,1,0,42,Medium,NO,Travel Constraint,Provide Transport,Monitor
STU_GUJ_003335,2019,SCH_180,Surat,Urban,Male,OBC,6,Very Low,43.6,17.28,Low,Low,No,Primary,Yes,Yes,No,No,5,Secondary,Yes,1,0,1,1,39,Low,NO,Academic Disengagement,Counselling Support,Low Priority
STU_GUJ_006763,2023,SCH_160,Mehsana,Tribal,Female,General,1,Low,45.4,14.75,Medium,High,Yes,Primary,Yes,Yes,No,Yes,5,Illiterate,Yes,1,0,1,1,48,Medium,NO,Academic Disengagement,Counselling Support,Monitor
STU_GUJ_011228,2020,SCH_059,Valsad,Rural,Female,OBC,5,Medium,57.0,7.08,High,High,No,Illiterate,No,No,No,Yes,4,Illiterate,No,1,0,1,1,40,Low,NO,Academic Disengagement,Counselling Support,Low Priority
STU_GUJ_010122,2022,SCH_092,Ahmedabad,Urban,Male,OBC,4,Low,63.3,26.02,Medium,Medium,No,Primary,Yes,No,No,No,5,Secondary,Yes,0,0,1,1,23,Low,NO,Academic Disengagement,Counselling Support,Low Priority
STU_GUJ_000316,2019,SCH_009,Bharuch,Urban,Female,OBC,6,Very Low,45.4,0.61,Medium,Medium,Yes,Graduate,No,Yes,No,No,2,Primary,No,0,0,0,1,36,Low,NO,Academic Disengagement,Counselling Support,Low Priority
STU_GUJ_010287,2021,SCH_131,Kutch,Rural,Female,OBC,10,High,84.7,9.44,Low,High,No,Graduate,Yes,No,No,No,5,Illiterate,No,1,1,1,0,46,Medium,NO,Travel Constraint,Provide Transport,Monitor
STU_GUJ_006622,2019,SCH_110,Mehsana,Rural,Male,OBC,11,High,60.4,18.84,Medium,Low,No,Primary,No,Yes,Yes,No,2,Primary,No,0,1,1,1,52,Medium,NO,Academic Disengagement,Counselling Support,Monitor
STU_GUJ_006534,2024,SCH_074,Mehsana,Tribal,Female,OBC,2,Very Low,78.1,4.25,Medium,Medium,No,Graduate,Yes,No,No,No,8,Graduate,Yes,0,0,0,0,20,Low,NO,Economic Pressure,Provide Scholarship,Low Priority
STU_GUJ_009370,2020,SCH_103,Vadodara,Tribal,Female,OBC,10,Very Low,66.4,25.03,Low,Medium,Yes,Secondary,Yes,Yes,No,No,4,Graduate,No,1,1,1,1,63,Medium,NO,Academic Disengagement,Counselling Support,Monitor
STU_GUJ_002145,2019,SCH_157,Bhavnagar,Urban,Female,ST,4,High,93.4,11.38,High,High,No,Primary,Yes,Yes,No,No,8,Secondary,No,0,0,1,0,22,Low,NO,Travel Constraint,Provide Transport,Low Priority
STU_GUJ_006501,2020,SCH_119,Surat,Urban,Female,General,10,Very Low,93.1,15.13,Medium,Medium,Yes,Illiterate,Yes,Yes,Yes,No,6,Illiterate,Yes,0,1,1,0,36,Low,NO,Travel Constraint,Provide Transport,Low Priority
STU_GUJ_010043,2024,SCH_040,Ahmedabad,Urban,Male,OBC,10,High,86.7,10.35,High,Medium,No,Secondary,Yes,No,No,No,7,Secondary,Yes,1,1,1,0,13,Low,NO,Travel Constraint,Provide Transport,Low Priority
STU_GUJ_005863,2019,SCH_164,Banaskantha,Rural,Male,OBC,11,Low,77.3,22.34,High,Medium,Yes,Graduate,Yes,Yes,No,No,2,Primary,No,0,1,1,0,30,Low,NO,Travel Constraint,Provide Transport,Low Priority
STU_GUJ_005197,2025,SCH_059,Gandhinagar,Rural,Female,OBC,10,Low,100.0,22.59,Low,Medium,No,Primary,Yes,No,No,No,3,Secondary,No,0,1,1,0,37,Low,NO,Travel Constraint,Provide Transport,Low Priority
STU_GUJ_006663,2025,SCH_133,Mehsana,Rural,Male,OBC,12,Low,84.4,24.12,Low,High,No,Primary,No,No,No,Yes,3,Primary,No,0,1,1,0,37,Low,NO,Travel Constraint,Provide Transport,Low Priority
STU_GUJ_005171,2024,SCH_179,Rajkot,Urban,Female,General,9,Low,60.7,2.44,Medium,Low,Yes,Primary,Yes,No,No,No,3,Secondary,Yes,1,1,0,1,38,Low,NO,Academic Disengagement,Counselling Support,Low Priority
STU_GUJ_009027,2020,SCH_012,Valsad,Urban,Female,General,5,High,98.9,23.84,Medium,Medium,No,Secondary,Yes,Yes,No,Yes,7,Primary,No,0,0,1,0,18,Low,NO,Travel Constraint,Provide Transport,Low Priority
STU_GUJ_001072,2024,SCH_177,Valsad,Rural,Female,OBC,11,High,42.1,19.6,Medium,Medium,No,Primary,Yes,Yes,No,No,7,Illiterate,No,1,1,1,1,51,Medium,NO,Academic Disengagement,Counselling Support,Monitor
STU_GUJ_009213,2022,SCH_019,Vadodara,Urban,Male,General,7,Very Low,55.4,7.58,Medium,Medium,No,Secondary,No,Yes,No,No,6,Primary,Yes,0,0,1,1,27,Low,NO,Academic Disengagement,Counselling Support,Low Priority
STU_GUJ_007629,2020,SCH_038,Banaskantha,Urban,Male,SC,4,Low,97.7,20.44,Medium,Medium,Yes,Graduate,No,No,No,Yes,6,Secondary,No,0,0,1,0,17,Low,NO,Travel Constraint,Provide Transport,Low Priority
STU_GUJ_005606,2025,SCH_069,Gandhinagar,Urban,Male,General,1,Very Low,63.6,25.2,Medium,Low,No,Primary,Yes,No,No,No,8,Illiterate,Yes,1,0,1,1,46,Medium,NO,Academic Disengagement,Counselling Support,Monitor
STU_GUJ_009964,2025,SCH_001,Dahod,Urban,Female,General,8,Low,69.5,18.45,Medium,Low,No,Illiterate,Yes,No,No,No,4,Illiterate,Yes,0,0,1,1,39,Low,NO,Academic Disengagement,Counselling Support,Low Priority
STU_GUJ_010436,2019,SCH_179,Jamnagar,Rural,Male,OBC,12,Very Low,42.7,3.06,Low,High,No,Secondary,No,Yes,Yes,No,8,Primary,No,1,1,0,1,47,Medium,NO,Academic Disengagement,Counselling Support,Monitor
STU_GUJ_000410,2022,SCH_125,Anand,Urban,Female,OBC,7,High,57.2,19.67,Low,Low,Yes,Secondary,No,No,No,No,4,Illiterate,Yes,0,0,1,1,31,Low,NO,Academic Disengagement,Counselling Support,Low Priority
STU_GUJ_003785,2019,SCH_031,Surat,Tribal,Female,SC,12,Very Low,72.9,22.84,Medium,Low,Yes,Graduate,No,Yes,No,Yes,5,Primary,No,0,1,1,0,54,Medium,NO,Travel Constraint,Provide Transport,Monitor
STU_GUJ_003442,2024,SCH_072,Valsad,Tribal,Male,SC,4,Very Low,67.6,5.56,High,Medium,No,Secondary,Yes,Yes,No,No,5,Primary,Yes,1,0,1,1,39,Low,NO,Academic Disengagement,Counselling Support,Low Priority
STU_GUJ_000577,2024,SCH_156,Patan,Rural,Male,General,12,Medium,53.7,21.45,Low,High,No,Primary,Yes,No,No,No,7,Illiterate,No,1,1,1,1,39,Low,NO,Academic Disengagement,Counselling Support,Low Priority
STU_GUJ_008609,2020,SCH_023,Banaskantha,Rural,Male,OBC,1,Medium,100.0,11.08,High,Low,Yes,Illiterate,Yes,Yes,No,No,2,Primary,Yes,0,0,1,0,25,Low,NO,Travel Constraint,Provide Transport,Low Priority
STU_GUJ_005577,2024,SCH_176,Mehsana,Tribal,Male,OBC,10,Very Low,98.0,10.47,Medium,High,No,Graduate,Yes,Yes,No,No,4,Illiterate,No,0,1,1,0,41,Medium,NO,Travel Constraint,Provide Transport,Monitor
STU_GUJ_007198,2023,SCH_102,Amreli,Rural,Female,OBC,12,Low,54.0,7.88,Low,High,No,Graduate,Yes,No,No,No,5,Illiterate,No,1,1,1,1,53,Medium,NO,Academic Disengagement,Counselling Support,Monitor
STU_GUJ_000714,2023,SCH_032,Junagadh,Rural,Female,General,1,Low,98.1,19.53,Medium,Medium,No,Secondary,No,Yes,No,No,8,Primary,No,0,0,1,0,24,Low,NO,Travel Constraint,Provide Transport,Low Priority
STU_GUJ_009467,2021,SCH_176,Jamnagar,Tribal,Female,SC,11,Low,77.0,21.68,Low,Medium,No,Secondary,Yes,No,No,No,4,Primary,Yes,1,1,1,0,47,Medium,NO,Travel Constraint,Provide Transport,Monitor
STU_GUJ_005872,2021,SCH_004,Bhavnagar,Rural,Male,OBC,12,Low,98.9,25.01,High,Low,Yes,Secondary,Yes,No,Yes,No,2,Illiterate,Yes,0,1,1,0,34,Low,NO,Travel Constraint,Provide Transport,Low Priority
STU_GUJ_001088,2024,SCH_125,Jamnagar,Urban,Female,OBC,8,Very Low,55.1,17.87,Medium,Medium,No,Secondary,Yes,Yes,Yes,No,4,Illiterate,Yes,1,0,1,1,38,Low,NO,Academic Disengagement,Counselling Support,Low Priority
STU_GUJ_003248,2023,SCH_104,Jamnagar,Rural,Female,SC,1,High,53.6,4.05,Medium,Medium,Yes,Primary,Yes,No,No,No,4,Illiterate,No,0,0,0,1,20,Low,NO,Academic Disengagement,Counselling Support,Low Priority
STU_GUJ_008474,2025,SCH_118,Gandhinagar,Rural,Male,ST,4,Medium,47.0,14.96,High,Medium,Yes,Illiterate,Yes,Yes,No,No,7,Primary,Yes,0,0,1,1,39,Low,NO,Academic Disengagement,Counselling Support,Low Priority
STU_GUJ_008761,2021,SCH_065,Morbi,Rural,Male,OBC,7,High,51.2,27.19,High,Medium,Yes,Secondary,No,Yes,No,No,6,Primary,Yes,0,0,1,1,21,Low,NO,Academic Disengagement,Counselling Support,Low Priority
STU_GUJ_002216,2020,SCH_018,Morbi,Rural,Male,ST,10,Very Low,55.6,4.36,High,Medium,No,Illiterate,No,Yes,Yes,Yes,8,Graduate,Yes,1,1,0,1,53,Medium,NO,Academic Disengagement,Counselling Support,Monitor
STU_GUJ_001455,2020,SCH_114,Vadodara,Rural,Male,SC,4,Low,89.8,10.62,Medium,Medium,No,Primary,Yes,Yes,No,Yes,3,Primary,No,0,0,1,0,19,Low,NO,Travel Constraint,Provide Transport,Low Priority
STU_GUJ_004588,2025,SCH_054,Ahmedabad,Rural,Male,OBC,10,Very Low,77.3,16.69,Low,Medium,No,Secondary,Yes,Yes,No,No,5,Secondary,Yes,0,1,1,0,26,Low,NO,Travel Constraint,Provide Transport,Low Priority
STU_GUJ_002421,2025,SCH_135,Junagadh,Urban,Female,ST,11,Medium,100.0,14.51,High,Low,Yes,Graduate,Yes,No,No,No,3,Primary,No,0,1,1,0,39,Low,NO,Travel Constraint,Provide Transport,Low Priority
STU_GUJ_002859,2022,SCH_175,Sabarkantha,Rural,Male,OBC,10,Low,58.8,6.31,Medium,Medium,Yes,Illiterate,Yes,No,Yes,No,4,Primary,No,0,1,1,1,45,Medium,NO,Academic Disengagement,Counselling Support,Monitor
STU_GUJ_000882,2020,SCH_038,Sabarkantha,Rural,Female,ST,9,Medium,79.8,8.33,Medium,Medium,No,Secondary,No,No,No,No,2,Primary,No,0,1,1,0,36,Low,NO,Travel Constraint,Provide Transport,Low Priority
STU_GUJ_001711,2025,SCH_039,Ahmedabad,Rural,Female,ST,12,High,79.4,15.9,Low,Medium,Yes,Primary,No,No,Yes,Yes,5,Illiterate,No,0,1,1,0,50,Medium,NO,Travel Constraint,Provide Transport,Monitor
STU_GUJ_003990,2022,SCH_113,Rajkot,Rural,Male,OBC,6,Low,71.7,3.22,Low,Medium,No,Illiterate,Yes,Yes,No,Yes,4,Illiterate,No,0,0,0,0,23,Low,NO,Social Factor,Community Engagement,Low Priority
STU_GUJ_011917,2023,SCH_149,Banaskantha,Rural,Female,OBC,5,Low,82.2,23.89,High,Medium,Yes,Graduate,Yes,No,Yes,No,3,Graduate,No,1,0,1,0,19,Low,NO,Travel Constraint,Provide Transport,Low Priority
STU_GUJ_009104,2025,SCH_010,Mehsana,Urban,Male,SC,8,Low,87.0,4.66,Low,High,No,Illiterate,Yes,No,No,No,3,Graduate,Yes,1,0,0,0,27,Low,NO,Social Factor,Community Engagement,Low Priority
STU_GUJ_004717,2020,SCH_177,Ahmedabad,Tribal,Male,OBC,6,High,84.4,14.49,Medium,High,Yes,Secondary,No,Yes,No,Yes,5,Illiterate,No,0,0,1,0,28,Low,NO,Travel Constraint,Provide Transport,Low Priority
STU_GUJ_011694,2022,SCH_106,Bharuch,Rural,Male,OBC,4,High,62.5,11.22,Medium,Medium,No,Primary,Yes,Yes,No,No,8,Graduate,Yes,1,0,1,1,31,Low,NO,Academic Disengagement,Counselling Support,Low Priority
STU_GUJ_002406,2024,SCH_014,Anand,Tribal,Female,General,2,High,67.9,19.88,Low,Medium,No,Primary,No,No,No,No,8,Primary,No,1,0,1,1,59,Medium,NO,Academic Disengagement,Counselling Support,Monitor
STU_GUJ_003882,2021,SCH_041,Gandhinagar,Urban,Male,OBC,5,Medium,90.2,15.58,Low,Medium,No,Illiterate,No,No,No,No,3,Primary,No,1,0,1,0,34,Low,NO,Travel Constraint,Provide Transport,Low Priority
STU_GUJ_011835,2019,SCH_084,Kutch,Urban,Female,OBC,3,Medium,47.9,24.29,Low,Medium,No,Illiterate,No,Yes,No,No,2,Secondary,No,1,0,1,1,35,Low,NO,Academic Disengagement,Counselling Support,Low Priority
STU_GUJ_003061,2022,SCH_129,Patan,Urban,Female,OBC,11,High,43.7,20.4,Medium,High,No,Graduate,Yes,Yes,No,No,2,Secondary,Yes,1,1,1,1,51,Medium,NO,Academic Disengagement,Counselling Support,Monitor
STU_GUJ_011620,2021,SCH_138,Vadodara,Urban,Male,OBC,10,Low,83.8,20.64,High,High,Yes,Primary,No,No,No,No,8,Illiterate,No,0,1,1,0,12,Low,NO,Travel Constraint,Provide Transport,Low Priority
STU_GUJ_003354,2021,SCH_010,Sabarkantha,Urban,Female,General,8,Low,96.2,2.59,Medium,Medium,Yes,Illiterate,No,No,No,No,7,Illiterate,Yes,0,0,0,0,10,Low,NO,Social Factor,Community Engagement,Low Priority
STU_GUJ_009129,2021,SCH_109,Valsad,Urban,Female,OBC,10,Very Low,98.7,9.89,Low,Medium,Yes,Primary,Yes,Yes,Yes,No,8,Illiterate,Yes,1,1,1,0,40,Low,NO,Travel Constraint,Provide Transport,Low Priority
STU_GUJ_010996,2020,SCH_061,Mehsana,Tribal,Female,General,12,Low,78.7,25.88,High,Medium,Yes,Illiterate,Yes,No,No,No,2,Illiterate,No,1,1,1,0,39,Low,NO,Travel Constraint,Provide Transport,Low Priority
STU_GUJ_001598,2022,SCH_003,Bharuch,Rural,Male,OBC,8,Low,71.8,2.64,High,Medium,Yes,Illiterate,Yes,Yes,Yes,No,6,Secondary,No,0,0,0,0,31,Low,NO,Social Factor,Community Engagement,Low Priority
STU_GUJ_006651,2020,SCH_167,Banaskantha,Tribal,Female,OBC,11,Low,46.0,16.75,High,Low,Yes,Secondary,Yes,No,No,No,4,Primary,No,1,1,1,1,47,Medium,NO,Academic Disengagement,Counselling Support,Monitor
STU_GUJ_003527,2024,SCH_007,Patan,Urban,Male,OBC,10,Very Low,55.9,18.45,High,Low,No,Secondary,Yes,Yes,Yes,No,3,Illiterate,No,0,1,1,1,56,Medium,NO,Academic Disengagement,Counselling Support,Monitor
STU_GUJ_007385,2021,SCH_103,Vadodara,Rural,Male,SC,9,Low,62.4,0.68,Medium,Medium,Yes,Illiterate,Yes,No,No,No,2,Illiterate,Yes,0,1,0,1,34,Low,NO,Academic Disengagement,Counselling Support,Low Priority
STU_GUJ_009660,2022,SCH_049,Dahod,Urban,Male,General,3,Medium,75.6,1.41,Low,Low,Yes,Primary,Yes,Yes,Yes,No,8,Illiterate,No,1,0,0,0,26,Low,NO,Social Factor,Community Engagement,Low Priority
STU_GUJ_004654,2024,SCH_021,Bharuch,Urban,Male,SC,1,High,51.8,11.02,Low,Low,Yes,Illiterate,No,No,No,No,3,Secondary,No,0,0,1,1,37,Low,NO,Academic Disengagement,Counselling Support,Low Priority
STU_GUJ_010822,2022,SCH_102,Navsari,Rural,Male,General,2,Very Low,95.6,3.06,High,High,No,Primary,Yes,No,No,No,7,Illiterate,No,1,0,0,0,24,Low,NO,Economic Pressure,Provide Scholarship,Low Priority
STU_GUJ_001181,2022,SCH_047,Banaskantha,Urban,Female,OBC,12,Medium,51.2,21.56,Low,Medium,Yes,Graduate,Yes,No,No,No,5,Primary,Yes,1,1,1,1,43,Medium,NO,Academic Disengagement,Counselling Support,Monitor
STU_GUJ_008510,2020,SCH_134,Banaskantha,Urban,Female,SC,10,High,56.6,14.31,High,Low,Yes,Illiterate,Yes,Yes,No,No,4,Illiterate,No,0,1,1,1,55,Medium,NO,Academic Disengagement,Counselling Support,Monitor
STU_GUJ_008166,2023,SCH_020,Surat,Urban,Female,General,10,Low,61.6,8.18,Medium,Medium,Yes,Graduate,Yes,Yes,No,No,2,Secondary,Yes,0,1,1,1,41,Medium,NO,Academic Disengagement,Counselling Support,Monitor
STU_GUJ_005628,2023,SCH_080,Junagadh,Rural,Female,General,11,Very Low,64.2,13.4,Medium,Medium,No,Primary,Yes,Yes,No,No,4,Illiterate,No,0,1,1,1,36,Low,NO,Academic Disengagement,Counselling Support,Low Priority
STU_GUJ_007519,2021,SCH_058,Amreli,Urban,Male,General,7,Medium,47.5,8.69,High,Low,Yes,Illiterate,No,Yes,No,No,4,Primary,Yes,1,0,1,1,35,Low,NO,Academic Disengagement,Counselling Support,Low Priority
STU_GUJ_008822,2025,SCH_157,Jamnagar,Rural,Male,General,4,Low,46.4,12.05,Medium,Low,Yes,Secondary,Yes,Yes,No,No,5,Primary,No,0,0,1,1,28,Low,NO,Academic Disengagement,Counselling Support,Low Priority
STU_GUJ_004772,2022,SCH_072,Gandhinagar,Urban,Female,OBC,7,Medium,93.8,18.68,Low,Low,No,Illiterate,No,No,Yes,No,8,Illiterate,No,0,0,1,0,28,Low,NO,Travel Constraint,Provide Transport,Low Priority
STU_GUJ_007149,2019,SCH_135,Rajkot,Urban,Female,SC,4,High,74.9,23.18,Medium,Low,Yes,Illiterate,Yes,No,No,No,6,Illiterate,No,0,0,1,0,18,Low,NO,Travel Constraint,Provide Transport,Low Priority
STU_GUJ_004722,2020,SCH_064,Dahod,Urban,Female,OBC,1,Very Low,72.2,16.33,Medium,Medium,Yes,Secondary,Yes,Yes,No,Yes,4,Illiterate,Yes,0,0,1,0,24,Low,NO,Travel Constraint,Provide Transport,Low Priority
STU_GUJ_002639,2023,SCH_031,Rajkot,Rural,Male,OBC,6,Low,96.8,2.4,High,Low,Yes,Illiterate,No,No,No,No,6,Primary,Yes,0,0,0,0,20,Low,NO,Social Factor,Community Engagement,Low Priority
STU_GUJ_008818,2025,SCH_171,Valsad,Urban,Male,OBC,12,Low,91.4,24.29,Medium,Low,Yes,Secondary,Yes,Yes,No,No,7,Illiterate,Yes,1,1,1,0,23,Low,NO,Travel Constraint,Provide Transport,Low Priority
STU_GUJ_008472,2019,SCH_172,Anand,Urban,Female,General,8,Low,88.1,7.31,High,High,Yes,Primary,Yes,No,Yes,No,7,Illiterate,No,0,0,1,0,27,Low,NO,Travel Constraint,Provide Transport,Low Priority
STU_GUJ_004388,2025,SCH_045,Jamnagar,Urban,Female,OBC,10,High,88.0,19.12,High,Medium,No,Graduate,No,No,No,No,3,Primary,No,0,1,1,0,26,Low,NO,Travel Constraint,Provide Transport,Low Priority
STU_GUJ_002910,2020,SCH_136,Banaskantha,Urban,Female,OBC,4,Low,69.4,7.03,Medium,Low,Yes,Primary,Yes,No,No,No,3,Illiterate,Yes,0,0,1,1,36,Low,NO,Academic Disengagement,Counselling Support,Low Priority
STU_GUJ_010589,2021,SCH_024,Sabarkantha,Urban,Female,SC,2,Low,77.4,25.45,Low,Medium,No,Illiterate,Yes,Yes,No,No,5,Secondary,No,0,0,1,0,39,Low,NO,Travel Constraint,Provide Transport,Low Priority
STU_GUJ_002329,2023,SCH_123,Surat,Rural,Female,OBC,2,Low,53.9,20.28,Medium,Medium,Yes,Primary,Yes,Yes,No,No,5,Illiterate,No,0,0,1,1,32,Low,NO,Academic Disengagement,Counselling Support,Low Priority
STU_GUJ_002761,2021,SCH_133,Anand,Rural,Male,SC,2,Medium,89.5,11.77,Medium,Medium,Yes,Illiterate,Yes,No,No,No,4,Secondary,No,0,0,1,0,11,Low,NO,Travel Constraint,Provide Transport,Low Priority
STU_GUJ_001692,2023,SCH_095,Anand,Rural,Male,OBC,3,Very Low,92.0,8.68,Medium,Medium,Yes,Illiterate,Yes,No,Yes,No,7,Primary,No,0,0,1,0,37,Low,NO,Travel Constraint,Provide Transport,Low Priority
STU_GUJ_004193,2019,SCH_045,Ahmedabad,Urban,Male,OBC,11,Medium,85.5,27.08,Low,Low,No,Graduate,No,Yes,No,No,4,Secondary,No,0,1,1,0,42,Medium,NO,Travel Constraint,Provide Transport,Monitor
STU_GUJ_000124,2019,SCH_180,Patan,Rural,Female,OBC,10,Low,60.8,11.65,Low,Low,Yes,Graduate,No,Yes,Yes,No,2,Secondary,No,1,1,1,1,54,Medium,NO,Academic Disengagement,Counselling Support,Monitor
STU_GUJ_010554,2024,SCH_142,Gandhinagar,Tribal,Female,OBC,10,Low,83.6,20.23,Medium,Medium,No,Primary,Yes,No,No,No,7,Primary,No,1,1,1,0,31,Low,NO,Travel Constraint,Provide Transport,Low Priority
STU_GUJ_001953,2019,SCH_086,Dahod,Rural,Male,SC,4,Low,42.0,14.49,Medium,High,No,Graduate,Yes,Yes,No,No,5,Illiterate,No,0,0,1,1,26,Low,NO,Academic Disengagement,Counselling Support,Low Priority
STU_GUJ_008641,2022,SCH_105,Bhavnagar,Rural,Male,General,10,Low,66.3,12.71,High,Low,No,Primary,Yes,Yes,No,No,7,Secondary,No,0,1,1,1,33,Low,NO,Academic Disengagement,Counselling Support,Low Priority
STU_GUJ_005490,2023,SCH_175,Bharuch,Rural,Male,General,5,Low,78.4,13.94,Medium,Medium,Yes,Primary,No,Yes,No,No,5,Secondary,No,0,0,1,0,19,Low,NO,Travel Constraint,Provide Transport,Low Priority
STU_GUJ_006109,2022,SCH_135,Banaskantha,Rural,Female,ST,12,Medium,60.2,7.0,Low,Medium,Yes,Primary,No,No,Yes,No,4,Primary,No,1,1,1,1,72,High,YES,Academic Disengagement,Counselling Support,Immediate
STU_GUJ_008823,2022,SCH_149,Vadodara,Rural,Female,ST,12,Low,98.9,18.51,Medium,High,No,Secondary,Yes,No,No,No,6,Primary,No,1,1,1,0,44,Medium,NO,Travel Constraint,Provide Transport,Monitor
STU_GUJ_002393,2021,SCH_052,Valsad,Rural,Male,ST,5,Medium,88.7,22.16,Low,Medium,No,Illiterate,No,No,No,No,4,Secondary,No,1,0,1,0,43,Medium,NO,Travel Constraint,Provide Transport,Monitor
STU_GUJ_007810,2022,SCH_160,Morbi,Urban,Male,OBC,10,Very Low,42.6,10.84,Low,Low,No,Graduate,No,No,No,No,3,Illiterate,No,1,1,1,1,41,Medium,NO,Academic Disengagement,Counselling Support,Monitor
STU_GUJ_006698,2023,SCH_129,Banaskantha,Tribal,Female,OBC,8,Medium,82.5,16.01,Low,Medium,No,Primary,Yes,Yes,No,No,8,Primary,Yes,1,0,1,0,41,Medium,NO,Travel Constraint,Provide Transport,Monitor
STU_GUJ_003401,2021,SCH_035,Gandhinagar,Rural,Female,OBC,1,High,63.7,8.19,High,Medium,Yes,Primary,No,Yes,No,No,5,Primary,Yes,0,0,1,1,30,Low,NO,Academic Disengagement,Counselling Support,Low Priority
STU_GUJ_008310,2020,SCH_143,Navsari,Urban,Male,ST,2,High,64.3,22.52,Medium,High,No,Graduate,Yes,No,No,No,2,Primary,No,0,0,1,1,35,Low,NO,Academic Disengagement,Counselling Support,Low Priority
STU_GUJ_004075,2022,SCH_152,Jamnagar,Rural,Female,ST,5,Low,84.3,12.34,Low,Low,No,Illiterate,Yes,No,No,No,3,Illiterate,No,1,0,1,0,44,Medium,NO,Travel Constraint,Provide Transport,Monitor
STU_GUJ_010010,2021,SCH_069,Amreli,Tribal,Female,ST,4,Low,69.3,3.31,Low,Low,Yes,Illiterate,Yes,No,No,No,2,Primary,No,0,0,0,1,46,Medium,NO,Academic Disengagement,Counselling Support,Monitor
STU_GUJ_007090,2019,SCH_063,Ahmedabad,Urban,Female,General,10,Low,58.9,1.47,Medium,High,No,Graduate,No,Yes,No,No,6,Illiterate,No,0,1,0,1,44,Medium,NO,Academic Disengagement,Counselling Support,Monitor
STU_GUJ_004642,2019,SCH_081,Kutch,Urban,Male,SC,12,Very Low,68.6,9.22,Low,Medium,No,Primary,No,No,No,Yes,7,Secondary,No,1,1,1,1,53,Medium,NO,Academic Disengagement,Counselling Support,Monitor
STU_GUJ_004830,2021,SCH_147,Morbi,Tribal,Male,General,6,Low,77.4,6.81,Low,Medium,No,Illiterate,No,No,No,No,7,Graduate,Yes,0,0,1,0,25,Low,NO,Travel Constraint,Provide Transport,Low Priority
STU_GUJ_011744,2022,SCH_045,Amreli,Urban,Female,General,9,Very Low,55.9,21.82,Medium,Medium,Yes,Graduate,Yes,Yes,No,No,4,Graduate,No,0,1,1,1,36,Low,NO,Academic Disengagement,Counselling Support,Low Priority
STU_GUJ_001892,2025,SCH_117,Banaskantha,Urban,Male,SC,6,High,83.3,8.14,Low,Medium,Yes,Illiterate,No,No,No,No,3,Secondary,No,0,0,1,0,31,Low,NO,Travel Constraint,Provide Transport,Low Priority
STU_GUJ_005050,2025,SCH_149,Gandhinagar,Urban,Female,OBC,8,Low,59.9,2.44,Medium,Medium,No,Secondary,Yes,Yes,No,No,4,Illiterate,Yes,1,0,0,1,32,Low,NO,Academic Disengagement,Counselling Support,Low Priority
STU_GUJ_006757,2022,SCH_031,Rajkot,Urban,Male,OBC,9,Medium,77.5,6.32,Medium,Medium,Yes,Illiterate,No,Yes,No,No,8,Illiterate,Yes,1,1,1,0,19,Low,NO,Travel Constraint,Provide Transport,Low Priority
STU_GUJ_000296,2021,SCH_149,Banaskantha,Rural,Female,ST,10,Low,58.2,11.07,Low,High,No,Graduate,Yes,No,No,No,7,Illiterate,No,0,1,1,1,59,Medium,NO,Academic Disengagement,Counselling Support,Monitor
STU_GUJ_011457,2023,SCH_085,Bharuch,Urban,Female,SC,10,Very Low,55.3,17.94,Medium,Low,No,Illiterate,Yes,No,No,No,5,Illiterate,No,1,1,1,1,43,Medium,NO,Academic Disengagement,Counselling Support,Monitor
STU_GUJ_002255,2019,SCH_044,Ahmedabad,Tribal,Female,General,9,Low,55.9,24.68,Low,Medium,Yes,Illiterate,Yes,No,No,No,3,Illiterate,No,1,1,1,1,55,Medium,NO,Academic Disengagement,Counselling Support,Monitor
STU_GUJ_010281,2021,SCH_176,Ahmedabad,Tribal,Female,SC,9,Very Low,80.7,26.6,Medium,Medium,No,Primary,No,No,No,No,3,Primary,No,0,1,1,0,48,Medium,NO,Travel Constraint,Provide Transport,Monitor
STU_GUJ_002358,2024,SCH_062,Vadodara,Rural,Male,OBC,10,Medium,51.7,9.76,High,Medium,Yes,Secondary,No,No,No,Yes,4,Secondary,No,1,1,1,1,40,Low,NO,Academic Disengagement,Counselling Support,Low Priority
STU_GUJ_001786,2020,SCH_042,Mehsana,Urban,Female,ST,2,Low,53.6,9.91,Low,High,Yes,Primary,No,Yes,No,No,3,Illiterate,Yes,0,0,1,1,33,Low,NO,Academic Disengagement,Counselling Support,Low Priority
STU_GUJ_009957,2021,SCH_143,Amreli,Rural,Female,General,12,Low,41.4,20.06,Low,Medium,No,Primary,No,No,No,No,4,Illiterate,No,0,1,1,1,62,Medium,NO,Academic Disengagement,Counselling Support,Monitor
STU_GUJ_000287,2024,SCH_109,Banaskantha,Rural,Female,OBC,5,Low,43.3,22.01,Medium,Medium,Yes,Primary,Yes,No,No,No,6,Illiterate,No,0,0,1,1,47,Medium,NO,Academic Disengagement,Counselling Support,Monitor
STU_GUJ_005740,2020,SCH_141,Bharuch,Rural,Male,OBC,11,Medium,80.1,10.18,Medium,High,No,Primary,Yes,Yes,No,No,8,Secondary,Yes,1,1,1,0,20,Low,NO,Travel Constraint,Provide Transport,Low Priority
STU_GUJ_001759,2019,SCH_077,Mehsana,Urban,Female,General,7,Medium,70.5,22.73,High,Medium,Yes,Secondary,No,Yes,No,No,4,Secondary,Yes,0,0,1,0,25,Low,NO,Travel Constraint,Provide Transport,Low Priority
STU_GUJ_004263,2024,SCH_106,Patan,Tribal,Male,OBC,7,Very Low,68.6,15.66,High,Low,No,Primary,Yes,No,No,No,4,Primary,No,1,0,1,1,40,Low,NO,Academic Disengagement,Counselling Support,Low Priority
STU_GUJ_001285,2020,SCH_032,Amreli,Urban,Male,General,5,Medium,93.8,5.33,Medium,Low,Yes,Secondary,Yes,No,No,No,6,Secondary,No,0,0,1,0,8,Low,NO,Travel Constraint,Provide Transport,Low Priority
STU_GUJ_011850,2025,SCH_122,Sabarkantha,Urban,Female,General,5,Low,45.8,25.21,Medium,Medium,Yes,Secondary,Yes,Yes,No,No,2,Primary,Yes,1,0,1,1,35,Low,NO,Academic Disengagement,Counselling Support,Low Priority
STU_GUJ_005009,2023,SCH_138,Junagadh,Urban,Male,OBC,4,High,57.0,15.17,Low,High,No,Secondary,Yes,No,No,No,5,Secondary,Yes,0,0,1,1,35,Low,NO,Academic Disengagement,Counselling Support,Low Priority
STU_GUJ_010134,2020,SCH_012,Junagadh,Urban,Female,OBC,3,High,43.3,21.92,Low,Medium,Yes,Illiterate,Yes,Yes,Yes,No,3,Primary,No,0,0,1,1,35,Low,NO,Academic Disengagement,Counselling Support,Low Priority
STU_GUJ_007365,2021,SCH_034,Valsad,Rural,Male,General,11,High,92.4,21.45,Medium,High,Yes,Primary,Yes,Yes,No,No,8,Primary,Yes,0,1,1,0,22,Low,NO,Travel Constraint,Provide Transport,Low Priority
STU_GUJ_005994,2019,SCH_149,Valsad,Tribal,Male,SC,2,Very Low,82.7,25.25,Low,Low,Yes,Secondary,No,No,No,No,6,Illiterate,No,1,0,1,0,40,Low,NO,Travel Constraint,Provide Transport,Low Priority
STU_GUJ_011544,2021,SCH_041,Ahmedabad,Urban,Male,General,11,Medium,86.6,4.49,Medium,Medium,Yes,Illiterate,Yes,Yes,No,No,6,Secondary,No,0,1,0,0,17,Low,NO,Social Factor,Community Engagement,Low Priority
STU_GUJ_008361,2024,SCH_145,Ahmedabad,Urban,Male,OBC,4,Low,72.9,15.19,Low,High,No,Illiterate,Yes,Yes,Yes,No,5,Illiterate,Yes,0,0,1,0,30,Low,NO,Travel Constraint,Provide Transport,Low Priority
STU_GUJ_006561,2020,SCH_134,Jamnagar,Urban,Male,ST,4,Medium,83.4,18.33,High,Low,No,Illiterate,Yes,No,No,No,5,Illiterate,No,0,0,1,0,27,Low,NO,Travel Constraint,Provide Transport,Low Priority
STU_GUJ_008817,2024,SCH_134,Anand,Urban,Female,ST,9,Low,79.7,21.94,Medium,Medium,Yes,Illiterate,No,No,Yes,No,3,Primary,No,0,1,1,0,54,Medium,NO,Travel Constraint,Provide Transport,Monitor
STU_GUJ_000550,2024,SCH_057,Sabarkantha,Urban,Male,OBC,9,Very Low,75.1,12.38,Low,High,No,Secondary,Yes,No,Yes,No,6,Secondary,No,0,1,1,0,56,Medium,NO,Travel Constraint,Provide Transport,Monitor
STU_GUJ_002609,2025,SCH_067,Rajkot,Rural,Male,SC,12,Medium,75.1,11.92,Low,High,Yes,Primary,Yes,No,No,No,3,Illiterate,Yes,1,1,1,0,28,Low,NO,Travel Constraint,Provide Transport,Low Priority
STU_GUJ_002621,2023,SCH_168,Surat,Rural,Female,OBC,12,Very Low,56.7,25.05,Medium,Low,Yes,Graduate,Yes,No,No,No,5,Primary,No,0,1,1,1,68,Medium,NO,Academic Disengagement,Counselling Support,Monitor
STU_GUJ_004238,2022,SCH_179,Vadodara,Urban,Female,OBC,9,Very Low,63.0,11.69,Low,Medium,No,Primary,Yes,No,No,No,7,Illiterate,Yes,0,1,1,1,40,Low,NO,Academic Disengagement,Counselling Support,Low Priority
STU_GUJ_005796,2022,SCH_115,Patan,Tribal,Female,OBC,9,Low,71.7,23.71,Low,Medium,Yes,Graduate,Yes,Yes,No,Yes,8,Secondary,Yes,0,1,1,0,43,Medium,NO,Travel Constraint,Provide Transport,Monitor
STU_GUJ_008204,2020,SCH_170,Sabarkantha,Urban,Female,OBC,5,Medium,54.9,3.55,Medium,Medium,Yes,Secondary,Yes,No,No,No,2,Illiterate,Yes,1,0,0,1,16,Low,NO,Academic Disengagement,Counselling Support,Low Priority
STU_GUJ_005231,2020,SCH_064,Patan,Tribal,Female,ST,7,Low,94.2,16.4,High,Medium,Yes,Primary,Yes,Yes,No,No,5,Secondary,No,0,0,1,0,15,Low,NO,Travel Constraint,Provide Transport,Low Priority
STU_GUJ_006323,2020,SCH_089,Banaskantha,Urban,Male,SC,8,High,97.1,10.87,Medium,Low,No,Illiterate,Yes,Yes,Yes,No,7,Primary,No,0,0,1,0,34,Low,NO,Travel Constraint,Provide Transport,Low Priority
STU_GUJ_010512,2019,SCH_115,Morbi,Tribal,Male,General,1,Medium,55.3,10.37,Low,Medium,Yes,Graduate,No,Yes,No,No,3,Secondary,Yes,1,0,1,1,40,Low,NO,Academic Disengagement,Counselling Support,Low Priority
STU_GUJ_003488,2020,SCH_101,Kutch,Tribal,Male,OBC,3,Low,50.1,4.89,Medium,High,Yes,Illiterate,Yes,No,Yes,Yes,8,Primary,Yes,0,0,0,1,49,Medium,NO,Academic Disengagement,Counselling Support,Monitor
STU_GUJ_010854,2025,SCH_180,Mehsana,Urban,Male,OBC,6,High,72.5,18.41,Low,Medium,Yes,Primary,No,Yes,No,No,7,Illiterate,Yes,0,0,1,0,18,Low,NO,Travel Constraint,Provide Transport,Low Priority
STU_GUJ_008144,2019,SCH_082,Ahmedabad,Rural,Female,ST,5,Medium,84.4,0.58,Low,Low,No,Primary,Yes,Yes,No,No,7,Primary,Yes,0,0,0,0,30,Low,NO,Social Factor,Community Engagement,Low Priority
STU_GUJ_004334,2020,SCH_180,Amreli,Urban,Female,OBC,8,Low,50.3,1.07,Medium,Low,No,Secondary,Yes,Yes,No,No,3,Secondary,Yes,0,0,0,1,17,Low,NO,Academic Disengagement,Counselling Support,Low Priority
STU_GUJ_005633,2023,SCH_139,Sabarkantha,Urban,Male,SC,6,Low,58.6,5.66,Low,Low,Yes,Graduate,No,No,No,No,5,Graduate,Yes,1,0,1,1,39,Low,NO,Academic Disengagement,Counselling Support,Low Priority
STU_GUJ_011601,2020,SCH_001,Dahod,Tribal,Female,ST,9,Medium,70.0,27.51,Medium,Medium,Yes,Secondary,Yes,Yes,Yes,No,8,Illiterate,No,0,1,1,0,48,Medium,NO,Travel Constraint,Provide Transport,Monitor
STU_GUJ_009672,2023,SCH_135,Valsad,Tribal,Female,General,11,Low,72.3,1.97,High,High,Yes,Secondary,Yes,Yes,No,No,5,Primary,Yes,0,1,0,0,39,Low,NO,Social Factor,Community Engagement,Low Priority
STU_GUJ_003071,2025,SCH_147,Junagadh,Rural,Female,General,6,Low,64.7,7.57,High,Medium,No,Primary,Yes,Yes,No,No,5,Illiterate,No,1,0,1,1,17,Low,NO,Academic Disengagement,Counselling Support,Low Priority
STU_GUJ_009854,2021,SCH_142,Rajkot,Rural,Male,General,2,High,53.9,11.03,Medium,Medium,Yes,Primary,Yes,No,No,No,7,Secondary,Yes,1,0,1,1,32,Low,NO,Academic Disengagement,Counselling Support,Low Priority
STU_GUJ_009963,2019,SCH_052,Bharuch,Urban,Female,OBC,4,Low,79.0,10.58,Medium,High,Yes,Graduate,Yes,Yes,No,No,3,Graduate,No,0,0,1,0,12,Low,NO,Travel Constraint,Provide Transport,Low Priority
STU_GUJ_005956,2025,SCH_105,Sabarkantha,Rural,Male,General,8,Low,77.0,27.41,Low,Low,Yes,Secondary,Yes,Yes,Yes,No,2,Secondary,Yes,0,0,1,0,32,Low,NO,Travel Constraint,Provide Transport,Low Priority
STU_GUJ_005654,2025,SCH_059,Jamnagar,Rural,Male,OBC,1,Very Low,83.0,15.31,Medium,High,No,Secondary,Yes,Yes,No,No,2,Secondary,Yes,0,0,1,0,21,Low,NO,Travel Constraint,Provide Transport,Low Priority
STU_GUJ_006799,2025,SCH_032,Jamnagar,Tribal,Male,General,8,Medium,72.1,6.94,Medium,Medium,Yes,Illiterate,Yes,Yes,Yes,No,7,Primary,Yes,0,0,1,0,36,Low,NO,Travel Constraint,Provide Transport,Low Priority
STU_GUJ_006741,2024,SCH_146,Surat,Rural,Female,General,5,Low,58.6,26.2,Low,Medium,Yes,Illiterate,Yes,No,No,No,3,Illiterate,Yes,0,0,1,1,41,Medium,NO,Academic Disengagement,Counselling Support,Monitor
STU_GUJ_003089,2025,SCH_020,Valsad,Urban,Male,ST,12,Very Low,56.8,3.0,Medium,Low,Yes,Illiterate,Yes,No,Yes,No,4,Secondary,No,0,1,0,1,62,Medium,NO,Academic Disengagement,Counselling Support,Monitor
STU_GUJ_001304,2019,SCH_082,Ahmedabad,Tribal,Male,SC,9,Very Low,74.6,13.19,Medium,Medium,Yes,Graduate,Yes,No,No,No,4,Illiterate,No,0,1,1,0,40,Low,NO,Travel Constraint,Provide Transport,Low Priority
STU_GUJ_003571,2023,SCH_177,Banaskantha,Urban,Male,OBC,7,Low,74.7,3.18,High,High,Yes,Primary,No,No,No,No,3,Illiterate,Yes,0,0,0,0,20,Low,NO,Social Factor,Community Engagement,Low Priority
STU_GUJ_005617,2025,SCH_113,Dahod,Tribal,Female,OBC,2,Very Low,68.7,10.54,Medium,Low,No,Primary,No,Yes,No,No,3,Primary,No,1,0,1,1,53,Medium,NO,Academic Disengagement,Counselling Support,Monitor
STU_GUJ_003022,2019,SCH_096,Vadodara,Urban,Male,SC,1,Medium,41.0,1.36,Low,Medium,Yes,Graduate,No,Yes,No,No,2,Primary,No,0,0,0,1,25,Low,NO,Academic Disengagement,Counselling Support,Low Priority
STU_GUJ_006780,2021,SCH_095,Mehsana,Rural,Male,OBC,11,High,44.9,8.99,Low,High,No,Primary,Yes,No,No,No,2,Illiterate,Yes,0,1,1,1,48,Medium,NO,Academic Disengagement,Counselling Support,Monitor
STU_GUJ_007826,2022,SCH_138,Anand,Urban,Female,OBC,4,Low,48.5,6.34,High,Medium,Yes,Illiterate,Yes,Yes,No,No,3,Illiterate,Yes,0,0,1,1,11,Low,NO,Academic Disengagement,Counselling Support,Low Priority
STU_GUJ_009223,2025,SCH_053,Morbi,Urban,Male,General,11,High,58.0,0.95,High,Medium,Yes,Secondary,Yes,No,Yes,No,8,Illiterate,Yes,0,1,0,1,55,Medium,NO,Academic Disengagement,Counselling Support,Monitor
STU_GUJ_009626,2023,SCH_175,Surat,Urban,Male,OBC,1,Low,66.6,6.55,Medium,High,No,Secondary,Yes,Yes,No,No,8,Secondary,Yes,0,0,1,1,30,Low,NO,Academic Disengagement,Counselling Support,Low Priority
STU_GUJ_011952,2023,SCH_164,Bhavnagar,Tribal,Female,General,12,Medium,57.7,26.28,Low,Medium,No,Primary,No,No,Yes,No,4,Secondary,No,1,1,1,1,64,Medium,NO,Academic Disengagement,Counselling Support,Monitor
STU_GUJ_007388,2024,SCH_046,Mehsana,Tribal,Male,SC,1,Very Low,53.9,6.76,Medium,High,Yes,Primary,Yes,No,No,No,4,Illiterate,Yes,1,0,1,1,44,Medium,NO,Academic Disengagement,Counselling Support,Monitor
STU_GUJ_008207,2025,SCH_136,Junagadh,Urban,Male,OBC,3,Medium,86.0,25.32,Medium,Low,Yes,Secondary,Yes,Yes,No,No,5,Illiterate,Yes,0,0,1,0,23,Low,NO,Travel Constraint,Provide Transport,Low Priority
STU_GUJ_011779,2020,SCH_131,Rajkot,Rural,Male,General,6,High,68.7,14.87,Medium,Low,No,Primary,Yes,No,No,No,3,Secondary,No,0,0,1,1,34,Low,NO,Academic Disengagement,Counselling Support,Low Priority
STU_GUJ_009433,2022,SCH_082,Mehsana,Urban,Male,ST,2,Low,92.7,1.78,Medium,Medium,Yes,Primary,Yes,Yes,No,No,7,Illiterate,Yes,0,0,0,0,15,Low,NO,Social Factor,Community Engagement,Low Priority
STU_GUJ_003209,2024,SCH_065,Junagadh,Urban,Male,ST,3,High,49.9,5.35,Medium,Medium,No,Graduate,Yes,Yes,No,No,5,Primary,Yes,1,0,1,1,24,Low,NO,Academic Disengagement,Counselling Support,Low Priority
STU_GUJ_010669,2024,SCH_102,Vadodara,Tribal,Male,General,3,Low,47.8,25.32,Low,High,Yes,Primary,Yes,Yes,No,No,5,Illiterate,Yes,0,0,1,1,41,Medium,NO,Academic Disengagement,Counselling Support,Monitor
STU_GUJ_007723,2025,SCH_099,Vadodara,Urban,Female,General,12,Low,41.4,25.86,Low,Low,Yes,Graduate,Yes,Yes,No,No,7,Illiterate,No,1,1,1,1,53,Medium,NO,Academic Disengagement,Counselling Support,Monitor
STU_GUJ_002528,2023,SCH_101,Gandhinagar,Tribal,Female,OBC,6,High,63.0,12.38,High,High,Yes,Primary,Yes,Yes,No,No,8,Graduate,Yes,0,0,1,1,44,Medium,NO,Academic Disengagement,Counselling Support,Monitor
STU_GUJ_007707,2020,SCH_071,Junagadh,Urban,Male,OBC,12,Medium,48.2,6.26,Medium,Medium,Yes,Illiterate,No,No,No,No,6,Primary,No,1,1,1,1,25,Low,NO,Academic Disengagement,Counselling Support,Low Priority
STU_GUJ_002589,2022,SCH_145,Ahmedabad,Rural,Male,SC,1,Very Low,58.7,4.44,High,Medium,Yes,Primary,Yes,No,Yes,No,5,Graduate,No,0,0,0,1,43,Medium,NO,Academic Disengagement,Counselling Support,Monitor
STU_GUJ_002634,2020,SCH_036,Bhavnagar,Urban,Male,OBC,4,High,96.2,11.34,Medium,Medium,Yes,Illiterate,Yes,Yes,No,No,8,Graduate,Yes,0,0,1,0,11,Low,NO,Travel Constraint,Provide Transport,Low Priority
STU_GUJ_007074,2025,SCH_071,Kutch,Urban,Female,SC,3,Low,98.9,9.0,High,Medium,No,Graduate,Yes,No,No,No,6,Illiterate,No,0,0,1,0,14,Low,NO,Travel Constraint,Provide Transport,Low Priority
STU_GUJ_000468,2020,SCH_073,Morbi,Tribal,Male,OBC,2,High,53.7,15.93,Medium,Medium,Yes,Secondary,Yes,Yes,No,No,8,Primary,No,1,0,1,1,36,Low,NO,Academic Disengagement,Counselling Support,Low Priority
STU_GUJ_006183,2020,SCH_031,Surat,Rural,Female,General,12,Low,76.1,25.13,Medium,Low,No,Primary,Yes,No,Yes,No,6,Illiterate,No,0,1,1,0,41,Medium,NO,Travel Constraint,Provide Transport,Monitor
STU_GUJ_007311,2021,SCH_084,Kutch,Urban,Male,ST,3,High,75.4,7.68,Medium,Medium,Yes,Secondary,Yes,Yes,No,No,8,Secondary,No,0,0,1,0,19,Low,NO,Travel Constraint,Provide Transport,Low Priority
STU_GUJ_009013,2024,SCH_052,Ahmedabad,Urban,Female,SC,3,Very Low,47.0,22.11,Medium,Low,Yes,Secondary,Yes,No,No,No,2,Illiterate,No,1,0,1,1,38,Low,NO,Academic Disengagement,Counselling Support,Low Priority
STU_GUJ_000107,2023,SCH_020,Dahod,Rural,Male,SC,5,Low,60.9,6.59,Low,Medium,Yes,Illiterate,No,Yes,Yes,No,8,Illiterate,No,0,0,1,1,45,Medium,NO,Academic Disengagement,Counselling Support,Monitor
STU_GUJ_007205,2020,SCH_078,Valsad,Urban,Female,General,9,Very Low,66.1,22.05,Medium,Low,Yes,Illiterate,Yes,No,No,No,8,Illiterate,No,0,1,1,1,47,Medium,NO,Academic Disengagement,Counselling Support,Monitor
STU_GUJ_010597,2019,SCH_126,Junagadh,Urban,Female,ST,6,Very Low,64.1,7.99,High,Low,No,Primary,Yes,Yes,No,Yes,2,Primary,No,1,0,1,1,43,Medium,NO,Academic Disengagement,Counselling Support,Monitor
STU_GUJ_006779,2022,SCH_152,Vadodara,Rural,Male,SC,5,High,73.6,24.01,Low,Medium,No,Secondary,Yes,Yes,Yes,No,7,Secondary,No,0,0,1,0,35,Low,NO,Travel Constraint,Provide Transport,Low Priority
STU_GUJ_005260,2021,SCH_149,Patan,Urban,Female,SC,1,Low,63.5,16.21,Medium,Low,No,Illiterate,Yes,Yes,No,No,5,Primary,No,0,0,1,1,41,Medium,NO,Academic Disengagement,Counselling Support,Monitor
STU_GUJ_000412,2023,SCH_023,Patan,Rural,Male,SC,7,Low,73.1,18.96,High,High,Yes,Illiterate,Yes,No,Yes,No,8,Primary,No,0,0,1,0,35,Low,NO,Travel Constraint,Provide Transport,Low Priority
STU_GUJ_005805,2023,SCH_007,Rajkot,Rural,Male,SC,3,Medium,44.0,9.38,High,Low,Yes,Graduate,Yes,Yes,No,No,6,Primary,No,0,0,1,1,28,Low,NO,Academic Disengagement,Counselling Support,Low Priority
STU_GUJ_010309,2020,SCH_033,Banaskantha,Tribal,Female,SC,2,Medium,64.8,14.7,Medium,Low,Yes,Secondary,Yes,No,Yes,No,5,Secondary,Yes,0,0,1,1,52,Medium,NO,Academic Disengagement,Counselling Support,Monitor
STU_GUJ_010146,2024,SCH_121,Junagadh,Urban,Male,General,1,Very Low,85.0,9.82,Medium,Medium,No,Secondary,No,No,Yes,No,6,Illiterate,No,0,0,1,0,38,Low,NO,Travel Constraint,Provide Transport,Low Priority
STU_GUJ_003468,2024,SCH_044,Valsad,Tribal,Male,ST,3,High,72.9,14.36,High,Medium,Yes,Illiterate,Yes,No,No,No,8,Primary,Yes,0,0,1,0,18,Low,NO,Travel Constraint,Provide Transport,Low Priority
STU_GUJ_009194,2021,SCH_106,Valsad,Urban,Female,ST,9,Low,81.3,3.2,Medium,High,Yes,Secondary,No,Yes,No,No,7,Primary,Yes,0,1,0,0,27,Low,NO,Social Factor,Community Engagement,Low Priority
STU_GUJ_005667,2022,SCH_174,Anand,Rural,Male,OBC,8,Medium,57.5,25.61,Low,Low,Yes,Graduate,No,Yes,No,No,4,Primary,No,0,0,1,1,45,Medium,NO,Academic Disengagement,Counselling Support,Monitor
STU_GUJ_010170,2023,SCH_061,Mehsana,Urban,Male,ST,6,Medium,96.0,13.68,High,Medium,Yes,Illiterate,Yes,Yes,No,No,2,Graduate,Yes,0,0,1,0,14,Low,NO,Travel Constraint,Provide Transport,Low Priority
STU_GUJ_009961,2023,SCH_109,Ahmedabad,Rural,Male,ST,1,Low,71.8,5.08,Medium,Medium,No,Secondary,Yes,Yes,Yes,No,8,Secondary,No,0,0,1,0,36,Low,NO,Travel Constraint,Provide Transport,Low Priority
STU_GUJ_004094,2025,SCH_044,Junagadh,Urban,Female,SC,7,Low,96.2,25.79,Low,Medium,Yes,Graduate,Yes,No,No,No,3,Primary,No,1,0,1,0,24,Low,NO,Travel Constraint,Provide Transport,Low Priority
STU_GUJ_006734,2024,SCH_072,Ahmedabad,Rural,Female,OBC,6,High,67.8,18.12,Medium,High,Yes,Secondary,Yes,Yes,No,No,5,Secondary,No,0,0,1,1,28,Low,NO,Academic Disengagement,Counselling Support,Low Priority
STU_GUJ_005145,2024,SCH_073,Rajkot,Rural,Female,General,5,Very Low,64.0,22.03,High,Medium,Yes,Secondary,No,Yes,Yes,No,2,Illiterate,Yes,0,0,1,1,42,Medium,NO,Academic Disengagement,Counselling Support,Monitor
STU_GUJ_005713,2020,SCH_056,Morbi,Tribal,Female,OBC,10,Very Low,81.8,12.52,Medium,Medium,Yes,Secondary,Yes,Yes,No,No,4,Secondary,No,1,1,1,0,37,Low,NO,Travel Constraint,Provide Transport,Low Priority
STU_GUJ_006649,2022,SCH_004,Sabarkantha,Rural,Female,General,12,Medium,69.4,14.97,Low,Low,Yes,Secondary,Yes,No,No,No,6,Primary,No,1,1,1,1,52,Medium,NO,Academic Disengagement,Counselling Support,Monitor
STU_GUJ_009483,2022,SCH_117,Kutch,Rural,Female,OBC,10,Medium,77.6,4.9,Medium,Medium,No,Secondary,Yes,Yes,Yes,No,7,Primary,No,0,1,0,0,28,Low,NO,Social Factor,Community Engagement,Low Priority
STU_GUJ_009775,2021,SCH_152,Surat,Tribal,Female,SC,5,Low,68.7,21.42,Medium,High,Yes,Graduate,Yes,No,No,No,4,Primary,No,1,0,1,1,50,Medium,NO,Academic Disengagement,Counselling Support,Monitor
STU_GUJ_001863,2019,SCH_041,Gandhinagar,Rural,Male,OBC,7,Low,71.8,6.48,Medium,Medium,Yes,Illiterate,Yes,Yes,No,No,7,Secondary,Yes,0,0,1,0,18,Low,NO,Travel Constraint,Provide Transport,Low Priority
STU_GUJ_011135,2022,SCH_114,Bharuch,Rural,Female,ST,5,Low,75.6,1.65,Medium,High,Yes,Primary,No,No,No,Yes,8,Primary,No,1,0,0,0,33,Low,NO,Social Factor,Community Engagement,Low Priority
STU_GUJ_009057,2024,SCH_009,Dahod,Rural,Male,OBC,7,Low,93.4,19.29,Low,Low,Yes,Illiterate,Yes,No,No,No,4,Primary,No,0,0,1,0,41,Medium,NO,Travel Constraint,Provide Transport,Monitor
STU_GUJ_004834,2022,SCH_009,Mehsana,Urban,Male,General,8,Medium,74.0,25.07,High,Medium,No,Illiterate,No,Yes,No,No,5,Illiterate,No,0,0,1,0,16,Low,NO,Travel Constraint,Provide Transport,Low Priority
STU_GUJ_009628,2019,SCH_107,Patan,Rural,Female,OBC,4,Medium,53.9,25.02,High,Low,Yes,Secondary,Yes,Yes,No,No,3,Primary,No,0,0,1,1,38,Low,NO,Academic Disengagement,Counselling Support,Low Priority
STU_GUJ_009022,2022,SCH_027,Bharuch,Tribal,Male,OBC,8,Very Low,51.7,16.95,Medium,Medium,Yes,Primary,Yes,No,No,No,7,Secondary,Yes,0,0,1,1,45,Medium,NO,Academic Disengagement,Counselling Support,Monitor
STU_GUJ_008505,2025,SCH_092,Dahod,Urban,Female,SC,12,Very Low,45.2,10.07,Medium,High,No,Secondary,Yes,Yes,No,No,4,Illiterate,No,0,1,1,1,50,Medium,NO,Academic Disengagement,Counselling Support,Monitor
STU_GUJ_000030,2023,SCH_075,Banaskantha,Tribal,Male,OBC,5,Medium,84.7,3.64,Medium,Low,No,Secondary,No,No,No,No,4,Illiterate,No,0,0,0,0,20,Low,NO,Social Factor,Community Engagement,Low Priority
STU_GUJ_010155,2020,SCH_023,Vadodara,Tribal,Female,OBC,8,Very Low,48.0,21.75,Low,Medium,No,Secondary,Yes,Yes,No,No,3,Illiterate,No,0,0,1,1,61,Medium,NO,Academic Disengagement,Counselling Support,Monitor
STU_GUJ_011330,2019,SCH_176,Banaskantha,Rural,Male,OBC,6,Low,96.2,6.0,Medium,Low,No,Secondary,No,No,No,No,4,Graduate,No,0,0,1,0,30,Low,NO,Travel Constraint,Provide Transport,Low Priority
STU_GUJ_003932,2025,SCH_028,Surat,Rural,Female,OBC,5,Very Low,44.9,10.54,Medium,Low,Yes,Secondary,Yes,No,No,No,4,Illiterate,No,0,0,1,1,39,Low,NO,Academic Disengagement,Counselling Support,Low Priority
STU_GUJ_000569,2019,SCH_043,Sabarkantha,Urban,Male,OBC,11,Low,73.1,2.39,High,Low,No,Illiterate,Yes,Yes,Yes,No,4,Primary,No,0,1,0,0,31,Low,NO,Social Factor,Community Engagement,Low Priority
STU_GUJ_005172,2019,SCH_007,Ahmedabad,Rural,Male,General,1,Medium,45.5,20.29,Medium,Medium,Yes,Primary,Yes,Yes,No,No,4,Illiterate,Yes,0,0,1,1,23,Low,NO,Academic Disengagement,Counselling Support,Low Priority
STU_GUJ_005408,2020,SCH_059,Surat,Rural,Male,OBC,6,Low,88.4,8.4,High,Low,No,Primary,Yes,No,No,No,5,Illiterate,No,0,0,1,0,23,Low,NO,Travel Constraint,Provide Transport,Low Priority
STU_GUJ_001246,2019,SCH_109,Junagadh,Urban,Female,SC,3,Low,79.0,1.37,Medium,Low,No,Secondary,Yes,Yes,No,No,7,Secondary,No,0,0,0,0,19,Low,NO,Social Factor,Community Engagement,Low Priority
STU_GUJ_005681,2020,SCH_122,Dahod,Tribal,Female,OBC,9,Low,67.8,26.58,Low,High,No,Secondary,Yes,No,Yes,No,7,Primary,Yes,1,1,1,1,62,Medium,NO,Academic Disengagement,Counselling Support,Monitor
STU_GUJ_011458,2020,SCH_134,Bharuch,Urban,Male,OBC,7,Medium,90.8,20.67,Low,Medium,Yes,Illiterate,No,Yes,No,No,2,Illiterate,Yes,0,0,1,0,22,Low,NO,Travel Constraint,Provide Transport,Low Priority
STU_GUJ_001459,2021,SCH_135,Sabarkantha,Urban,Female,SC,4,Medium,88.3,6.79,High,Low,Yes,Graduate,Yes,No,No,Yes,4,Secondary,No,0,0,1,0,30,Low,NO,Travel Constraint,Provide Transport,Low Priority
STU_GUJ_007371,2025,SCH_171,Junagadh,Tribal,Male,General,10,Low,73.0,26.84,High,Low,Yes,Primary,Yes,Yes,No,No,2,Illiterate,Yes,0,1,1,0,46,Medium,NO,Travel Constraint,Provide Transport,Monitor
STU_GUJ_001836,2023,SCH_122,Bhavnagar,Tribal,Female,ST,2,Very Low,79.8,1.84,Low,Low,No,Primary,Yes,Yes,No,No,2,Secondary,Yes,0,0,0,0,32,Low,NO,Economic Pressure,Provide Scholarship,Low Priority
STU_GUJ_000317,2019,SCH_118,Mehsana,Rural,Male,OBC,3,Medium,84.5,23.05,Medium,Low,No,Illiterate,Yes,Yes,No,No,2,Primary,Yes,0,0,1,0,20,Low,NO,Travel Constraint,Provide Transport,Low Priority
STU_GUJ_000109,2025,SCH_053,Bhavnagar,Tribal,Male,OBC,8,Low,95.2,13.0,Medium,Low,No,Illiterate,No,No,No,No,4,Secondary,No,1,0,1,0,28,Low,NO,Travel Constraint,Provide Transport,Low Priority
STU_GUJ_003119,2020,SCH_143,Sabarkantha,Rural,Male,ST,6,Medium,55.7,1.38,Low,High,Yes,Primary,Yes,Yes,No,No,3,Graduate,No,1,0,0,1,34,Low,NO,Academic Disengagement,Counselling Support,Low Priority
STU_GUJ_009265,2021,SCH_034,Sabarkantha,Tribal,Male,SC,2,Very Low,65.5,19.31,Medium,Low,No,Primary,No,Yes,No,No,7,Illiterate,Yes,1,0,1,1,40,Low,NO,Academic Disengagement,Counselling Support,Low Priority
STU_GUJ_006881,2020,SCH_027,Sabarkantha,Tribal,Male,General,5,High,79.1,12.46,High,High,No,Illiterate,No,Yes,No,No,7,Illiterate,No,0,0,1,0,15,Low,NO,Travel Constraint,Provide Transport,Low Priority
STU_GUJ_009017,2023,SCH_055,Morbi,Rural,Male,OBC,3,Low,65.0,19.34,High,Medium,Yes,Illiterate,Yes,No,No,No,6,Primary,No,0,0,1,1,42,Medium,NO,Academic Disengagement,Counselling Support,Monitor
STU_GUJ_011679,2020,SCH_029,Junagadh,Rural,Male,OBC,8,Very Low,75.5,2.91,Medium,Medium,Yes,Primary,Yes,No,No,No,6,Secondary,Yes,0,0,0,0,21,Low,NO,Economic Pressure,Provide Scholarship,Low Priority
STU_GUJ_011736,2023,SCH_053,Amreli,Urban,Female,General,5,Very Low,58.2,24.1,Low,High,Yes,Primary,No,No,Yes,No,7,Illiterate,Yes,0,0,1,1,49,Medium,NO,Academic Disengagement,Counselling Support,Monitor
STU_GUJ_007714,2019,SCH_143,Surat,Rural,Male,OBC,5,High,59.0,6.38,Medium,Medium,No,Primary,Yes,Yes,No,No,7,Primary,Yes,0,0,1,1,28,Low,NO,Academic Disengagement,Counselling Support,Low Priority
STU_GUJ_002665,2023,SCH_035,Morbi,Urban,Male,OBC,3,High,99.9,21.73,Medium,Low,No,Secondary,Yes,No,Yes,No,5,Primary,No,0,0,1,0,33,Low,NO,Travel Constraint,Provide Transport,Low Priority
STU_GUJ_002681,2024,SCH_078,Valsad,Rural,Female,General,9,Low,64.9,5.07,Medium,Medium,No,Primary,Yes,Yes,Yes,No,2,Secondary,No,0,1,1,1,43,Medium,NO,Academic Disengagement,Counselling Support,Monitor
STU_GUJ_008188,2025,SCH_073,Patan,Rural,Male,ST,7,Medium,64.3,21.8,Medium,Low,Yes,Primary,Yes,Yes,Yes,No,5,Secondary,No,0,0,1,1,45,Medium,NO,Academic Disengagement,Counselling Support,Monitor
STU_GUJ_003651,2019,SCH_013,Patan,Urban,Male,OBC,10,High,95.9,21.7,Medium,Medium,Yes,Secondary,Yes,No,Yes,No,5,Graduate,Yes,1,1,1,0,15,Low,NO,Travel Constraint,Provide Transport,Low Priority
STU_GUJ_009955,2019,SCH_086,Bharuch,Urban,Female,OBC,6,Low,86.5,24.97,Low,Medium,No,Primary,Yes,No,No,No,5,Graduate,No,1,0,1,0,17,Low,NO,Travel Constraint,Provide Transport,Low Priority
STU_GUJ_002587,2019,SCH_176,Anand,Urban,Female,SC,1,Very Low,51.9,7.98,Low,Medium,Yes,Illiterate,No,No,No,No,6,Illiterate,No,0,0,1,1,40,Low,NO,Academic Disengagement,Counselling Support,Low Priority
STU_GUJ_008094,2022,SCH_027,Bharuch,Urban,Male,OBC,8,Very Low,65.3,5.53,Medium,Low,Yes,Illiterate,No,Yes,No,Yes,7,Illiterate,Yes,1,0,1,1,35,Low,NO,Academic Disengagement,Counselling Support,Low Priority
STU_GUJ_008841,2023,SCH_176,Patan,Urban,Female,ST,1,Low,81.1,15.48,Medium,Medium,Yes,Primary,Yes,Yes,No,No,4,Illiterate,Yes,0,0,1,0,28,Low,NO,Travel Constraint,Provide Transport,Low Priority
STU_GUJ_004851,2024,SCH_022,Sabarkantha,Rural,Male,ST,2,High,79.4,13.98,High,Medium,No,Secondary,Yes,Yes,Yes,No,6,Graduate,Yes,1,0,1,0,27,Low,NO,Travel Constraint,Provide Transport,Low Priority
STU_GUJ_004953,2024,SCH_030,Rajkot,Rural,Female,SC,3,Very Low,92.4,26.64,Medium,Low,Yes,Illiterate,No,No,Yes,No,5,Primary,Yes,0,0,1,0,45,Medium,NO,Travel Constraint,Provide Transport,Monitor
STU_GUJ_007513,2021,SCH_137,Sabarkantha,Urban,Female,ST,7,Medium,80.3,20.29,High,Medium,Yes,Secondary,No,Yes,No,No,5,Secondary,No,0,0,1,0,19,Low,NO,Travel Constraint,Provide Transport,Low Priority
STU_GUJ_003345,2022,SCH_131,Patan,Rural,Female,General,4,High,99.0,20.09,Medium,Medium,Yes,Illiterate,No,No,Yes,No,2,Illiterate,No,0,0,1,0,33,Low,NO,Travel Constraint,Provide Transport,Low Priority
STU_GUJ_000974,2023,SCH_137,Junagadh,Urban,Female,ST,11,Low,40.6,7.03,Medium,Low,Yes,Graduate,No,No,No,No,6,Primary,No,1,1,1,1,53,Medium,NO,Academic Disengagement,Counselling Support,Monitor
STU_GUJ_004919,2024,SCH_013,Rajkot,Tribal,Female,ST,8,Medium,87.3,3.28,Medium,High,No,Graduate,No,Yes,No,No,4,Primary,Yes,1,0,0,0,31,Low,NO,Social Factor,Community Engagement,Low Priority
STU_GUJ_009175,2020,SCH_045,Dahod,Urban,Male,ST,5,Very Low,51.0,14.9,Medium,Medium,Yes,Illiterate,No,No,No,No,6,Graduate,Yes,0,0,1,1,34,Low,NO,Academic Disengagement,Counselling Support,Low Priority
STU_GUJ_008340,2020,SCH_006,Sabarkantha,Rural,Female,OBC,9,High,46.1,26.47,Low,High,Yes,Illiterate,No,Yes,No,No,3,Secondary,No,1,1,1,1,40,Low,NO,Academic Disengagement,Counselling Support,Low Priority
STU_GUJ_003287,2025,SCH_107,Vadodara,Rural,Female,OBC,4,Low,66.4,14.69,Medium,Low,No,Illiterate,Yes,No,Yes,No,4,Illiterate,No,1,0,1,1,40,Low,NO,Academic Disengagement,Counselling Support,Low Priority
STU_GUJ_004699,2024,SCH_038,Kutch,Urban,Male,SC,12,Low,57.8,3.28,Medium,Medium,Yes,Primary,No,No,No,No,6,Illiterate,No,1,1,0,1,39,Low,NO,Academic Disengagement,Counselling Support,Low Priority
STU_GUJ_009377,2020,SCH_168,Kutch,Rural,Female,General,5,Low,63.1,24.85,Medium,Medium,Yes,Secondary,Yes,Yes,No,No,5,Primary,Yes,0,0,1,1,31,Low,NO,Academic Disengagement,Counselling Support,Low Priority
STU_GUJ_005913,2019,SCH_178,Surat,Urban,Male,General,7,Very Low,83.7,15.53,High,Low,Yes,Primary,Yes,Yes,Yes,No,3,Primary,No,0,0,1,0,31,Low,NO,Travel Constraint,Provide Transport,Low Priority
STU_GUJ_001375,2022,SCH_018,Mehsana,Urban,Male,OBC,7,Medium,86.8,14.19,Low,Medium,No,Secondary,Yes,Yes,No,No,7,Primary,No,0,0,1,0,32,Low,NO,Travel Constraint,Provide Transport,Low Priority
STU_GUJ_010715,2023,SCH_041,Navsari,Urban,Female,OBC,9,High,50.0,3.65,Low,Medium,No,Illiterate,No,No,No,No,2,Illiterate,No,0,1,0,1,34,Low,NO,Academic Disengagement,Counselling Support,Low Priority
STU_GUJ_008877,2019,SCH_051,Morbi,Urban,Male,General,2,Low,43.7,6.73,Medium,Medium,Yes,Primary,No,Yes,Yes,No,2,Graduate,Yes,0,0,1,1,33,Low,NO,Academic Disengagement,Counselling Support,Low Priority
STU_GUJ_010428,2024,SCH_022,Ahmedabad,Rural,Female,General,11,Very Low,84.5,25.36,Medium,High,Yes,Illiterate,Yes,No,No,Yes,8,Secondary,No,0,1,1,0,43,Medium,NO,Travel Constraint,Provide Transport,Monitor
STU_GUJ_011852,2022,SCH_077,Bharuch,Tribal,Male,General,10,Low,68.6,23.09,High,Medium,Yes,Graduate,Yes,No,No,No,8,Primary,Yes,1,1,1,1,42,Medium,NO,Academic Disengagement,Counselling Support,Monitor
STU_GUJ_000011,2025,SCH_098,Banaskantha,Urban,Female,ST,4,Low,42.3,6.9,Medium,Low,Yes,Primary,No,Yes,Yes,No,5,Primary,No,0,0,1,1,36,Low,NO,Academic Disengagement,Counselling Support,Low Priority
STU_GUJ_004794,2023,SCH_106,Dahod,Urban,Female,OBC,10,Medium,43.9,14.13,High,Low,Yes,Illiterate,Yes,Yes,Yes,No,4,Illiterate,No,1,1,1,1,70,Medium,NO,Academic Disengagement,Counselling Support,Monitor
STU_GUJ_002440,2023,SCH_073,Dahod,Rural,Male,SC,12,Medium,99.1,3.6,Low,High,Yes,Secondary,Yes,Yes,Yes,No,5,Primary,Yes,0,1,0,0,38,Low,NO,Social Factor,Community Engagement,Low Priority
STU_GUJ_001427,2019,SCH_043,Dahod,Tribal,Male,OBC,4,Medium,91.9,13.86,Low,Medium,No,Primary,No,Yes,No,No,7,Primary,Yes,0,0,1,0,28,Low,NO,Travel Constraint,Provide Transport,Low Priority
STU_GUJ_009694,2025,SCH_133,Valsad,Rural,Female,General,5,Medium,46.1,23.97,Medium,Low,Yes,Primary,No,Yes,No,No,6,Secondary,Yes,0,0,1,1,39,Low,NO,Academic Disengagement,Counselling Support,Low Priority
STU_GUJ_006054,2022,SCH_044,Valsad,Rural,Male,OBC,1,Low,83.7,13.7,Medium,High,No,Primary,Yes,No,No,Yes,6,Illiterate,No,1,0,1,0,19,Low,NO,Travel Constraint,Provide Transport,Low Priority
STU_GUJ_009574,2023,SCH_006,Banaskantha,Rural,Female,SC,5,Low,75.0,22.08,High,Low,Yes,Primary,Yes,Yes,No,No,8,Graduate,No,0,0,1,0,25,Low,NO,Travel Constraint,Provide Transport,Low Priority
STU_GUJ_000719,2021,SCH_080,Anand,Tribal,Female,OBC,12,Low,75.7,16.22,Medium,High,Yes,Graduate,No,No,No,No,6,Illiterate,No,1,1,1,0,38,Low,NO,Travel Constraint,Provide Transport,Low Priority
STU_GUJ_004534,2021,SCH_107,Valsad,Urban,Male,OBC,9,Low,51.9,22.11,Medium,Low,Yes,Primary,Yes,Yes,Yes,No,3,Graduate,No,1,1,1,1,48,Medium,NO,Academic Disengagement,Counselling Support,Monitor
STU_GUJ_010658,2021,SCH_120,Bhavnagar,Tribal,Female,ST,3,High,71.3,2.45,Low,Medium,Yes,Graduate,Yes,No,No,No,3,Primary,No,1,0,0,0,28,Low,NO,Social Factor,Community Engagement,Low Priority
STU_GUJ_005688,2020,SCH_130,Kutch,Urban,Male,ST,5,High,78.3,16.28,Low,Medium,No,Primary,No,Yes,Yes,No,6,Secondary,Yes,0,0,1,0,23,Low,NO,Travel Constraint,Provide Transport,Low Priority
STU_GUJ_000736,2025,SCH_112,Gandhinagar,Rural,Male,OBC,11,Low,69.1,3.7,Low,High,No,Primary,Yes,No,No,Yes,4,Primary,No,1,1,0,1,48,Medium,NO,Academic Disengagement,Counselling Support,Monitor
STU_GUJ_006476,2023,SCH_024,Anand,Urban,Female,OBC,2,Medium,77.1,5.57,Low,Medium,Yes,Primary,No,Yes,No,No,2,Illiterate,No,0,0,1,0,19,Low,NO,Travel Constraint,Provide Transport,Low Priority
STU_GUJ_003525,2024,SCH_070,Patan,Urban,Female,General,12,Low,78.5,6.55,Medium,Low,Yes,Graduate,No,No,No,Yes,2,Secondary,No,0,1,1,0,25,Low,NO,Travel Constraint,Provide Transport,Low Priority
STU_GUJ_007890,2023,SCH_069,Surat,Rural,Female,General,1,Medium,95.5,3.55,High,Low,Yes,Primary,Yes,Yes,No,No,7,Illiterate,No,0,0,0,0,21,Low,NO,Social Factor,Community Engagement,Low Priority
STU_GUJ_002141,2024,SCH_128,Navsari,Tribal,Female,General,2,Low,79.4,13.49,High,High,No,Graduate,Yes,Yes,Yes,No,6,Primary,No,1,0,1,0,28,Low,NO,Travel Constraint,Provide Transport,Low Priority
STU_GUJ_005158,2021,SCH_175,Valsad,Rural,Female,OBC,11,Low,86.5,17.93,High,Medium,Yes,Secondary,No,Yes,No,No,2,Primary,No,0,1,1,0,46,Medium,NO,Travel Constraint,Provide Transport,Monitor
STU_GUJ_004767,2019,SCH_116,Amreli,Rural,Female,SC,7,Very Low,41.0,0.19,High,Low,No,Illiterate,Yes,Yes,No,No,8,Primary,No,0,0,0,1,33,Low,NO,Academic Disengagement,Counselling Support,Low Priority
STU_GUJ_000910,2023,SCH_080,Sabarkantha,Urban,Female,OBC,8,Medium,72.2,14.13,Medium,Low,No,Graduate,Yes,Yes,Yes,No,6,Primary,No,0,0,1,0,26,Low,NO,Travel Constraint,Provide Transport,Low Priority
STU_GUJ_004521,2023,SCH_119,Bharuch,Rural,Female,ST,10,High,78.0,24.75,Medium,Medium,Yes,Secondary,Yes,Yes,No,No,5,Primary,Yes,0,1,1,0,38,Low,NO,Travel Constraint,Provide Transport,Low Priority
STU_GUJ_000497,2019,SCH_017,Junagadh,Urban,Female,ST,4,High,76.6,9.42,High,Low,Yes,Illiterate,No,No,Yes,No,7,Primary,No,0,0,1,0,33,Low,NO,Travel Constraint,Provide Transport,Low Priority
STU_GUJ_009587,2025,SCH_161,Bharuch,Rural,Male,OBC,8,Very Low,78.3,3.93,High,Medium,No,Illiterate,Yes,Yes,No,No,8,Secondary,Yes,1,0,0,0,19,Low,NO,Economic Pressure,Provide Scholarship,Low Priority
STU_GUJ_005305,2024,SCH_031,Ahmedabad,Rural,Female,General,4,Very Low,59.4,1.21,Medium,High,Yes,Illiterate,No,No,Yes,No,3,Primary,Yes,0,0,0,1,52,Medium,NO,Academic Disengagement,Counselling Support,Monitor
STU_GUJ_011831,2019,SCH_090,Junagadh,Tribal,Male,General,5,Low,41.9,27.48,Low,Medium,No,Primary,Yes,Yes,No,No,3,Secondary,No,0,0,1,1,24,Low,NO,Academic Disengagement,Counselling Support,Low Priority
STU_GUJ_006877,2021,SCH_029,Kutch,Tribal,Female,ST,7,Medium,56.2,11.05,Low,Medium,No,Secondary,Yes,No,No,No,7,Illiterate,No,1,0,1,1,54,Medium,NO,Academic Disengagement,Counselling Support,Monitor
STU_GUJ_001207,2020,SCH_074,Bhavnagar,Urban,Male,SC,4,Very Low,98.1,14.27,Low,Low,No,Illiterate,Yes,Yes,No,No,7,Primary,No,0,0,1,0,38,Low,NO,Travel Constraint,Provide Transport,Low Priority
STU_GUJ_007177,2022,SCH_147,Sabarkantha,Rural,Male,OBC,4,Low,58.5,7.01,Medium,Low,No,Graduate,No,No,Yes,No,3,Graduate,No,1,0,1,1,35,Low,NO,Academic Disengagement,Counselling Support,Low Priority
STU_GUJ_004296,2023,SCH_077,Sabarkantha,Rural,Female,SC,6,Low,51.7,21.86,Medium,Medium,No,Illiterate,Yes,No,No,No,5,Illiterate,No,0,0,1,1,37,Low,NO,Academic Disengagement,Counselling Support,Low Priority
STU_GUJ_007654,2020,SCH_017,Dahod,Rural,Female,SC,4,Medium,59.0,5.59,Low,Low,No,Secondary,Yes,No,No,No,5,Secondary,No,1,0,1,1,34,Low,NO,Academic Disengagement,Counselling Support,Low Priority
STU_GUJ_001196,2024,SCH_163,Kutch,Tribal,Male,SC,6,Low,77.1,14.8,Medium,High,Yes,Primary,Yes,Yes,No,No,8,Primary,Yes,1,0,1,0,26,Low,NO,Travel Constraint,Provide Transport,Low Priority
STU_GUJ_011878,2023,SCH_174,Navsari,Urban,Female,General,11,High,67.3,22.44,Low,High,Yes,Secondary,Yes,Yes,No,No,4,Secondary,No,0,1,1,1,54,Medium,NO,Academic Disengagement,Counselling Support,Monitor
STU_GUJ_005422,2021,SCH_090,Jamnagar,Rural,Male,General,3,High,51.3,23.93,Medium,Low,No,Primary,Yes,No,Yes,No,6,Primary,No,0,0,1,1,41,Medium,NO,Academic Disengagement,Counselling Support,Monitor
STU_GUJ_003856,2021,SCH_149,Vadodara,Tribal,Female,General,5,High,97.8,13.57,Low,Low,No,Graduate,No,Yes,Yes,No,3,Primary,No,0,0,1,0,26,Low,NO,Travel Constraint,Provide Transport,Low Priority
STU_GUJ_004415,2019,SCH_084,Amreli,Rural,Male,ST,8,Low,85.3,22.85,High,Medium,No,Illiterate,No,Yes,No,Yes,5,Illiterate,Yes,1,0,1,0,20,Low,NO,Travel Constraint,Provide Transport,Low Priority
