Academic_Year,School_ID,District,Area_Type,Gender,Caste_Category,Standard,Family_Income_Level,Attendance_Rate,Distance_To_School_km,Academic_Performance,Student_Interest_Level,Transport_Available,Parental_Education,Midday_Meal,Internet_Access,Working_Student,Disability_Status,Family_Size,Mother_Education,Scholarship_Status,Secondary_Level,Far_Distance,Low_Attendance,Risk_Score,Risk_Category,Alert_Flag,Dropout_Reason,Recommended_Action,Priority_Level
2023,SCH_048,Dahod,Rural,Male,General,10,Low,95.6,20.58,Low,High,Yes,Secondary,Yes,Yes,No,No,6,Primary,No,1,1,0,30,Low,NO,Travel Constraint,Provide Transport,Low Priority
2022,SCH_046,Dahod,Urban,Female,SC,5,Low,55.3,1.51,Low,Medium,Yes,Secondary,No,Yes,No,No,4,Graduate,Yes,0,0,1,16,Low,NO,Academic Disengagement,Counselling Support,Low Priority
2021,SCH_007,Bharuch,Rural,Female,SC,7,Medium,58.3,25.5,High,Medium,Yes,Primary,Yes,No,Yes,No,4,Illiterate,Yes,0,1,1,47,Medium,NO,Academic Disengagement,Counselling Support,Monitor
2022,SCH_126,Navsari,Rural,Female,SC,12,Low,85.6,20.12,Medium,Medium,Yes,Primary,No,Yes,Yes,No,7,Secondary,No,1,1,0,37,Low,NO,Travel Constraint,Provide Transport,Low Priority
2024,SCH_147,Dahod,Rural,Female,ST,1,Low,79.0,22.06,High,Low,Yes,Secondary,Yes,Yes,No,No,5,Illiterate,Yes,0,1,0,40,Low,NO,Travel Constraint,Provide Transport,Low Priority
2019,SCH_172,Patan,Rural,Female,SC,6,Low,44.0,16.14,Low,Medium,No,Primary,Yes,Yes,No,No,8,Illiterate,No,0,1,1,37,Low,NO,Academic Disengagement,Counselling Support,Low Priority
2024,SCH_178,Kutch,Rural,Female,OBC,2,Low,87.4,4.87,Medium,Medium,No,Primary,No,No,Yes,No,4,Primary,Yes,0,0,0,36,Low,NO,Social Factor,Community Engagement,Low Priority
2021,SCH_080,Junagadh,Rural,Male,General,4,Very Low,46.7,1.0,High,Medium,No,Illiterate,Yes,Yes,No,No,2,Secondary,Yes,0,0,1,28,Low,NO,Academic Disengagement,Counselling Support,Low Priority
2024,SCH_060,Anand,Rural,Female,OBC,8,Medium,81.3,19.19,High,Low,Yes,Secondary,No,Yes,No,No,7,Primary,No,0,1,0,24,Low,NO,Travel Constraint,Provide Transport,Low Priority
2019,SCH_110,Anand,Rural,Male,General,2,Medium,89.7,16.26,Low,Low,Yes,Illiterate,Yes,Yes,No,No,5,Primary,No,0,1,0,15,Low,NO,Travel Constraint,Provide Transport,Low Priority
2024,SCH_157,Patan,Tribal,Female,OBC,11,Very Low,43.4,3.83,Medium,Medium,No,Primary,Yes,Yes,No,No,3,Primary,Yes,1,0,1,54,Medium,NO,Academic Disengagement,Counselling Support,Monitor
2024,SCH_160,Kutch,Rural,Male,SC,2,Medium,98.3,16.54,Medium,High,No,Illiterate,Yes,Yes,No,No,2,Primary,Yes,0,1,0,22,Low,NO,Travel Constraint,Provide Transport,Low Priority
2025,SCH_101,Surat,Urban,Female,OBC,2,Low,92.6,5.98,Medium,Low,Yes,Illiterate,Yes,Yes,No,No,3,Primary,No,0,1,0,18,Low,NO,Travel Constraint,Provide Transport,Low Priority
2025,SCH_144,Banaskantha,Rural,Female,OBC,4,Medium,86.1,9.09,Medium,High,Yes,Illiterate,No,No,No,No,2,Secondary,Yes,0,1,0,24,Low,NO,Travel Constraint,Provide Transport,Low Priority
2019,SCH_040,Navsari,Rural,Male,OBC,5,High,78.2,25.26,Medium,Low,No,Illiterate,No,No,No,No,2,Secondary,No,0,1,0,23,Low,NO,Travel Constraint,Provide Transport,Low Priority
2024,SCH_096,Bharuch,Urban,Male,OBC,11,Very Low,57.1,21.64,Low,Low,No,Illiterate,Yes,No,Yes,No,5,Graduate,Yes,1,1,1,56,Medium,NO,Academic Disengagement,Counselling Support,Monitor
2021,SCH_071,Sabarkantha,Urban,Male,OBC,10,Medium,67.1,4.11,Medium,Medium,Yes,Primary,Yes,Yes,No,No,6,Secondary,Yes,1,0,1,30,Low,NO,Academic Disengagement,Counselling Support,Low Priority
2019,SCH_159,Bhavnagar,Urban,Male,OBC,2,Low,64.8,22.97,High,High,Yes,Illiterate,No,Yes,No,No,3,Primary,No,0,1,1,34,Low,NO,Academic Disengagement,Counselling Support,Low Priority
2024,SCH_047,Amreli,Rural,Female,General,6,Very Low,46.2,27.59,Medium,High,No,Primary,Yes,Yes,Yes,No,7,Illiterate,No,0,1,1,41,Medium,NO,Academic Disengagement,Counselling Support,Monitor
2025,SCH_155,Amreli,Tribal,Female,General,2,High,41.9,2.19,Medium,Medium,No,Primary,Yes,Yes,No,No,4,Illiterate,No,0,0,1,28,Low,NO,Academic Disengagement,Counselling Support,Low Priority
2025,SCH_069,Patan,Urban,Male,General,11,Very Low,75.5,27.91,Low,Medium,No,Secondary,Yes,No,No,No,2,Secondary,Yes,1,1,0,43,Medium,NO,Travel Constraint,Provide Transport,Monitor
2019,SCH_146,Navsari,Rural,Female,SC,9,High,52.9,0.15,High,High,No,Illiterate,No,No,No,No,5,Secondary,No,1,0,1,46,Medium,NO,Academic Disengagement,Counselling Support,Monitor
2022,SCH_138,Valsad,Urban,Female,General,5,Medium,73.4,8.98,Medium,Medium,Yes,Illiterate,No,No,No,No,2,Secondary,No,0,1,0,22,Low,NO,Travel Constraint,Provide Transport,Low Priority
2019,SCH_047,Kutch,Tribal,Male,SC,8,High,61.7,7.59,Medium,Medium,No,Primary,Yes,No,No,Yes,4,Illiterate,Yes,0,1,1,44,Medium,NO,Academic Disengagement,Counselling Support,Monitor
2019,SCH_141,Valsad,Tribal,Female,SC,4,High,82.4,20.14,Medium,Low,Yes,Illiterate,Yes,Yes,No,Yes,5,Primary,Yes,0,1,0,22,Low,NO,Travel Constraint,Provide Transport,Low Priority
2025,SCH_141,Gandhinagar,Rural,Male,SC,7,Medium,85.9,10.98,Low,Medium,No,Primary,Yes,No,No,No,5,Illiterate,Yes,0,1,0,20,Low,NO,Travel Constraint,Provide Transport,Low Priority
2023,SCH_125,Surat,Rural,Male,OBC,8,Very Low,56.8,3.41,Medium,Medium,Yes,Secondary,Yes,No,No,Yes,8,Illiterate,No,0,0,1,28,Low,NO,Academic Disengagement,Counselling Support,Low Priority
2024,SCH_008,Gandhinagar,Tribal,Female,OBC,7,Medium,90.8,6.43,Medium,High,Yes,Graduate,Yes,Yes,No,No,3,Secondary,Yes,0,1,0,30,Low,NO,Travel Constraint,Provide Transport,Low Priority
2023,SCH_048,Mehsana,Urban,Female,General,3,High,75.2,2.83,Low,High,Yes,Secondary,No,No,No,No,7,Graduate,No,0,0,0,20,Low,NO,Social Factor,Community Engagement,Low Priority
2021,SCH_126,Dahod,Rural,Male,ST,4,Low,96.6,17.18,High,Medium,No,Secondary,Yes,No,No,No,4,Secondary,No,0,1,0,15,Low,NO,Travel Constraint,Provide Transport,Low Priority
2025,SCH_180,Dahod,Urban,Female,OBC,8,Very Low,97.4,10.54,Low,Medium,Yes,Secondary,No,No,No,No,7,Secondary,Yes,0,1,0,37,Low,NO,Travel Constraint,Provide Transport,Low Priority
2024,SCH_048,Sabarkantha,Urban,Female,ST,2,High,59.5,7.27,Low,Low,Yes,Secondary,Yes,No,Yes,No,5,Illiterate,No,0,1,1,54,Medium,NO,Academic Disengagement,Counselling Support,Monitor
2024,SCH_028,Bharuch,Rural,Male,SC,5,Very Low,85.8,22.92,High,Medium,Yes,Primary,No,No,No,No,2,Illiterate,Yes,0,1,0,14,Low,NO,Travel Constraint,Provide Transport,Low Priority
2019,SCH_142,Anand,Tribal,Male,SC,3,High,72.8,14.45,Low,Medium,No,Primary,Yes,No,No,No,8,Illiterate,No,0,1,0,28,Low,NO,Travel Constraint,Provide Transport,Low Priority
2021,SCH_002,Banaskantha,Rural,Female,General,3,High,99.8,19.45,Medium,Medium,Yes,Graduate,Yes,No,Yes,No,3,Primary,No,0,1,0,34,Low,NO,Travel Constraint,Provide Transport,Low Priority
2019,SCH_007,Amreli,Rural,Male,General,11,Medium,49.7,9.36,High,Medium,Yes,Graduate,Yes,Yes,No,No,8,Secondary,No,1,1,1,38,Low,NO,Academic Disengagement,Counselling Support,Low Priority
2023,SCH_067,Surat,Rural,Female,OBC,4,Medium,68.2,16.27,High,High,Yes,Secondary,Yes,Yes,No,No,2,Primary,No,0,1,1,26,Low,NO,Academic Disengagement,Counselling Support,Low Priority
2023,SCH_106,Navsari,Rural,Male,SC,4,Low,53.1,5.29,Medium,Medium,Yes,Illiterate,Yes,No,Yes,No,2,Secondary,Yes,0,1,1,36,Low,NO,Academic Disengagement,Counselling Support,Low Priority
2025,SCH_047,Kutch,Urban,Female,OBC,11,Low,46.5,2.3,Low,High,No,Illiterate,Yes,Yes,No,No,6,Secondary,Yes,1,0,1,40,Low,NO,Academic Disengagement,Counselling Support,Low Priority
2024,SCH_112,Vadodara,Rural,Female,ST,8,High,82.1,8.51,Low,Medium,Yes,Primary,Yes,Yes,No,No,4,Primary,Yes,0,1,0,38,Low,NO,Travel Constraint,Provide Transport,Low Priority
2019,SCH_080,Bharuch,Rural,Male,General,10,High,99.1,23.17,Low,High,No,Primary,No,Yes,Yes,No,5,Primary,No,1,1,0,50,Medium,NO,Travel Constraint,Provide Transport,Monitor
2023,SCH_102,Banaskantha,Rural,Female,OBC,3,Very Low,96.4,16.79,Medium,Medium,No,Secondary,Yes,Yes,No,Yes,5,Illiterate,Yes,0,1,0,38,Low,NO,Travel Constraint,Provide Transport,Low Priority
2019,SCH_160,Junagadh,Urban,Female,ST,2,Medium,48.2,27.03,High,Low,No,Secondary,Yes,No,No,No,4,Primary,Yes,0,1,1,34,Low,NO,Academic Disengagement,Counselling Support,Low Priority
2019,SCH_034,Bhavnagar,Urban,Female,OBC,12,Low,48.2,19.53,High,Low,Yes,Primary,Yes,No,No,No,2,Secondary,Yes,1,1,1,44,Medium,NO,Academic Disengagement,Counselling Support,Monitor
2025,SCH_035,Dahod,Urban,Female,General,6,Very Low,57.5,14.04,High,Medium,Yes,Illiterate,Yes,Yes,No,Yes,8,Secondary,No,0,1,1,44,Medium,NO,Academic Disengagement,Counselling Support,Monitor
2024,SCH_115,Bhavnagar,Rural,Male,General,12,Low,89.5,9.57,Low,Low,Yes,Primary,Yes,Yes,No,No,4,Illiterate,No,1,1,0,45,Medium,NO,Travel Constraint,Provide Transport,Monitor
2021,SCH_163,Valsad,Rural,Female,General,8,High,52.7,27.73,High,Medium,Yes,Illiterate,Yes,Yes,No,No,7,Illiterate,No,0,1,1,33,Low,NO,Academic Disengagement,Counselling Support,Low Priority
2023,SCH_053,Junagadh,Urban,Male,General,8,Low,69.2,14.71,High,High,No,Primary,Yes,Yes,No,No,2,Graduate,Yes,0,1,1,23,Low,NO,Academic Disengagement,Counselling Support,Low Priority
2020,SCH_120,Sabarkantha,Urban,Male,SC,2,Low,42.3,25.24,Medium,Medium,Yes,Primary,No,Yes,No,Yes,2,Primary,No,0,1,1,26,Low,NO,Academic Disengagement,Counselling Support,Low Priority
2020,SCH_164,Dahod,Urban,Female,SC,4,High,98.8,4.1,Medium,High,Yes,Primary,Yes,No,No,No,2,Primary,Yes,0,0,0,22,Low,NO,Social Factor,Community Engagement,Low Priority
2022,SCH_007,Kutch,Urban,Female,General,8,Very Low,90.4,26.42,High,Medium,Yes,Primary,Yes,Yes,No,No,3,Primary,No,0,1,0,21,Low,NO,Travel Constraint,Provide Transport,Low Priority
2021,SCH_118,Jamnagar,Tribal,Male,OBC,10,Low,68.7,7.33,Medium,Medium,No,Secondary,Yes,No,Yes,No,6,Illiterate,No,1,1,1,54,Medium,NO,Academic Disengagement,Counselling Support,Monitor
2021,SCH_031,Vadodara,Tribal,Male,OBC,6,Low,52.0,27.18,Low,Low,Yes,Secondary,No,No,No,Yes,5,Secondary,No,0,1,1,51,Medium,NO,Academic Disengagement,Counselling Support,Monitor
2025,SCH_035,Junagadh,Rural,Female,OBC,10,Low,91.3,26.73,Medium,High,No,Illiterate,Yes,No,No,No,6,Illiterate,No,1,1,0,41,Medium,NO,Travel Constraint,Provide Transport,Monitor
2020,SCH_102,Sabarkantha,Urban,Male,General,2,Low,48.8,16.37,Medium,Medium,Yes,Illiterate,Yes,No,Yes,No,3,Secondary,Yes,0,1,1,21,Low,NO,Academic Disengagement,Counselling Support,Low Priority
2024,SCH_007,Surat,Rural,Female,OBC,12,High,65.0,13.57,Low,Medium,No,Illiterate,No,No,No,No,5,Illiterate,No,1,1,1,62,Medium,NO,Academic Disengagement,Counselling Support,Monitor
2022,SCH_050,Patan,Urban,Male,OBC,8,Low,64.6,0.39,Medium,Medium,Yes,Secondary,Yes,Yes,Yes,No,8,Secondary,No,0,0,1,40,Low,NO,Academic Disengagement,Counselling Support,Low Priority
2022,SCH_075,Sabarkantha,Tribal,Female,OBC,5,Very Low,87.2,10.5,Medium,High,No,Primary,Yes,No,No,No,6,Graduate,No,0,1,0,19,Low,NO,Travel Constraint,Provide Transport,Low Priority
2022,SCH_179,Amreli,Tribal,Female,General,9,Low,56.2,3.02,High,High,Yes,Secondary,Yes,No,No,No,8,Graduate,No,1,0,1,45,Medium,NO,Academic Disengagement,Counselling Support,Monitor
2022,SCH_056,Bhavnagar,Urban,Female,OBC,1,Low,77.5,20.28,High,Medium,No,Secondary,No,No,Yes,No,4,Secondary,No,0,1,0,32,Low,NO,Travel Constraint,Provide Transport,Low Priority
2023,SCH_105,Navsari,Tribal,Female,OBC,2,High,50.1,3.82,Medium,Low,Yes,Primary,Yes,Yes,No,No,7,Secondary,No,0,0,1,28,Low,NO,Academic Disengagement,Counselling Support,Low Priority
2022,SCH_067,Morbi,Tribal,Male,General,4,Very Low,82.7,0.81,Low,Medium,No,Illiterate,No,No,No,No,8,Primary,Yes,0,0,0,12,Low,NO,Economic Pressure,Provide Scholarship,Low Priority
2019,SCH_013,Rajkot,Urban,Female,General,4,Medium,40.2,21.69,Low,Low,No,Secondary,Yes,Yes,Yes,No,2,Secondary,No,0,1,1,48,Medium,NO,Academic Disengagement,Counselling Support,Monitor
2022,SCH_093,Dahod,Rural,Male,General,6,High,61.6,3.72,Medium,Medium,Yes,Secondary,Yes,Yes,No,No,8,Illiterate,Yes,0,0,1,31,Low,NO,Academic Disengagement,Counselling Support,Low Priority
2021,SCH_064,Rajkot,Tribal,Male,OBC,1,Very Low,54.0,14.48,High,Low,Yes,Secondary,Yes,Yes,No,No,5,Graduate,No,0,1,1,51,Medium,NO,Academic Disengagement,Counselling Support,Monitor
2022,SCH_091,Dahod,Rural,Female,General,12,Medium,83.5,16.08,Medium,Medium,Yes,Graduate,No,No,No,Yes,8,Illiterate,No,1,1,0,28,Low,NO,Travel Constraint,Provide Transport,Low Priority
2025,SCH_065,Bhavnagar,Urban,Female,General,7,High,81.1,15.7,Medium,Medium,No,Secondary,Yes,No,No,No,6,Secondary,No,0,1,0,24,Low,NO,Travel Constraint,Provide Transport,Low Priority
2020,SCH_143,Kutch,Urban,Male,ST,9,High,59.9,8.21,Low,Low,Yes,Graduate,No,Yes,No,No,3,Primary,No,1,1,1,54,Medium,NO,Academic Disengagement,Counselling Support,Monitor
2020,SCH_102,Bhavnagar,Rural,Male,SC,2,High,67.4,18.87,Medium,High,Yes,Illiterate,Yes,No,Yes,No,6,Secondary,No,0,1,1,42,Medium,NO,Academic Disengagement,Counselling Support,Monitor
2022,SCH_060,Jamnagar,Rural,Female,General,5,Low,54.0,18.42,Medium,Medium,Yes,Illiterate,Yes,No,No,No,4,Secondary,Yes,0,1,1,36,Low,NO,Academic Disengagement,Counselling Support,Low Priority
2024,SCH_017,Jamnagar,Tribal,Male,General,8,Medium,46.6,18.63,Low,Medium,No,Primary,Yes,Yes,No,No,6,Illiterate,No,0,1,1,48,Medium,NO,Academic Disengagement,Counselling Support,Monitor
2024,SCH_117,Bhavnagar,Rural,Female,OBC,3,Medium,47.8,23.38,Low,Low,No,Illiterate,No,No,Yes,No,2,Primary,Yes,0,1,1,66,Medium,NO,Academic Disengagement,Counselling Support,Monitor
2019,SCH_085,Kutch,Rural,Female,OBC,9,Medium,66.6,0.44,Low,High,Yes,Illiterate,No,Yes,Yes,No,5,Graduate,No,1,0,1,54,Medium,NO,Academic Disengagement,Counselling Support,Monitor
2019,SCH_016,Bharuch,Tribal,Male,General,2,High,90.5,2.36,Medium,Medium,No,Primary,Yes,No,No,No,6,Primary,No,0,0,0,17,Low,NO,Social Factor,Community Engagement,Low Priority
2019,SCH_012,Amreli,Urban,Male,SC,2,High,82.1,3.04,Medium,Medium,No,Illiterate,Yes,No,No,No,2,Primary,No,0,0,0,12,Low,NO,Social Factor,Community Engagement,Low Priority
2019,SCH_126,Dahod,Rural,Female,OBC,3,Medium,66.8,5.75,High,Medium,No,Illiterate,Yes,No,No,No,3,Secondary,Yes,0,1,1,26,Low,NO,Academic Disengagement,Counselling Support,Low Priority
2019,SCH_031,Navsari,Urban,Female,ST,3,Very Low,93.1,9.39,Medium,Medium,Yes,Primary,Yes,No,No,Yes,4,Primary,No,0,1,0,30,Low,NO,Travel Constraint,Provide Transport,Low Priority
2023,SCH_078,Mehsana,Rural,Male,OBC,8,Medium,69.2,6.41,Medium,High,No,Graduate,Yes,Yes,No,No,3,Illiterate,Yes,0,1,1,37,Low,NO,Academic Disengagement,Counselling Support,Low Priority
2022,SCH_127,Patan,Urban,Male,OBC,2,High,83.2,10.54,Low,Medium,Yes,Secondary,No,No,No,No,4,Primary,No,0,1,0,17,Low,NO,Travel Constraint,Provide Transport,Low Priority
2025,SCH_070,Gandhinagar,Rural,Female,SC,3,Low,89.3,12.94,High,Medium,No,Secondary,Yes,No,No,Yes,8,Illiterate,Yes,0,1,0,24,Low,NO,Travel Constraint,Provide Transport,Low Priority
2023,SCH_103,Bharuch,Urban,Male,OBC,4,Medium,60.0,19.74,Low,Low,No,Graduate,No,Yes,No,No,2,Secondary,Yes,0,1,1,25,Low,NO,Academic Disengagement,Counselling Support,Low Priority
2024,SCH_120,Patan,Urban,Male,General,10,Very Low,44.8,17.67,Low,Medium,No,Secondary,No,No,No,No,3,Illiterate,Yes,1,1,1,53,Medium,NO,Academic Disengagement,Counselling Support,Monitor
2024,SCH_058,Patan,Tribal,Female,General,3,Medium,55.7,3.19,Medium,Low,Yes,Secondary,Yes,No,No,No,4,Primary,No,0,0,1,45,Medium,NO,Academic Disengagement,Counselling Support,Monitor
2020,SCH_122,Patan,Tribal,Male,ST,5,High,58.5,23.34,Medium,Low,Yes,Primary,Yes,No,No,No,2,Primary,No,0,1,1,38,Low,NO,Academic Disengagement,Counselling Support,Low Priority
2019,SCH_035,Bhavnagar,Urban,Female,OBC,4,Medium,98.4,12.61,Low,Medium,Yes,Illiterate,No,No,Yes,No,5,Illiterate,No,0,1,0,16,Low,NO,Travel Constraint,Provide Transport,Low Priority
2023,SCH_081,Sabarkantha,Rural,Female,SC,11,Low,74.3,2.6,Low,Medium,No,Graduate,Yes,Yes,No,No,4,Primary,No,1,0,0,32,Low,NO,Social Factor,Community Engagement,Low Priority
2021,SCH_176,Patan,Tribal,Male,ST,4,Low,40.9,12.86,Medium,Medium,Yes,Secondary,Yes,No,No,No,3,Primary,Yes,0,1,1,39,Low,NO,Academic Disengagement,Counselling Support,Low Priority
2020,SCH_058,Ahmedabad,Urban,Female,SC,2,Medium,87.9,11.98,Medium,Low,Yes,Illiterate,Yes,No,No,No,5,Secondary,No,0,1,0,18,Low,NO,Travel Constraint,Provide Transport,Low Priority
2023,SCH_146,Sabarkantha,Rural,Female,OBC,7,Low,55.2,2.6,Low,Medium,Yes,Graduate,No,No,Yes,No,6,Secondary,No,0,0,1,31,Low,NO,Academic Disengagement,Counselling Support,Low Priority
2022,SCH_138,Bharuch,Rural,Female,OBC,5,Low,56.0,4.49,Low,Low,No,Primary,Yes,Yes,Yes,No,2,Illiterate,No,0,0,1,42,Medium,NO,Academic Disengagement,Counselling Support,Monitor
2019,SCH_069,Bharuch,Rural,Male,OBC,9,Medium,71.0,13.61,Medium,Low,No,Secondary,Yes,Yes,No,No,7,Secondary,No,1,1,0,33,Low,NO,Travel Constraint,Provide Transport,Low Priority
2025,SCH_176,Vadodara,Rural,Female,OBC,9,Very Low,46.9,0.15,Low,Medium,Yes,Primary,Yes,No,No,Yes,7,Primary,No,1,0,1,36,Low,NO,Academic Disengagement,Counselling Support,Low Priority
2023,SCH_170,Mehsana,Rural,Male,OBC,6,Medium,84.7,26.3,Medium,Medium,No,Primary,No,Yes,No,No,6,Secondary,Yes,0,1,0,18,Low,NO,Travel Constraint,Provide Transport,Low Priority
2022,SCH_111,Navsari,Rural,Male,ST,6,Medium,67.3,27.32,High,High,Yes,Illiterate,No,No,No,No,4,Primary,Yes,0,1,1,41,Medium,NO,Academic Disengagement,Counselling Support,Monitor
2023,SCH_003,Rajkot,Rural,Female,OBC,9,Medium,75.8,27.36,Medium,High,No,Illiterate,No,No,No,Yes,6,Graduate,No,1,1,0,51,Medium,NO,Travel Constraint,Provide Transport,Monitor
2021,SCH_100,Jamnagar,Tribal,Female,OBC,1,Low,66.4,0.91,High,Medium,Yes,Graduate,Yes,Yes,Yes,No,4,Illiterate,No,0,0,1,37,Low,NO,Academic Disengagement,Counselling Support,Low Priority
2019,SCH_033,Jamnagar,Rural,Female,OBC,1,High,45.7,18.83,Medium,Medium,Yes,Primary,Yes,Yes,No,No,5,Illiterate,No,0,1,1,40,Low,NO,Academic Disengagement,Counselling Support,Low Priority
2024,SCH_097,Patan,Rural,Male,OBC,7,Medium,63.1,1.87,Low,Low,Yes,Primary,No,No,No,No,4,Primary,No,0,0,1,32,Low,NO,Academic Disengagement,Counselling Support,Low Priority
2023,SCH_058,Sabarkantha,Urban,Female,ST,10,Low,59.3,2.09,Medium,Medium,No,Secondary,No,No,No,No,5,Illiterate,No,1,0,1,52,Medium,NO,Academic Disengagement,Counselling Support,Monitor
2023,SCH_071,Ahmedabad,Rural,Female,SC,4,Medium,58.1,11.46,Medium,Medium,No,Graduate,No,No,No,No,8,Secondary,No,0,1,1,28,Low,NO,Academic Disengagement,Counselling Support,Low Priority
2023,SCH_030,Bhavnagar,Tribal,Male,SC,7,Low,66.8,2.53,Medium,High,No,Primary,Yes,Yes,No,Yes,8,Illiterate,Yes,0,0,1,35,Low,NO,Academic Disengagement,Counselling Support,Low Priority
2021,SCH_113,Jamnagar,Rural,Female,ST,1,Very Low,74.1,11.91,High,Medium,Yes,Illiterate,Yes,No,Yes,No,7,Illiterate,No,0,1,0,49,Medium,NO,Travel Constraint,Provide Transport,Monitor
2025,SCH_179,Anand,Urban,Female,OBC,1,Medium,72.0,15.89,Low,High,Yes,Illiterate,Yes,Yes,No,No,7,Illiterate,No,0,1,0,49,Medium,NO,Travel Constraint,Provide Transport,Monitor
2024,SCH_033,Mehsana,Rural,Female,General,5,High,71.3,4.29,Medium,Medium,Yes,Primary,Yes,No,No,No,7,Primary,Yes,0,0,0,19,Low,NO,Social Factor,Community Engagement,Low Priority
2020,SCH_080,Banaskantha,Rural,Female,SC,11,High,96.6,23.25,Medium,Medium,Yes,Secondary,No,No,No,No,3,Illiterate,No,1,1,0,31,Low,NO,Travel Constraint,Provide Transport,Low Priority
2024,SCH_056,Bharuch,Rural,Female,SC,8,Low,53.4,5.05,Low,Low,No,Primary,Yes,No,No,No,2,Secondary,No,0,1,1,41,Medium,NO,Academic Disengagement,Counselling Support,Monitor
2025,SCH_018,Vadodara,Rural,Male,ST,10,High,77.4,22.24,High,Medium,No,Secondary,No,No,No,No,6,Illiterate,No,1,1,0,37,Low,NO,Travel Constraint,Provide Transport,Low Priority
2025,SCH_021,Rajkot,Urban,Female,OBC,1,Low,45.6,18.49,High,Medium,No,Graduate,Yes,Yes,No,No,4,Primary,No,0,1,1,19,Low,NO,Academic Disengagement,Counselling Support,Low Priority
2024,SCH_008,Bharuch,Urban,Female,OBC,6,Very Low,81.8,4.81,Low,High,No,Primary,No,Yes,No,No,5,Illiterate,No,0,0,0,18,Low,NO,Economic Pressure,Provide Scholarship,Low Priority
2021,SCH_058,Ahmedabad,Tribal,Male,ST,1,Low,91.2,16.65,Medium,Medium,Yes,Graduate,No,Yes,No,No,7,Illiterate,Yes,0,1,0,20,Low,NO,Travel Constraint,Provide Transport,Low Priority
2020,SCH_098,Rajkot,Rural,Male,OBC,2,High,98.8,13.13,Medium,Low,Yes,Illiterate,Yes,Yes,No,No,5,Secondary,Yes,0,1,0,18,Low,NO,Travel Constraint,Provide Transport,Low Priority
2019,SCH_050,Bhavnagar,Urban,Female,SC,7,Very Low,83.3,5.88,Medium,Medium,Yes,Primary,Yes,No,Yes,No,4,Secondary,Yes,0,1,0,22,Low,NO,Travel Constraint,Provide Transport,Low Priority
2020,SCH_010,Mehsana,Tribal,Male,OBC,12,High,75.6,12.23,Medium,High,No,Secondary,Yes,Yes,No,No,6,Primary,No,1,1,0,32,Low,NO,Travel Constraint,Provide Transport,Low Priority
2021,SCH_078,Sabarkantha,Tribal,Female,SC,2,Low,56.9,3.24,Medium,Medium,No,Secondary,Yes,Yes,No,No,5,Secondary,Yes,0,0,1,27,Low,NO,Academic Disengagement,Counselling Support,Low Priority
2020,SCH_059,Vadodara,Rural,Female,OBC,12,Low,76.7,11.35,High,Medium,No,Primary,Yes,No,No,No,3,Illiterate,No,1,1,0,43,Medium,NO,Travel Constraint,Provide Transport,Monitor
2022,SCH_097,Surat,Rural,Female,OBC,3,Very Low,98.4,3.19,Medium,Low,No,Illiterate,Yes,No,No,No,3,Primary,No,0,0,0,30,Low,NO,Economic Pressure,Provide Scholarship,Low Priority
2022,SCH_161,Junagadh,Urban,Female,General,10,Medium,52.0,23.82,Medium,Medium,Yes,Secondary,Yes,No,Yes,No,4,Illiterate,No,1,1,1,61,Medium,NO,Academic Disengagement,Counselling Support,Monitor
2019,SCH_026,Bhavnagar,Tribal,Female,General,8,Low,86.3,19.31,Medium,High,No,Primary,Yes,No,Yes,Yes,6,Graduate,Yes,0,1,0,47,Medium,NO,Travel Constraint,Provide Transport,Monitor
2024,SCH_078,Ahmedabad,Rural,Female,ST,6,Very Low,46.5,21.65,Medium,Low,No,Illiterate,Yes,Yes,Yes,No,4,Illiterate,No,0,1,1,65,Medium,NO,Academic Disengagement,Counselling Support,Monitor
2019,SCH_157,Patan,Urban,Male,OBC,12,Very Low,43.0,10.76,Low,Medium,Yes,Graduate,Yes,Yes,No,No,3,Primary,No,1,1,1,48,Medium,NO,Academic Disengagement,Counselling Support,Monitor
2025,SCH_147,Navsari,Rural,Male,SC,6,Medium,60.9,22.76,Low,Medium,Yes,Illiterate,Yes,No,Yes,No,8,Secondary,No,0,1,1,52,Medium,NO,Academic Disengagement,Counselling Support,Monitor
2020,SCH_135,Banaskantha,Urban,Female,General,12,Very Low,50.7,4.83,Medium,Low,Yes,Illiterate,Yes,Yes,No,No,8,Secondary,No,1,0,1,38,Low,NO,Academic Disengagement,Counselling Support,Low Priority
2021,SCH_014,Mehsana,Rural,Female,ST,12,High,41.3,9.76,Low,Medium,No,Secondary,No,No,Yes,No,4,Secondary,No,1,1,1,65,Medium,NO,Academic Disengagement,Counselling Support,Monitor
2021,SCH_029,Valsad,Tribal,Male,General,3,Very Low,70.0,26.31,Low,High,No,Primary,Yes,Yes,No,No,6,Illiterate,Yes,0,1,0,46,Medium,NO,Travel Constraint,Provide Transport,Monitor
2025,SCH_049,Junagadh,Tribal,Male,SC,4,Very Low,48.5,17.18,Low,Low,Yes,Secondary,No,No,Yes,No,3,Illiterate,Yes,0,1,1,57,Medium,NO,Academic Disengagement,Counselling Support,Monitor
2025,SCH_039,Amreli,Rural,Female,SC,5,Low,93.6,21.78,Medium,Medium,Yes,Illiterate,Yes,Yes,No,No,5,Secondary,Yes,0,1,0,12,Low,NO,Travel Constraint,Provide Transport,Low Priority
2020,SCH_180,Jamnagar,Rural,Male,OBC,1,High,90.9,2.49,Low,Medium,Yes,Primary,No,Yes,No,Yes,4,Graduate,Yes,0,0,0,19,Low,NO,Social Factor,Community Engagement,Low Priority
2025,SCH_063,Junagadh,Rural,Male,ST,5,Very Low,81.7,24.54,Low,Medium,Yes,Primary,Yes,Yes,No,No,3,Graduate,No,0,1,0,32,Low,NO,Travel Constraint,Provide Transport,Low Priority
2022,SCH_108,Navsari,Urban,Male,ST,12,High,81.3,9.23,Medium,High,Yes,Primary,Yes,Yes,No,No,5,Primary,No,1,1,0,30,Low,NO,Travel Constraint,Provide Transport,Low Priority
2019,SCH_139,Patan,Urban,Male,OBC,1,Medium,73.3,23.23,Medium,Medium,Yes,Primary,No,Yes,No,No,6,Secondary,Yes,0,1,0,18,Low,NO,Travel Constraint,Provide Transport,Low Priority
2023,SCH_087,Rajkot,Urban,Male,General,11,High,49.3,27.74,Medium,High,Yes,Illiterate,No,No,No,No,8,Illiterate,No,1,1,1,49,Medium,NO,Academic Disengagement,Counselling Support,Monitor
2024,SCH_058,Junagadh,Tribal,Female,OBC,10,Medium,91.1,24.65,High,Medium,Yes,Primary,Yes,Yes,No,No,6,Secondary,No,1,1,0,19,Low,NO,Travel Constraint,Provide Transport,Low Priority
2021,SCH_026,Amreli,Rural,Male,SC,10,Very Low,98.7,14.58,High,Medium,Yes,Illiterate,Yes,Yes,Yes,No,5,Illiterate,No,1,1,0,44,Medium,NO,Travel Constraint,Provide Transport,Monitor
2025,SCH_133,Patan,Urban,Male,OBC,8,Very Low,85.1,17.59,Medium,Medium,Yes,Secondary,Yes,No,No,Yes,6,Secondary,Yes,0,1,0,15,Low,NO,Travel Constraint,Provide Transport,Low Priority
2024,SCH_113,Amreli,Rural,Female,ST,11,High,96.9,4.43,Medium,Low,No,Illiterate,Yes,Yes,Yes,Yes,3,Secondary,No,1,0,0,46,Medium,NO,Social Factor,Community Engagement,Monitor
2024,SCH_056,Anand,Rural,Male,General,4,Medium,87.0,27.33,Low,High,No,Secondary,Yes,No,No,No,2,Primary,No,0,1,0,31,Low,NO,Travel Constraint,Provide Transport,Low Priority
2019,SCH_048,Junagadh,Urban,Male,OBC,10,Low,88.8,16.04,Medium,High,No,Graduate,Yes,Yes,No,No,8,Illiterate,Yes,1,1,0,28,Low,NO,Travel Constraint,Provide Transport,Low Priority
2025,SCH_179,Bharuch,Tribal,Female,General,9,Low,92.6,1.11,Medium,Low,Yes,Secondary,Yes,Yes,No,No,5,Illiterate,Yes,1,0,0,32,Low,NO,Social Factor,Community Engagement,Low Priority
2020,SCH_150,Junagadh,Rural,Female,OBC,10,High,40.8,19.6,Low,Low,Yes,Primary,No,No,Yes,No,3,Illiterate,No,1,1,1,66,Medium,NO,Academic Disengagement,Counselling Support,Monitor
2023,SCH_083,Bhavnagar,Tribal,Male,ST,3,High,91.2,23.73,Medium,Low,Yes,Primary,Yes,Yes,No,No,6,Illiterate,Yes,0,1,0,27,Low,NO,Travel Constraint,Provide Transport,Low Priority
2023,SCH_166,Morbi,Rural,Male,ST,9,Very Low,63.8,0.24,Low,High,Yes,Primary,Yes,Yes,No,Yes,2,Illiterate,No,1,0,1,42,Medium,NO,Academic Disengagement,Counselling Support,Monitor
2022,SCH_017,Jamnagar,Urban,Female,SC,1,Medium,78.9,3.12,Medium,High,Yes,Primary,No,No,No,No,2,Primary,No,0,0,0,15,Low,NO,Social Factor,Community Engagement,Low Priority
2021,SCH_036,Banaskantha,Rural,Female,General,11,High,81.8,24.87,Medium,High,No,Illiterate,Yes,Yes,No,No,4,Illiterate,No,1,1,0,32,Low,NO,Travel Constraint,Provide Transport,Low Priority
2024,SCH_044,Junagadh,Rural,Male,ST,10,Very Low,79.1,23.73,Low,Low,No,Illiterate,No,Yes,Yes,No,3,Illiterate,No,1,1,0,52,Medium,NO,Travel Constraint,Provide Transport,Monitor
2024,SCH_113,Valsad,Rural,Male,General,2,Medium,78.7,20.91,High,Low,No,Illiterate,Yes,Yes,Yes,No,8,Secondary,No,0,1,0,31,Low,NO,Travel Constraint,Provide Transport,Low Priority
2025,SCH_066,Ahmedabad,Rural,Male,SC,10,Very Low,61.2,20.65,Medium,Low,No,Primary,Yes,Yes,No,No,5,Secondary,Yes,1,1,1,57,Medium,NO,Academic Disengagement,Counselling Support,Monitor
2023,SCH_096,Sabarkantha,Tribal,Female,General,6,Very Low,66.2,7.59,Medium,Low,No,Primary,Yes,Yes,No,No,8,Illiterate,Yes,0,1,1,47,Medium,NO,Academic Disengagement,Counselling Support,Monitor
2020,SCH_134,Banaskantha,Tribal,Female,OBC,5,Very Low,77.4,12.9,High,Medium,Yes,Secondary,Yes,No,No,No,2,Secondary,Yes,0,1,0,28,Low,NO,Travel Constraint,Provide Transport,Low Priority
2025,SCH_061,Dahod,Tribal,Female,OBC,7,High,83.6,7.48,Low,Medium,Yes,Illiterate,Yes,Yes,No,No,6,Illiterate,Yes,0,1,0,28,Low,NO,Travel Constraint,Provide Transport,Low Priority
2024,SCH_029,Morbi,Rural,Female,General,1,Low,46.3,15.85,Medium,High,Yes,Graduate,No,Yes,No,No,6,Illiterate,Yes,0,1,1,32,Low,NO,Academic Disengagement,Counselling Support,Low Priority
2023,SCH_147,Morbi,Rural,Male,SC,8,High,53.0,15.1,Low,Low,Yes,Graduate,Yes,No,Yes,No,6,Primary,Yes,0,1,1,57,Medium,NO,Academic Disengagement,Counselling Support,Monitor
2024,SCH_156,Mehsana,Tribal,Male,OBC,8,Medium,81.8,14.85,Medium,Medium,Yes,Illiterate,Yes,No,No,No,8,Graduate,Yes,0,1,0,16,Low,NO,Travel Constraint,Provide Transport,Low Priority
2022,SCH_120,Ahmedabad,Urban,Female,OBC,9,Medium,73.0,13.75,Medium,Low,Yes,Primary,Yes,Yes,No,No,8,Primary,No,1,1,0,30,Low,NO,Travel Constraint,Provide Transport,Low Priority
2025,SCH_148,Rajkot,Rural,Female,SC,9,Medium,87.4,12.43,Low,Medium,Yes,Primary,Yes,Yes,No,Yes,4,Primary,No,1,1,0,30,Low,NO,Travel Constraint,Provide Transport,Low Priority
2022,SCH_034,Banaskantha,Rural,Female,OBC,2,Very Low,45.0,8.65,Low,Medium,No,Illiterate,Yes,Yes,No,No,5,Primary,No,0,1,1,42,Medium,NO,Academic Disengagement,Counselling Support,Monitor
2025,SCH_143,Bhavnagar,Rural,Male,OBC,1,Medium,97.9,23.56,Medium,Medium,No,Graduate,No,Yes,Yes,No,7,Secondary,Yes,0,1,0,23,Low,NO,Travel Constraint,Provide Transport,Low Priority
2021,SCH_008,Mehsana,Rural,Male,General,10,Low,87.5,13.84,High,Medium,No,Graduate,No,Yes,No,No,7,Primary,No,1,1,0,33,Low,NO,Travel Constraint,Provide Transport,Low Priority
2023,SCH_022,Amreli,Urban,Male,OBC,2,Low,93.7,25.59,Medium,Medium,Yes,Illiterate,Yes,No,No,No,2,Illiterate,No,0,1,0,4,Low,NO,Travel Constraint,Provide Transport,Low Priority
2023,SCH_165,Valsad,Tribal,Female,ST,4,Medium,72.4,23.42,High,Medium,Yes,Illiterate,Yes,Yes,Yes,No,2,Illiterate,No,0,1,0,50,Medium,NO,Travel Constraint,Provide Transport,Monitor
2019,SCH_127,Amreli,Tribal,Male,OBC,7,Low,64.1,22.72,High,Low,Yes,Primary,No,No,No,No,7,Primary,No,0,1,1,34,Low,NO,Academic Disengagement,Counselling Support,Low Priority
2024,SCH_043,Dahod,Tribal,Female,OBC,9,Very Low,43.9,27.5,Medium,Medium,Yes,Secondary,Yes,Yes,No,No,5,Illiterate,No,1,1,1,46,Medium,NO,Academic Disengagement,Counselling Support,Monitor
2024,SCH_127,Valsad,Urban,Female,OBC,11,Low,65.4,11.41,Low,Medium,Yes,Secondary,Yes,Yes,No,No,6,Graduate,No,1,1,1,46,Medium,NO,Academic Disengagement,Counselling Support,Monitor
2022,SCH_145,Jamnagar,Tribal,Male,SC,9,Very Low,56.3,10.22,Low,Low,Yes,Primary,No,Yes,No,No,4,Illiterate,Yes,1,1,1,53,Medium,NO,Academic Disengagement,Counselling Support,Monitor
2022,SCH_161,Morbi,Rural,Male,OBC,2,Very Low,69.1,15.25,Medium,Medium,Yes,Primary,Yes,No,No,No,4,Illiterate,No,0,1,1,39,Low,NO,Academic Disengagement,Counselling Support,Low Priority
2021,SCH_103,Sabarkantha,Urban,Male,General,6,Very Low,79.2,0.87,High,High,No,Graduate,Yes,No,No,No,5,Graduate,Yes,0,0,0,15,Low,NO,Economic Pressure,Provide Scholarship,Low Priority
2021,SCH_107,Rajkot,Urban,Male,General,8,Low,59.8,19.91,High,Medium,Yes,Secondary,No,No,No,No,7,Primary,Yes,0,1,1,16,Low,NO,Academic Disengagement,Counselling Support,Low Priority
2024,SCH_177,Jamnagar,Tribal,Female,General,5,Medium,83.4,20.59,High,Low,Yes,Illiterate,No,Yes,Yes,No,4,Illiterate,Yes,0,1,0,31,Low,NO,Travel Constraint,Provide Transport,Low Priority
2022,SCH_078,Junagadh,Tribal,Male,SC,11,Low,82.9,3.43,Low,Low,Yes,Secondary,No,Yes,No,No,7,Illiterate,Yes,1,0,0,36,Low,NO,Social Factor,Community Engagement,Low Priority
2023,SCH_106,Surat,Urban,Female,General,11,Low,99.8,3.38,Medium,Medium,No,Graduate,No,No,No,No,2,Secondary,Yes,1,0,0,31,Low,NO,Social Factor,Community Engagement,Low Priority
2024,SCH_059,Jamnagar,Urban,Female,OBC,4,High,73.7,5.04,Medium,Medium,Yes,Secondary,Yes,No,Yes,No,5,Illiterate,Yes,0,1,0,22,Low,NO,Travel Constraint,Provide Transport,Low Priority
2019,SCH_129,Navsari,Urban,Female,SC,4,Medium,57.7,27.88,Low,Low,Yes,Secondary,Yes,Yes,No,No,5,Primary,Yes,0,1,1,32,Low,NO,Academic Disengagement,Counselling Support,Low Priority
2022,SCH_151,Ahmedabad,Rural,Female,General,4,Medium,47.3,27.8,Medium,Medium,Yes,Graduate,Yes,No,No,No,6,Illiterate,Yes,0,1,1,40,Low,NO,Academic Disengagement,Counselling Support,Low Priority
2020,SCH_070,Anand,Tribal,Female,OBC,8,Low,95.6,8.32,Medium,Medium,Yes,Illiterate,Yes,No,Yes,No,2,Graduate,No,0,1,0,28,Low,NO,Travel Constraint,Provide Transport,Low Priority
2020,SCH_061,Ahmedabad,Tribal,Female,SC,12,Very Low,95.8,17.77,Low,Medium,No,Primary,Yes,No,No,No,4,Graduate,No,1,1,0,55,Medium,NO,Travel Constraint,Provide Transport,Monitor
2019,SCH_083,Surat,Urban,Female,OBC,5,Very Low,83.0,8.1,High,Low,Yes,Graduate,Yes,Yes,No,No,4,Secondary,No,0,1,0,25,Low,NO,Travel Constraint,Provide Transport,Low Priority
2020,SCH_152,Ahmedabad,Rural,Female,General,12,Low,70.8,13.34,Medium,Low,No,Illiterate,Yes,No,Yes,No,4,Illiterate,No,1,1,0,48,Medium,NO,Travel Constraint,Provide Transport,Monitor
2025,SCH_017,Navsari,Urban,Female,ST,10,Very Low,63.2,12.19,Low,Medium,Yes,Illiterate,Yes,Yes,No,No,5,Illiterate,No,1,1,1,49,Medium,NO,Academic Disengagement,Counselling Support,Monitor
2019,SCH_074,Surat,Rural,Male,SC,11,Low,66.1,10.44,High,Medium,No,Illiterate,No,No,No,No,4,Primary,Yes,1,1,1,38,Low,NO,Academic Disengagement,Counselling Support,Low Priority
2019,SCH_107,Mehsana,Rural,Male,OBC,9,Low,57.3,14.13,High,Medium,Yes,Illiterate,No,Yes,No,Yes,3,Primary,No,1,1,1,45,Medium,NO,Academic Disengagement,Counselling Support,Monitor
2024,SCH_096,Morbi,Rural,Female,SC,6,High,92.2,24.78,Low,High,Yes,Primary,Yes,Yes,No,No,6,Secondary,No,0,1,0,17,Low,NO,Travel Constraint,Provide Transport,Low Priority
2022,SCH_101,Kutch,Urban,Male,OBC,12,Very Low,76.9,13.46,Low,Low,Yes,Secondary,Yes,No,Yes,No,8,Primary,No,1,1,0,48,Medium,NO,Travel Constraint,Provide Transport,Monitor
2019,SCH_051,Anand,Urban,Male,OBC,11,Low,55.9,22.22,Medium,Low,Yes,Primary,Yes,Yes,No,No,6,Secondary,No,1,1,1,44,Medium,NO,Academic Disengagement,Counselling Support,Monitor
2022,SCH_069,Patan,Rural,Female,OBC,10,Very Low,63.2,7.4,Low,Low,Yes,Primary,Yes,Yes,No,No,5,Secondary,No,1,1,1,63,Medium,NO,Academic Disengagement,Counselling Support,Monitor
2019,SCH_160,Rajkot,Tribal,Male,OBC,12,Very Low,62.3,4.15,Low,High,No,Graduate,No,No,Yes,No,7,Illiterate,No,1,0,1,56,Medium,NO,Academic Disengagement,Counselling Support,Monitor
2025,SCH_180,Junagadh,Rural,Male,OBC,12,High,98.4,4.13,Low,Low,No,Secondary,No,Yes,No,No,6,Secondary,Yes,1,0,0,38,Low,NO,Social Factor,Community Engagement,Low Priority
2021,SCH_042,Jamnagar,Rural,Female,SC,5,Medium,80.5,12.2,Medium,Medium,Yes,Graduate,No,No,No,No,8,Secondary,No,0,1,0,26,Low,NO,Travel Constraint,Provide Transport,Low Priority
2025,SCH_133,Sabarkantha,Rural,Female,OBC,8,Low,64.4,14.09,Low,Medium,Yes,Illiterate,Yes,No,No,No,3,Secondary,Yes,0,1,1,28,Low,NO,Academic Disengagement,Counselling Support,Low Priority
2025,SCH_037,Jamnagar,Rural,Female,General,11,Very Low,75.0,22.64,High,Medium,Yes,Illiterate,No,Yes,Yes,Yes,6,Secondary,No,1,1,0,51,Medium,NO,Travel Constraint,Provide Transport,Monitor
2022,SCH_112,Anand,Urban,Male,SC,1,Medium,57.4,16.04,Medium,Low,Yes,Illiterate,No,No,No,No,6,Illiterate,No,0,1,1,34,Low,NO,Academic Disengagement,Counselling Support,Low Priority
2019,SCH_018,Navsari,Urban,Male,SC,3,Very Low,69.7,20.74,Medium,Medium,No,Primary,Yes,Yes,No,No,4,Primary,No,0,1,1,31,Low,NO,Academic Disengagement,Counselling Support,Low Priority
2020,SCH_109,Jamnagar,Tribal,Female,OBC,2,Low,84.3,21.53,Low,Medium,Yes,Primary,No,No,No,No,2,Graduate,No,0,1,0,35,Low,NO,Travel Constraint,Provide Transport,Low Priority
2021,SCH_002,Navsari,Rural,Male,ST,12,High,43.4,13.22,Medium,Medium,No,Illiterate,Yes,No,No,No,7,Secondary,No,1,1,1,40,Low,NO,Academic Disengagement,Counselling Support,Low Priority
2023,SCH_089,Mehsana,Tribal,Female,OBC,7,Very Low,52.7,26.42,Low,Medium,Yes,Secondary,No,No,No,No,5,Secondary,Yes,0,1,1,40,Low,NO,Academic Disengagement,Counselling Support,Low Priority
2021,SCH_005,Patan,Tribal,Female,SC,1,Medium,49.2,12.04,High,Medium,Yes,Primary,Yes,No,No,Yes,8,Illiterate,No,0,1,1,40,Low,NO,Academic Disengagement,Counselling Support,Low Priority
2025,SCH_022,Surat,Rural,Male,OBC,3,Medium,56.6,24.26,Medium,Medium,No,Secondary,Yes,No,No,No,8,Secondary,No,0,1,1,24,Low,NO,Academic Disengagement,Counselling Support,Low Priority
2023,SCH_147,Navsari,Urban,Male,SC,2,Low,98.7,2.11,High,Medium,No,Primary,No,Yes,No,Yes,5,Primary,No,0,0,0,23,Low,NO,Social Factor,Community Engagement,Low Priority
2022,SCH_004,Sabarkantha,Urban,Female,General,10,Low,42.1,5.05,High,High,No,Primary,Yes,No,No,No,2,Primary,No,1,1,1,43,Medium,NO,Academic Disengagement,Counselling Support,Monitor
2021,SCH_078,Rajkot,Urban,Male,General,10,Very Low,54.4,21.63,High,Medium,Yes,Secondary,Yes,Yes,No,No,8,Secondary,No,1,1,1,28,Low,NO,Academic Disengagement,Counselling Support,Low Priority
2025,SCH_061,Vadodara,Rural,Male,General,6,Low,52.8,17.82,Medium,Low,No,Secondary,No,Yes,No,Yes,5,Secondary,No,0,1,1,35,Low,NO,Academic Disengagement,Counselling Support,Low Priority
2022,SCH_027,Anand,Tribal,Male,OBC,1,High,45.8,22.18,Low,High,Yes,Illiterate,No,Yes,Yes,No,7,Illiterate,Yes,0,1,1,53,Medium,NO,Academic Disengagement,Counselling Support,Monitor
2021,SCH_060,Banaskantha,Rural,Female,SC,6,Medium,92.7,25.39,Medium,Low,Yes,Illiterate,Yes,Yes,No,No,6,Illiterate,Yes,0,1,0,25,Low,NO,Travel Constraint,Provide Transport,Low Priority
2019,SCH_010,Kutch,Tribal,Male,General,8,Low,47.5,26.79,Low,Medium,No,Secondary,Yes,Yes,Yes,Yes,4,Secondary,No,0,1,1,47,Medium,NO,Academic Disengagement,Counselling Support,Monitor
2021,SCH_083,Valsad,Rural,Female,OBC,2,Very Low,84.8,13.17,Low,Medium,No,Secondary,Yes,No,Yes,No,6,Primary,No,0,1,0,35,Low,NO,Travel Constraint,Provide Transport,Low Priority
2019,SCH_150,Morbi,Rural,Male,SC,3,Low,99.0,17.86,Medium,Medium,Yes,Primary,Yes,Yes,No,No,5,Illiterate,No,0,1,0,28,Low,NO,Travel Constraint,Provide Transport,Low Priority
2021,SCH_109,Vadodara,Urban,Male,OBC,11,Low,83.8,16.35,Medium,Medium,Yes,Graduate,Yes,No,No,No,2,Illiterate,No,1,1,0,19,Low,NO,Travel Constraint,Provide Transport,Low Priority
2019,SCH_045,Navsari,Tribal,Female,ST,2,Medium,46.8,3.04,Low,Low,No,Secondary,Yes,No,No,No,7,Illiterate,Yes,0,0,1,51,Medium,NO,Academic Disengagement,Counselling Support,Monitor
2020,SCH_091,Rajkot,Rural,Male,OBC,3,Medium,64.0,12.11,High,Medium,No,Illiterate,Yes,Yes,No,No,7,Primary,Yes,0,1,1,28,Low,NO,Academic Disengagement,Counselling Support,Low Priority
2019,SCH_024,Mehsana,Rural,Male,General,11,Low,94.3,20.47,Low,Medium,Yes,Illiterate,Yes,Yes,No,No,3,Secondary,No,1,1,0,33,Low,NO,Travel Constraint,Provide Transport,Low Priority
2022,SCH_164,Sabarkantha,Rural,Female,ST,3,Low,97.3,15.28,Medium,High,Yes,Primary,Yes,No,No,Yes,7,Primary,No,0,1,0,21,Low,NO,Travel Constraint,Provide Transport,Low Priority
2024,SCH_170,Junagadh,Rural,Female,OBC,6,Low,50.2,15.69,Medium,Medium,No,Primary,Yes,No,Yes,No,2,Secondary,Yes,0,1,1,39,Low,NO,Academic Disengagement,Counselling Support,Low Priority
2019,SCH_122,Amreli,Urban,Male,General,4,Low,56.2,12.19,High,High,Yes,Illiterate,No,No,No,Yes,6,Illiterate,Yes,0,1,1,32,Low,NO,Academic Disengagement,Counselling Support,Low Priority
2025,SCH_098,Ahmedabad,Tribal,Male,OBC,1,Very Low,51.7,14.18,High,Low,No,Secondary,Yes,No,No,No,6,Secondary,Yes,0,1,1,54,Medium,NO,Academic Disengagement,Counselling Support,Monitor
2020,SCH_083,Rajkot,Rural,Female,General,6,High,85.4,11.87,Low,Low,Yes,Primary,No,No,No,No,5,Illiterate,Yes,0,1,0,22,Low,NO,Travel Constraint,Provide Transport,Low Priority
2021,SCH_168,Surat,Urban,Female,OBC,11,Medium,45.9,15.29,High,Low,Yes,Illiterate,Yes,No,No,No,3,Primary,No,1,1,1,41,Medium,NO,Academic Disengagement,Counselling Support,Monitor
2022,SCH_104,Gandhinagar,Rural,Male,General,8,Medium,51.2,1.78,Medium,Low,Yes,Primary,Yes,No,No,No,5,Primary,Yes,0,0,1,28,Low,NO,Academic Disengagement,Counselling Support,Low Priority
2020,SCH_075,Anand,Tribal,Female,ST,1,Very Low,52.5,4.28,Low,High,Yes,Primary,No,No,No,No,6,Illiterate,No,0,0,1,56,Medium,NO,Academic Disengagement,Counselling Support,Monitor
2021,SCH_087,Vadodara,Rural,Male,General,7,Low,57.4,2.68,High,Medium,No,Primary,Yes,No,Yes,No,5,Primary,No,0,0,1,38,Low,NO,Academic Disengagement,Counselling Support,Low Priority
2024,SCH_022,Jamnagar,Tribal,Male,ST,11,Very Low,69.9,11.93,Low,Medium,No,Illiterate,No,No,Yes,No,2,Primary,Yes,1,1,1,43,Medium,NO,Academic Disengagement,Counselling Support,Monitor
2023,SCH_104,Jamnagar,Tribal,Female,General,2,Very Low,67.4,9.45,Medium,High,No,Illiterate,Yes,No,No,No,5,Illiterate,No,0,1,1,35,Low,NO,Academic Disengagement,Counselling Support,Low Priority
2019,SCH_142,Junagadh,Urban,Female,General,1,Medium,57.9,3.74,Medium,High,Yes,Illiterate,Yes,No,No,No,5,Illiterate,No,0,0,1,18,Low,NO,Academic Disengagement,Counselling Support,Low Priority
2024,SCH_010,Bhavnagar,Urban,Female,General,4,Low,52.1,21.39,Low,Medium,No,Graduate,Yes,No,No,No,8,Illiterate,Yes,0,1,1,40,Low,NO,Academic Disengagement,Counselling Support,Low Priority
2025,SCH_028,Bhavnagar,Rural,Female,SC,5,Low,74.2,14.78,Medium,Medium,Yes,Secondary,Yes,No,No,Yes,3,Primary,No,0,1,0,23,Low,NO,Travel Constraint,Provide Transport,Low Priority
2019,SCH_069,Bhavnagar,Tribal,Female,OBC,3,Medium,73.7,2.88,Low,High,Yes,Primary,No,Yes,No,No,6,Primary,Yes,0,0,0,19,Low,NO,Social Factor,Community Engagement,Low Priority
2025,SCH_084,Bhavnagar,Urban,Male,OBC,4,High,84.9,20.86,Low,Medium,No,Primary,Yes,Yes,No,No,2,Secondary,No,0,1,0,19,Low,NO,Travel Constraint,Provide Transport,Low Priority
2024,SCH_059,Gandhinagar,Rural,Female,SC,2,Very Low,63.4,6.67,High,High,Yes,Primary,Yes,Yes,No,No,4,Secondary,No,0,1,1,27,Low,NO,Academic Disengagement,Counselling Support,Low Priority
2019,SCH_030,Patan,Rural,Female,OBC,8,Medium,99.6,27.92,Medium,Medium,No,Illiterate,Yes,No,Yes,Yes,5,Primary,No,0,1,0,47,Medium,NO,Travel Constraint,Provide Transport,Monitor
2024,SCH_020,Mehsana,Urban,Male,SC,9,High,43.3,4.16,Low,Medium,No,Primary,Yes,Yes,No,No,6,Primary,Yes,1,0,1,46,Medium,NO,Academic Disengagement,Counselling Support,Monitor
2022,SCH_080,Anand,Rural,Male,OBC,5,Very Low,90.1,17.27,High,Low,Yes,Illiterate,Yes,Yes,No,No,4,Primary,No,0,1,0,26,Low,NO,Travel Constraint,Provide Transport,Low Priority
2025,SCH_157,Kutch,Tribal,Male,SC,11,Very Low,57.8,13.21,Low,Low,Yes,Primary,Yes,No,No,No,8,Secondary,No,1,1,1,53,Medium,NO,Academic Disengagement,Counselling Support,Monitor
2021,SCH_012,Patan,Urban,Female,OBC,11,Low,82.7,26.97,Medium,Medium,No,Secondary,No,No,No,No,4,Primary,Yes,1,1,0,31,Low,NO,Travel Constraint,Provide Transport,Low Priority
2020,SCH_021,Sabarkantha,Urban,Male,SC,10,High,55.9,15.45,Medium,Low,No,Secondary,Yes,No,No,No,2,Graduate,No,1,1,1,43,Medium,NO,Academic Disengagement,Counselling Support,Monitor
2020,SCH_013,Vadodara,Urban,Female,OBC,3,High,54.6,27.71,Low,Medium,No,Illiterate,Yes,Yes,No,No,8,Illiterate,Yes,0,1,1,30,Low,NO,Academic Disengagement,Counselling Support,Low Priority
2024,SCH_055,Bhavnagar,Urban,Female,General,8,Low,73.2,11.56,Low,High,Yes,Secondary,Yes,No,Yes,No,6,Primary,Yes,0,1,0,27,Low,NO,Travel Constraint,Provide Transport,Low Priority
2025,SCH_164,Mehsana,Rural,Male,ST,7,Low,99.6,4.23,Medium,Medium,Yes,Primary,Yes,No,No,No,7,Secondary,No,0,0,0,20,Low,NO,Social Factor,Community Engagement,Low Priority
2020,SCH_136,Surat,Urban,Male,General,9,Low,62.5,24.8,Low,High,Yes,Secondary,Yes,No,No,No,8,Illiterate,Yes,1,1,1,39,Low,NO,Academic Disengagement,Counselling Support,Low Priority
2020,SCH_055,Valsad,Tribal,Female,SC,4,Low,78.1,21.23,Medium,High,Yes,Illiterate,Yes,No,Yes,No,5,Secondary,No,0,1,0,32,Low,NO,Travel Constraint,Provide Transport,Low Priority
2023,SCH_034,Rajkot,Urban,Female,SC,4,Very Low,58.9,26.61,Medium,Low,Yes,Primary,Yes,Yes,No,No,8,Secondary,Yes,0,1,1,35,Low,NO,Academic Disengagement,Counselling Support,Low Priority
2019,SCH_015,Navsari,Rural,Female,OBC,7,Very Low,82.2,19.1,Medium,High,Yes,Primary,No,No,No,No,7,Illiterate,Yes,0,1,0,32,Low,NO,Travel Constraint,Provide Transport,Low Priority
2025,SCH_165,Valsad,Urban,Female,General,9,Very Low,74.9,23.8,Medium,Low,No,Illiterate,Yes,Yes,No,No,4,Primary,Yes,1,1,0,44,Medium,NO,Travel Constraint,Provide Transport,Monitor
2023,SCH_024,Valsad,Tribal,Male,OBC,10,Very Low,86.2,18.98,Low,Low,Yes,Secondary,No,No,No,Yes,4,Illiterate,Yes,1,1,0,47,Medium,NO,Travel Constraint,Provide Transport,Monitor
2022,SCH_007,Bhavnagar,Rural,Male,SC,5,Very Low,67.6,24.69,High,Medium,Yes,Secondary,Yes,No,No,No,3,Secondary,No,0,1,1,37,Low,NO,Academic Disengagement,Counselling Support,Low Priority
2025,SCH_151,Dahod,Rural,Female,SC,10,Very Low,97.7,0.96,Medium,Low,Yes,Primary,Yes,No,Yes,No,5,Graduate,No,1,0,0,42,Medium,NO,Economic Pressure,Provide Scholarship,Monitor
2024,SCH_051,Ahmedabad,Rural,Female,SC,12,Low,80.0,1.16,High,Low,No,Illiterate,No,Yes,No,No,8,Graduate,Yes,1,0,0,30,Low,NO,Social Factor,Community Engagement,Low Priority
2025,SCH_147,Anand,Rural,Male,ST,9,Very Low,42.8,7.76,Low,High,Yes,Graduate,Yes,No,Yes,No,6,Graduate,No,1,1,1,63,Medium,NO,Academic Disengagement,Counselling Support,Monitor
2024,SCH_142,Morbi,Rural,Female,SC,11,Medium,68.7,27.8,High,Low,Yes,Secondary,No,No,No,No,6,Illiterate,No,1,1,1,45,Medium,NO,Academic Disengagement,Counselling Support,Monitor
2023,SCH_025,Kutch,Rural,Male,OBC,12,Low,85.1,25.38,High,High,No,Primary,Yes,Yes,No,No,8,Primary,Yes,1,1,0,22,Low,NO,Travel Constraint,Provide Transport,Low Priority
2024,SCH_062,Kutch,Rural,Female,General,10,Medium,72.6,12.5,Medium,High,Yes,Illiterate,Yes,No,No,No,6,Primary,Yes,1,1,0,40,Low,NO,Travel Constraint,Provide Transport,Low Priority
2020,SCH_174,Bhavnagar,Urban,Female,OBC,1,High,88.2,11.21,Medium,Low,No,Secondary,Yes,Yes,No,No,2,Illiterate,No,0,1,0,26,Low,NO,Travel Constraint,Provide Transport,Low Priority
2023,SCH_125,Bhavnagar,Rural,Female,General,3,Medium,69.7,6.23,Low,Medium,No,Illiterate,Yes,Yes,No,No,4,Illiterate,No,0,1,1,45,Medium,NO,Academic Disengagement,Counselling Support,Monitor
2025,SCH_097,Navsari,Urban,Female,General,12,Very Low,75.3,17.03,High,High,Yes,Illiterate,Yes,Yes,No,No,4,Graduate,No,1,1,0,33,Low,NO,Travel Constraint,Provide Transport,Low Priority
2024,SCH_138,Bhavnagar,Urban,Female,ST,2,Very Low,55.2,18.39,Low,High,No,Primary,Yes,Yes,Yes,No,6,Illiterate,Yes,0,1,1,37,Low,NO,Academic Disengagement,Counselling Support,Low Priority
2023,SCH_178,Morbi,Rural,Female,SC,8,Medium,43.9,11.63,Medium,Low,Yes,Primary,No,Yes,No,No,4,Primary,Yes,0,1,1,38,Low,NO,Academic Disengagement,Counselling Support,Low Priority
2020,SCH_016,Banaskantha,Rural,Female,ST,3,Medium,48.7,3.89,Medium,Low,Yes,Secondary,Yes,Yes,No,Yes,8,Illiterate,No,0,0,1,33,Low,NO,Academic Disengagement,Counselling Support,Low Priority
2022,SCH_097,Kutch,Rural,Female,OBC,2,Low,46.7,27.11,Low,High,No,Secondary,No,No,Yes,Yes,6,Secondary,Yes,0,1,1,55,Medium,NO,Academic Disengagement,Counselling Support,Monitor
2022,SCH_012,Bharuch,Urban,Male,General,7,Medium,41.0,0.75,Medium,Low,Yes,Graduate,Yes,Yes,No,No,3,Illiterate,No,0,0,1,22,Low,NO,Academic Disengagement,Counselling Support,Low Priority
2023,SCH_124,Anand,Urban,Female,OBC,7,Low,51.9,18.2,High,Medium,Yes,Illiterate,No,No,No,No,3,Illiterate,No,0,1,1,20,Low,NO,Academic Disengagement,Counselling Support,Low Priority
2023,SCH_139,Amreli,Urban,Male,SC,3,Low,93.8,4.88,Medium,Medium,Yes,Illiterate,Yes,No,No,No,6,Primary,No,0,0,0,7,Low,NO,Social Factor,Community Engagement,Low Priority
2025,SCH_053,Anand,Urban,Female,ST,2,Medium,46.2,15.48,Medium,Low,Yes,Primary,Yes,Yes,No,No,5,Illiterate,No,0,1,1,39,Low,NO,Academic Disengagement,Counselling Support,Low Priority
2024,SCH_019,Rajkot,Urban,Female,General,4,Medium,41.7,1.03,Medium,Low,Yes,Illiterate,No,Yes,No,No,2,Illiterate,Yes,0,0,1,27,Low,NO,Academic Disengagement,Counselling Support,Low Priority
2022,SCH_149,Dahod,Rural,Male,OBC,10,Low,64.4,3.15,Medium,High,Yes,Primary,No,Yes,No,No,7,Primary,Yes,1,0,1,44,Medium,NO,Academic Disengagement,Counselling Support,Monitor
2023,SCH_035,Sabarkantha,Rural,Male,General,6,Medium,59.9,25.02,Low,Medium,No,Illiterate,Yes,Yes,No,No,2,Secondary,Yes,0,1,1,28,Low,NO,Academic Disengagement,Counselling Support,Low Priority
2019,SCH_048,Rajkot,Rural,Female,SC,2,Low,85.0,15.73,Low,Medium,No,Primary,No,Yes,No,No,6,Primary,Yes,0,1,0,26,Low,NO,Travel Constraint,Provide Transport,Low Priority
2020,SCH_032,Surat,Rural,Male,SC,3,Low,93.8,17.04,Medium,Low,No,Illiterate,No,No,No,No,2,Illiterate,Yes,0,1,0,28,Low,NO,Travel Constraint,Provide Transport,Low Priority
2020,SCH_008,Navsari,Rural,Male,SC,9,High,88.8,2.98,Medium,Medium,Yes,Illiterate,No,Yes,No,No,7,Graduate,No,1,0,0,15,Low,NO,Social Factor,Community Engagement,Low Priority
2021,SCH_175,Valsad,Rural,Male,SC,8,Medium,49.5,0.26,Low,Low,No,Primary,Yes,No,No,No,2,Secondary,No,0,0,1,35,Low,NO,Academic Disengagement,Counselling Support,Low Priority
2021,SCH_127,Mehsana,Tribal,Male,General,9,High,58.6,10.18,Medium,Medium,Yes,Secondary,Yes,Yes,No,No,5,Illiterate,No,1,1,1,43,Medium,NO,Academic Disengagement,Counselling Support,Monitor
2025,SCH_015,Kutch,Tribal,Female,General,5,Medium,74.1,27.04,Low,Low,Yes,Secondary,No,No,No,No,2,Graduate,Yes,0,1,0,46,Medium,NO,Travel Constraint,Provide Transport,Monitor
2023,SCH_037,Valsad,Urban,Male,OBC,5,High,77.3,15.51,Low,Low,Yes,Primary,Yes,No,No,No,2,Primary,No,0,1,0,27,Low,NO,Travel Constraint,Provide Transport,Low Priority
2024,SCH_175,Junagadh,Rural,Male,OBC,2,Low,90.5,1.85,Low,Low,Yes,Illiterate,Yes,Yes,Yes,No,8,Illiterate,No,0,0,0,28,Low,NO,Social Factor,Community Engagement,Low Priority
2025,SCH_045,Bhavnagar,Urban,Female,SC,7,Very Low,49.6,22.83,High,Medium,Yes,Primary,Yes,No,Yes,No,6,Illiterate,No,0,1,1,41,Medium,NO,Academic Disengagement,Counselling Support,Monitor
2025,SCH_168,Vadodara,Rural,Male,ST,10,Very Low,94.2,23.99,High,Medium,Yes,Illiterate,Yes,No,Yes,No,2,Illiterate,No,1,1,0,54,Medium,NO,Travel Constraint,Provide Transport,Monitor
2023,SCH_030,Mehsana,Urban,Female,General,1,Medium,92.9,7.38,High,High,Yes,Primary,Yes,Yes,No,No,3,Primary,No,0,1,0,22,Low,NO,Travel Constraint,Provide Transport,Low Priority
2020,SCH_134,Kutch,Urban,Male,SC,12,Low,73.1,20.01,Low,Medium,No,Graduate,Yes,Yes,No,Yes,6,Illiterate,Yes,1,1,0,44,Medium,NO,Travel Constraint,Provide Transport,Monitor
2019,SCH_103,Surat,Tribal,Male,General,4,Low,76.4,9.69,Low,Low,Yes,Illiterate,No,No,Yes,No,7,Illiterate,Yes,0,1,0,37,Low,NO,Travel Constraint,Provide Transport,Low Priority
2021,SCH_176,Amreli,Rural,Male,General,6,Low,82.3,21.14,Low,Medium,No,Primary,Yes,Yes,Yes,No,7,Illiterate,No,0,1,0,32,Low,NO,Travel Constraint,Provide Transport,Low Priority
2022,SCH_124,Sabarkantha,Urban,Female,ST,10,High,65.4,14.3,High,High,Yes,Illiterate,Yes,Yes,No,No,4,Graduate,No,1,1,1,41,Medium,NO,Academic Disengagement,Counselling Support,Monitor
2020,SCH_046,Ahmedabad,Urban,Male,General,8,Very Low,71.8,7.11,Medium,Medium,No,Secondary,Yes,No,No,No,5,Illiterate,No,0,1,0,38,Low,NO,Travel Constraint,Provide Transport,Low Priority
2021,SCH_164,Rajkot,Urban,Male,ST,1,High,63.1,6.01,Medium,High,Yes,Primary,No,No,No,No,4,Primary,Yes,0,1,1,33,Low,NO,Academic Disengagement,Counselling Support,Low Priority
2020,SCH_165,Amreli,Urban,Male,OBC,5,High,86.6,11.35,Medium,Low,Yes,Illiterate,Yes,Yes,No,No,3,Secondary,Yes,0,1,0,10,Low,NO,Travel Constraint,Provide Transport,Low Priority
2025,SCH_034,Gandhinagar,Rural,Male,ST,6,Low,80.6,21.19,Low,Medium,Yes,Illiterate,Yes,No,No,No,5,Primary,No,0,1,0,33,Low,NO,Travel Constraint,Provide Transport,Low Priority
2020,SCH_064,Junagadh,Rural,Male,ST,5,Very Low,80.6,20.03,Low,Medium,No,Primary,Yes,No,No,No,6,Graduate,No,0,1,0,32,Low,NO,Travel Constraint,Provide Transport,Low Priority
2019,SCH_113,Vadodara,Tribal,Female,OBC,8,Low,83.1,18.24,Medium,Low,No,Primary,Yes,Yes,No,Yes,7,Illiterate,Yes,0,1,0,44,Medium,NO,Travel Constraint,Provide Transport,Monitor
2022,SCH_167,Rajkot,Rural,Female,General,2,Low,48.6,26.55,Medium,Low,Yes,Secondary,No,Yes,No,No,4,Illiterate,Yes,0,1,1,42,Medium,NO,Academic Disengagement,Counselling Support,Monitor
2021,SCH_101,Mehsana,Rural,Male,OBC,2,High,86.6,1.63,Low,Low,Yes,Primary,No,No,No,No,5,Primary,No,0,0,0,18,Low,NO,Social Factor,Community Engagement,Low Priority
2023,SCH_068,Mehsana,Rural,Male,OBC,1,Medium,40.5,23.3,Medium,Low,Yes,Illiterate,Yes,No,No,No,5,Secondary,No,0,1,1,37,Low,NO,Academic Disengagement,Counselling Support,Low Priority
2021,SCH_046,Sabarkantha,Rural,Male,SC,12,Medium,55.6,11.52,Low,High,Yes,Illiterate,Yes,No,No,No,7,Illiterate,Yes,1,1,1,36,Low,NO,Academic Disengagement,Counselling Support,Low Priority
2023,SCH_158,Bhavnagar,Urban,Female,General,9,Very Low,100.0,0.88,Low,High,No,Illiterate,Yes,Yes,No,No,7,Primary,No,1,0,0,38,Low,NO,Economic Pressure,Provide Scholarship,Low Priority
2020,SCH_124,Bharuch,Tribal,Female,OBC,4,Low,84.4,0.67,Medium,Low,Yes,Secondary,No,No,No,Yes,5,Illiterate,No,0,0,0,32,Low,NO,Social Factor,Community Engagement,Low Priority
2022,SCH_147,Amreli,Urban,Male,OBC,4,Low,47.0,4.25,Low,Medium,Yes,Illiterate,No,No,No,No,5,Illiterate,No,0,0,1,26,Low,NO,Academic Disengagement,Counselling Support,Low Priority
2024,SCH_090,Patan,Rural,Female,ST,6,Very Low,89.8,20.12,High,Low,No,Secondary,No,Yes,No,Yes,2,Secondary,Yes,0,1,0,31,Low,NO,Travel Constraint,Provide Transport,Low Priority
2021,SCH_139,Dahod,Tribal,Male,General,4,Medium,42.0,17.81,Medium,Low,No,Graduate,Yes,No,No,No,2,Illiterate,No,0,1,1,35,Low,NO,Academic Disengagement,Counselling Support,Low Priority
2024,SCH_151,Kutch,Tribal,Male,General,10,Low,61.1,15.71,High,High,No,Primary,Yes,Yes,No,Yes,8,Illiterate,No,1,1,1,44,Medium,NO,Academic Disengagement,Counselling Support,Monitor
2021,SCH_130,Valsad,Tribal,Male,OBC,4,Medium,56.9,4.46,High,Medium,No,Illiterate,No,Yes,No,No,7,Illiterate,Yes,0,0,1,35,Low,NO,Academic Disengagement,Counselling Support,Low Priority
2024,SCH_060,Navsari,Urban,Male,SC,12,Medium,75.4,9.88,Low,Low,Yes,Graduate,Yes,No,Yes,No,5,Illiterate,No,1,1,0,49,Medium,NO,Travel Constraint,Provide Transport,Monitor
2021,SCH_014,Gandhinagar,Rural,Male,OBC,11,Medium,63.8,5.73,Low,Medium,Yes,Illiterate,Yes,No,No,No,3,Graduate,No,1,1,1,41,Medium,NO,Academic Disengagement,Counselling Support,Monitor
2019,SCH_023,Junagadh,Urban,Male,ST,4,Low,67.5,1.13,Medium,Low,Yes,Graduate,Yes,No,No,No,8,Illiterate,No,0,0,1,23,Low,NO,Academic Disengagement,Counselling Support,Low Priority
2022,SCH_062,Banaskantha,Tribal,Male,General,8,Very Low,63.9,26.67,Medium,Medium,Yes,Primary,Yes,Yes,Yes,No,2,Illiterate,No,0,1,1,56,Medium,NO,Academic Disengagement,Counselling Support,Monitor
2025,SCH_009,Banaskantha,Rural,Female,OBC,4,Very Low,71.6,12.93,Medium,Low,Yes,Secondary,Yes,Yes,No,No,8,Illiterate,No,0,1,0,38,Low,NO,Travel Constraint,Provide Transport,Low Priority
2024,SCH_100,Amreli,Tribal,Female,OBC,8,Low,76.5,20.26,Medium,Medium,No,Graduate,Yes,Yes,No,No,7,Illiterate,Yes,0,1,0,21,Low,NO,Travel Constraint,Provide Transport,Low Priority
2025,SCH_036,Anand,Urban,Female,OBC,10,Low,98.2,0.58,High,Medium,Yes,Illiterate,No,Yes,No,No,2,Illiterate,Yes,1,0,0,23,Low,NO,Social Factor,Community Engagement,Low Priority
2019,SCH_083,Dahod,Rural,Male,SC,1,Medium,47.0,13.19,Low,Medium,Yes,Illiterate,Yes,No,No,No,5,Primary,Yes,0,1,1,31,Low,NO,Academic Disengagement,Counselling Support,Low Priority
2020,SCH_061,Amreli,Rural,Female,OBC,9,Very Low,76.3,8.04,Medium,Medium,Yes,Illiterate,No,Yes,No,No,2,Illiterate,No,1,1,0,36,Low,NO,Travel Constraint,Provide Transport,Low Priority
2024,SCH_081,Bharuch,Urban,Female,OBC,4,Medium,66.1,21.21,Medium,Low,No,Graduate,No,Yes,No,No,4,Illiterate,No,0,1,1,30,Low,NO,Academic Disengagement,Counselling Support,Low Priority
2021,SCH_096,Bhavnagar,Urban,Female,ST,4,Low,45.6,1.82,Medium,High,Yes,Primary,No,Yes,Yes,No,2,Primary,Yes,0,0,1,28,Low,NO,Academic Disengagement,Counselling Support,Low Priority
2022,SCH_048,Bharuch,Urban,Female,SC,12,High,74.5,10.08,Medium,High,Yes,Secondary,Yes,No,Yes,No,8,Illiterate,No,1,1,0,45,Medium,NO,Travel Constraint,Provide Transport,Monitor
2021,SCH_076,Navsari,Urban,Female,General,4,Low,69.6,18.46,High,Medium,No,Illiterate,No,Yes,No,No,2,Secondary,Yes,0,1,1,12,Low,NO,Academic Disengagement,Counselling Support,Low Priority
2025,SCH_046,Bhavnagar,Rural,Male,ST,11,Very Low,67.8,21.08,Medium,Medium,Yes,Graduate,Yes,No,Yes,No,8,Primary,No,1,1,1,51,Medium,NO,Academic Disengagement,Counselling Support,Monitor
2019,SCH_166,Junagadh,Rural,Male,OBC,9,Medium,91.6,15.56,Low,High,Yes,Illiterate,Yes,Yes,No,No,8,Illiterate,No,1,1,0,35,Low,NO,Travel Constraint,Provide Transport,Low Priority
2019,SCH_061,Bharuch,Urban,Male,ST,7,High,86.0,25.86,High,Low,No,Illiterate,Yes,No,Yes,No,8,Primary,No,0,1,0,35,Low,NO,Travel Constraint,Provide Transport,Low Priority
2025,SCH_145,Sabarkantha,Urban,Male,SC,2,Medium,44.4,19.71,Medium,Medium,Yes,Primary,No,Yes,No,No,4,Secondary,No,0,1,1,24,Low,NO,Academic Disengagement,Counselling Support,Low Priority
2023,SCH_011,Dahod,Urban,Female,General,9,Low,68.3,19.49,Medium,Medium,Yes,Graduate,No,Yes,No,No,5,Illiterate,No,1,1,1,34,Low,NO,Academic Disengagement,Counselling Support,Low Priority
2022,SCH_074,Navsari,Tribal,Male,OBC,8,Low,45.2,19.86,Medium,Medium,No,Primary,No,Yes,No,No,7,Illiterate,Yes,0,1,1,39,Low,NO,Academic Disengagement,Counselling Support,Low Priority
2023,SCH_079,Anand,Rural,Male,OBC,6,Medium,40.0,14.15,Low,Low,Yes,Illiterate,Yes,Yes,No,Yes,7,Illiterate,No,0,1,1,45,Medium,NO,Academic Disengagement,Counselling Support,Monitor
2024,SCH_074,Banaskantha,Rural,Male,General,8,Low,88.0,21.39,Medium,Medium,No,Graduate,Yes,Yes,Yes,Yes,7,Primary,Yes,0,1,0,33,Low,NO,Travel Constraint,Provide Transport,Low Priority
2019,SCH_038,Jamnagar,Urban,Female,General,6,Very Low,60.6,25.62,Medium,Low,Yes,Illiterate,Yes,No,No,No,5,Primary,No,0,1,1,40,Low,NO,Academic Disengagement,Counselling Support,Low Priority
2019,SCH_131,Vadodara,Tribal,Female,ST,11,Low,52.7,4.84,Low,Medium,No,Graduate,Yes,No,Yes,Yes,3,Illiterate,No,1,0,1,51,Medium,NO,Academic Disengagement,Counselling Support,Monitor
2019,SCH_013,Anand,Tribal,Female,ST,1,Medium,57.0,10.16,Medium,Medium,No,Illiterate,No,Yes,Yes,Yes,5,Secondary,Yes,0,1,1,36,Low,NO,Academic Disengagement,Counselling Support,Low Priority
2023,SCH_119,Vadodara,Rural,Male,General,12,Very Low,85.8,1.33,High,Medium,No,Secondary,Yes,Yes,No,No,3,Illiterate,No,1,0,0,32,Low,NO,Economic Pressure,Provide Scholarship,Low Priority
2025,SCH_157,Patan,Tribal,Male,OBC,1,Low,55.5,24.09,Medium,High,Yes,Illiterate,Yes,Yes,No,No,7,Primary,No,0,1,1,25,Low,NO,Academic Disengagement,Counselling Support,Low Priority
2025,SCH_156,Anand,Rural,Male,General,9,Low,42.5,12.83,Low,Low,Yes,Illiterate,Yes,Yes,No,No,4,Primary,No,1,1,1,37,Low,NO,Academic Disengagement,Counselling Support,Low Priority
2020,SCH_110,Vadodara,Tribal,Male,SC,10,Medium,68.2,17.14,Medium,Medium,No,Secondary,Yes,Yes,No,No,6,Graduate,No,1,1,1,44,Medium,NO,Academic Disengagement,Counselling Support,Monitor
2022,SCH_038,Valsad,Tribal,Female,SC,5,Low,43.6,16.22,Low,Medium,Yes,Illiterate,Yes,No,No,No,4,Secondary,Yes,0,1,1,35,Low,NO,Academic Disengagement,Counselling Support,Low Priority
2022,SCH_142,Junagadh,Urban,Female,General,4,Low,69.4,11.18,Medium,Medium,Yes,Primary,No,No,No,No,7,Primary,No,0,1,1,18,Low,NO,Academic Disengagement,Counselling Support,Low Priority
2021,SCH_092,Banaskantha,Tribal,Male,General,3,Medium,40.2,12.89,Low,Medium,Yes,Illiterate,Yes,No,No,No,8,Secondary,Yes,0,1,1,43,Medium,NO,Academic Disengagement,Counselling Support,Monitor
2024,SCH_080,Ahmedabad,Rural,Male,OBC,6,High,78.9,13.34,Medium,Medium,Yes,Primary,No,No,No,Yes,7,Secondary,No,0,1,0,13,Low,NO,Travel Constraint,Provide Transport,Low Priority
2019,SCH_094,Bhavnagar,Urban,Female,ST,6,Medium,66.9,1.45,Low,Low,No,Illiterate,Yes,Yes,No,No,5,Illiterate,No,0,0,1,48,Medium,NO,Academic Disengagement,Counselling Support,Monitor
2024,SCH_103,Jamnagar,Tribal,Male,ST,12,Very Low,65.2,2.38,Medium,Medium,Yes,Primary,Yes,No,No,No,6,Illiterate,No,1,0,1,49,Medium,NO,Academic Disengagement,Counselling Support,Monitor
2023,SCH_077,Jamnagar,Urban,Male,OBC,5,Medium,44.7,25.07,Medium,Medium,No,Primary,No,Yes,No,No,8,Primary,Yes,0,1,1,20,Low,NO,Academic Disengagement,Counselling Support,Low Priority
2025,SCH_172,Kutch,Rural,Female,General,5,Medium,76.6,17.36,Low,Low,Yes,Secondary,No,No,No,No,4,Secondary,No,0,1,0,43,Medium,NO,Travel Constraint,Provide Transport,Monitor
2025,SCH_117,Valsad,Rural,Female,OBC,3,Low,71.8,7.96,High,Medium,Yes,Secondary,Yes,Yes,No,Yes,5,Secondary,Yes,0,1,0,26,Low,NO,Travel Constraint,Provide Transport,Low Priority
2024,SCH_060,Mehsana,Rural,Female,SC,4,Low,43.7,21.88,Low,Medium,Yes,Primary,Yes,Yes,No,Yes,6,Illiterate,No,0,1,1,24,Low,NO,Academic Disengagement,Counselling Support,Low Priority
2019,SCH_012,Morbi,Rural,Male,OBC,5,Low,91.4,9.24,Low,Medium,Yes,Secondary,Yes,Yes,Yes,No,4,Illiterate,Yes,0,1,0,24,Low,NO,Travel Constraint,Provide Transport,Low Priority
2020,SCH_078,Bharuch,Tribal,Female,General,10,Low,48.3,26.81,High,High,Yes,Primary,Yes,No,No,No,2,Graduate,Yes,1,1,1,56,Medium,NO,Academic Disengagement,Counselling Support,Monitor
2020,SCH_086,Vadodara,Rural,Male,OBC,3,Medium,93.3,13.63,Medium,High,Yes,Primary,No,Yes,No,No,5,Primary,Yes,0,1,0,21,Low,NO,Travel Constraint,Provide Transport,Low Priority
2023,SCH_094,Vadodara,Urban,Female,General,9,Low,85.6,26.14,Medium,Low,No,Illiterate,No,No,Yes,No,3,Illiterate,No,1,1,0,36,Low,NO,Travel Constraint,Provide Transport,Low Priority
2025,SCH_164,Amreli,Rural,Male,General,2,Low,48.6,12.58,Medium,High,Yes,Primary,Yes,No,Yes,No,5,Illiterate,Yes,0,1,1,36,Low,NO,Academic Disengagement,Counselling Support,Low Priority
2020,SCH_152,Bhavnagar,Rural,Female,OBC,11,Low,40.4,5.67,Medium,High,No,Illiterate,Yes,Yes,No,No,3,Primary,No,1,1,1,43,Medium,NO,Academic Disengagement,Counselling Support,Monitor
2019,SCH_145,Ahmedabad,Rural,Female,SC,3,Medium,72.4,21.34,High,High,Yes,Primary,Yes,Yes,Yes,No,6,Illiterate,No,0,1,0,27,Low,NO,Travel Constraint,Provide Transport,Low Priority
2019,SCH_116,Bhavnagar,Urban,Female,OBC,2,Medium,40.1,1.04,Medium,Medium,Yes,Secondary,No,Yes,Yes,No,7,Secondary,Yes,0,0,1,28,Low,NO,Academic Disengagement,Counselling Support,Low Priority
2023,SCH_158,Bharuch,Tribal,Female,SC,3,Very Low,62.2,8.62,Medium,Medium,Yes,Primary,Yes,No,No,No,5,Illiterate,Yes,0,1,1,44,Medium,NO,Academic Disengagement,Counselling Support,Monitor
2019,SCH_141,Surat,Rural,Female,OBC,9,Medium,63.1,7.14,Medium,Medium,Yes,Graduate,Yes,Yes,No,No,5,Primary,Yes,1,1,1,43,Medium,NO,Academic Disengagement,Counselling Support,Monitor
2022,SCH_069,Vadodara,Tribal,Female,OBC,1,Very Low,82.5,13.25,Low,Medium,No,Illiterate,No,No,No,No,6,Secondary,No,0,1,0,39,Low,NO,Travel Constraint,Provide Transport,Low Priority
2021,SCH_089,Surat,Rural,Female,ST,3,High,76.4,8.58,Low,Low,No,Secondary,Yes,Yes,No,No,4,Secondary,No,0,1,0,25,Low,NO,Travel Constraint,Provide Transport,Low Priority
2025,SCH_080,Valsad,Tribal,Female,OBC,9,Low,94.7,0.5,High,Medium,Yes,Primary,No,Yes,No,No,3,Primary,No,1,0,0,22,Low,NO,Social Factor,Community Engagement,Low Priority
2020,SCH_053,Jamnagar,Urban,Male,SC,1,High,60.6,18.2,Medium,Low,No,Secondary,Yes,No,Yes,Yes,8,Graduate,No,0,1,1,45,Medium,NO,Academic Disengagement,Counselling Support,Monitor
2024,SCH_014,Valsad,Rural,Male,OBC,8,High,72.0,24.24,Low,Low,Yes,Secondary,Yes,Yes,No,No,5,Illiterate,Yes,0,1,0,28,Low,NO,Travel Constraint,Provide Transport,Low Priority
2021,SCH_180,Anand,Tribal,Female,SC,6,Low,41.2,21.91,Low,Low,Yes,Graduate,Yes,Yes,No,No,8,Illiterate,Yes,0,1,1,53,Medium,NO,Academic Disengagement,Counselling Support,Monitor
2020,SCH_061,Surat,Rural,Female,OBC,1,Medium,66.1,7.76,Medium,High,Yes,Primary,Yes,Yes,No,No,4,Primary,Yes,0,1,1,21,Low,NO,Academic Disengagement,Counselling Support,Low Priority
2022,SCH_116,Bharuch,Urban,Female,OBC,2,Low,87.6,22.82,Medium,Low,No,Secondary,Yes,No,No,No,8,Illiterate,Yes,0,1,0,26,Low,NO,Travel Constraint,Provide Transport,Low Priority
2023,SCH_044,Amreli,Tribal,Male,General,11,Low,77.1,17.42,Medium,Medium,No,Primary,Yes,Yes,No,Yes,5,Illiterate,Yes,1,1,0,25,Low,NO,Travel Constraint,Provide Transport,Low Priority
2019,SCH_156,Dahod,Rural,Female,OBC,2,Very Low,96.9,12.8,Low,Medium,Yes,Primary,Yes,Yes,Yes,No,3,Illiterate,No,0,1,0,43,Medium,NO,Travel Constraint,Provide Transport,Monitor
2023,SCH_033,Gandhinagar,Rural,Male,OBC,12,Low,86.9,1.4,Medium,Medium,No,Secondary,No,Yes,No,No,2,Secondary,No,1,0,0,16,Low,NO,Social Factor,Community Engagement,Low Priority
2020,SCH_038,Kutch,Rural,Male,General,5,Very Low,65.7,0.19,Medium,Medium,Yes,Illiterate,Yes,Yes,No,No,4,Illiterate,Yes,0,0,1,26,Low,NO,Academic Disengagement,Counselling Support,Low Priority
2019,SCH_093,Morbi,Urban,Male,OBC,6,Medium,48.6,16.8,High,Low,No,Illiterate,Yes,No,No,No,4,Primary,No,0,1,1,41,Medium,NO,Academic Disengagement,Counselling Support,Monitor
2020,SCH_023,Surat,Rural,Male,General,12,Low,91.5,19.89,Medium,Low,No,Illiterate,Yes,Yes,No,No,7,Illiterate,Yes,1,1,0,32,Low,NO,Travel Constraint,Provide Transport,Low Priority
2024,SCH_002,Sabarkantha,Rural,Female,OBC,12,Low,58.5,3.85,Medium,Low,No,Graduate,No,No,No,No,6,Illiterate,No,1,0,1,46,Medium,NO,Academic Disengagement,Counselling Support,Monitor
2021,SCH_038,Kutch,Tribal,Female,General,8,Very Low,78.8,26.17,Low,Low,No,Graduate,Yes,No,No,No,5,Illiterate,No,0,1,0,51,Medium,NO,Travel Constraint,Provide Transport,Monitor
2025,SCH_121,Kutch,Urban,Female,General,2,Very Low,41.2,2.62,Medium,Medium,Yes,Illiterate,Yes,No,No,No,5,Illiterate,No,0,0,1,33,Low,NO,Academic Disengagement,Counselling Support,Low Priority
2021,SCH_147,Valsad,Urban,Female,General,9,Medium,71.7,5.61,High,Medium,No,Primary,No,Yes,No,No,6,Illiterate,Yes,1,1,0,38,Low,NO,Travel Constraint,Provide Transport,Low Priority
2023,SCH_127,Vadodara,Rural,Female,OBC,1,Low,68.9,25.62,Low,Medium,Yes,Illiterate,Yes,Yes,No,No,5,Primary,No,0,1,1,44,Medium,NO,Academic Disengagement,Counselling Support,Monitor
2019,SCH_045,Patan,Tribal,Male,General,3,Medium,85.2,27.91,High,Medium,No,Illiterate,No,No,No,No,7,Secondary,Yes,0,1,0,20,Low,NO,Travel Constraint,Provide Transport,Low Priority
2021,SCH_049,Anand,Urban,Female,SC,6,Medium,83.3,2.68,Medium,Low,Yes,Illiterate,No,Yes,Yes,No,7,Secondary,No,0,0,0,25,Low,NO,Social Factor,Community Engagement,Low Priority
2023,SCH_022,Patan,Rural,Female,OBC,11,Very Low,65.9,4.33,Low,High,Yes,Primary,Yes,No,No,No,4,Secondary,No,1,0,1,47,Medium,NO,Academic Disengagement,Counselling Support,Monitor
2023,SCH_110,Valsad,Urban,Male,SC,11,Very Low,62.6,16.94,Medium,Low,Yes,Primary,Yes,Yes,No,No,4,Primary,Yes,1,1,1,56,Medium,NO,Academic Disengagement,Counselling Support,Monitor
2022,SCH_042,Valsad,Tribal,Male,ST,3,Very Low,72.7,15.66,Medium,Medium,Yes,Graduate,Yes,No,Yes,No,6,Secondary,No,0,1,0,53,Medium,NO,Travel Constraint,Provide Transport,Monitor
2022,SCH_044,Anand,Rural,Male,OBC,11,High,98.3,0.25,Low,High,Yes,Primary,Yes,Yes,No,No,7,Secondary,No,1,0,0,35,Low,NO,Social Factor,Community Engagement,Low Priority
2019,SCH_089,Patan,Rural,Female,SC,8,Medium,82.1,0.23,Low,Low,Yes,Primary,No,No,No,Yes,8,Illiterate,No,0,0,0,32,Low,NO,Social Factor,Community Engagement,Low Priority
2020,SCH_138,Sabarkantha,Urban,Female,OBC,9,High,57.1,20.49,Medium,Medium,Yes,Primary,Yes,Yes,No,No,2,Illiterate,Yes,1,1,1,41,Medium,NO,Academic Disengagement,Counselling Support,Monitor
2022,SCH_028,Patan,Rural,Female,OBC,3,Very Low,80.3,9.85,Medium,Medium,Yes,Secondary,Yes,Yes,No,No,4,Primary,No,0,1,0,25,Low,NO,Travel Constraint,Provide Transport,Low Priority
2023,SCH_062,Valsad,Tribal,Male,OBC,8,Very Low,49.3,8.52,Medium,Medium,No,Primary,Yes,Yes,No,No,3,Graduate,Yes,0,1,1,48,Medium,NO,Academic Disengagement,Counselling Support,Monitor
2023,SCH_085,Morbi,Rural,Male,OBC,5,Medium,61.1,17.71,Medium,Low,Yes,Primary,Yes,No,Yes,No,3,Primary,No,0,1,1,55,Medium,NO,Academic Disengagement,Counselling Support,Monitor
2019,SCH_163,Valsad,Rural,Male,SC,7,Low,72.2,11.05,Medium,Medium,Yes,Primary,Yes,Yes,No,Yes,4,Graduate,Yes,0,1,0,22,Low,NO,Travel Constraint,Provide Transport,Low Priority
2019,SCH_073,Mehsana,Urban,Female,SC,11,High,76.4,23.88,Low,Medium,Yes,Primary,Yes,Yes,No,No,7,Graduate,Yes,1,1,0,31,Low,NO,Travel Constraint,Provide Transport,Low Priority
2024,SCH_041,Surat,Tribal,Female,OBC,3,Medium,57.2,24.48,Medium,Medium,No,Primary,No,Yes,No,No,2,Primary,Yes,0,1,1,38,Low,NO,Academic Disengagement,Counselling Support,Low Priority
2022,SCH_050,Surat,Rural,Female,ST,12,Very Low,93.6,8.07,Low,Medium,Yes,Graduate,Yes,Yes,No,Yes,7,Primary,Yes,1,1,0,46,Medium,NO,Travel Constraint,Provide Transport,Monitor
2023,SCH_052,Mehsana,Rural,Female,OBC,2,Very Low,40.5,8.39,Low,Medium,Yes,Secondary,No,Yes,No,No,7,Illiterate,Yes,0,1,1,54,Medium,NO,Academic Disengagement,Counselling Support,Monitor
2022,SCH_179,Anand,Tribal,Male,ST,6,Low,94.4,23.25,Low,High,Yes,Illiterate,Yes,Yes,No,Yes,6,Graduate,No,0,1,0,31,Low,NO,Travel Constraint,Provide Transport,Low Priority
2021,SCH_031,Navsari,Rural,Male,OBC,5,High,53.5,7.92,Low,Medium,No,Primary,No,No,No,No,8,Primary,Yes,0,1,1,36,Low,NO,Academic Disengagement,Counselling Support,Low Priority
2019,SCH_056,Bharuch,Urban,Female,ST,3,Very Low,78.8,19.78,High,Medium,No,Secondary,Yes,Yes,No,No,5,Primary,Yes,0,1,0,21,Low,NO,Travel Constraint,Provide Transport,Low Priority
2021,SCH_125,Sabarkantha,Rural,Male,General,12,High,56.6,6.34,High,Medium,No,Primary,Yes,Yes,No,No,7,Secondary,Yes,1,1,1,49,Medium,NO,Academic Disengagement,Counselling Support,Monitor
2024,SCH_001,Rajkot,Tribal,Male,OBC,8,Medium,80.3,18.78,Medium,High,Yes,Illiterate,Yes,Yes,Yes,No,2,Primary,No,0,1,0,31,Low,NO,Travel Constraint,Provide Transport,Low Priority
2023,SCH_108,Amreli,Rural,Male,General,3,Very Low,72.0,8.91,Medium,Medium,No,Illiterate,Yes,Yes,No,No,3,Primary,No,0,1,0,28,Low,NO,Travel Constraint,Provide Transport,Low Priority
2020,SCH_121,Jamnagar,Rural,Male,SC,6,Low,76.2,14.09,Low,Medium,Yes,Illiterate,No,Yes,No,No,7,Secondary,No,0,1,0,33,Low,NO,Travel Constraint,Provide Transport,Low Priority
2022,SCH_066,Ahmedabad,Urban,Female,OBC,4,Very Low,64.8,11.71,High,Medium,Yes,Primary,Yes,Yes,No,No,7,Primary,No,0,1,1,28,Low,NO,Academic Disengagement,Counselling Support,Low Priority
2024,SCH_169,Anand,Tribal,Female,OBC,12,High,64.4,9.03,Low,Medium,No,Secondary,Yes,Yes,No,No,4,Illiterate,No,1,1,1,56,Medium,NO,Academic Disengagement,Counselling Support,Monitor
2023,SCH_143,Bharuch,Rural,Female,SC,7,Very Low,87.0,20.87,Medium,Low,No,Secondary,Yes,Yes,No,No,2,Graduate,No,0,1,0,33,Low,NO,Travel Constraint,Provide Transport,Low Priority
2022,SCH_056,Mehsana,Rural,Male,General,2,High,59.4,1.31,Medium,High,No,Graduate,No,No,No,Yes,3,Secondary,No,0,0,1,28,Low,NO,Academic Disengagement,Counselling Support,Low Priority
2021,SCH_058,Amreli,Rural,Male,ST,4,Low,80.4,1.42,High,Low,Yes,Secondary,Yes,Yes,No,No,3,Secondary,Yes,0,0,0,21,Low,NO,Social Factor,Community Engagement,Low Priority
2019,SCH_003,Anand,Urban,Male,ST,8,Very Low,69.5,5.15,Medium,Low,Yes,Primary,No,Yes,No,Yes,6,Primary,No,0,1,1,44,Medium,NO,Academic Disengagement,Counselling Support,Monitor
2021,SCH_144,Dahod,Rural,Male,General,11,Very Low,80.8,9.74,Low,Low,Yes,Secondary,Yes,No,No,No,6,Illiterate,Yes,1,1,0,44,Medium,NO,Travel Constraint,Provide Transport,Monitor
2025,SCH_099,Anand,Urban,Female,OBC,7,Very Low,62.9,4.86,Low,High,No,Primary,Yes,Yes,No,No,2,Secondary,Yes,0,0,1,31,Low,NO,Academic Disengagement,Counselling Support,Low Priority
2022,SCH_001,Surat,Urban,Female,SC,2,Low,71.0,9.65,Medium,Medium,No,Illiterate,No,Yes,No,No,4,Primary,No,0,1,0,19,Low,NO,Travel Constraint,Provide Transport,Low Priority
2019,SCH_110,Jamnagar,Urban,Male,ST,9,High,81.3,22.79,High,Medium,Yes,Graduate,Yes,Yes,No,No,5,Primary,Yes,1,1,0,36,Low,NO,Travel Constraint,Provide Transport,Low Priority
2020,SCH_079,Bharuch,Urban,Male,OBC,12,Very Low,44.9,4.56,Medium,Medium,Yes,Primary,No,No,No,Yes,3,Graduate,No,1,0,1,38,Low,NO,Academic Disengagement,Counselling Support,Low Priority
2024,SCH_136,Dahod,Urban,Female,General,11,Medium,43.0,21.15,Low,Medium,Yes,Primary,No,No,No,Yes,3,Primary,No,1,1,1,55,Medium,NO,Academic Disengagement,Counselling Support,Monitor
2021,SCH_118,Dahod,Rural,Male,OBC,12,Low,85.0,13.46,Low,Low,Yes,Primary,No,Yes,No,No,6,Graduate,No,1,1,0,37,Low,NO,Travel Constraint,Provide Transport,Low Priority
2022,SCH_015,Valsad,Rural,Female,SC,10,Very Low,96.1,25.04,Low,High,No,Illiterate,Yes,Yes,No,No,8,Illiterate,Yes,1,1,0,50,Medium,NO,Travel Constraint,Provide Transport,Monitor
2021,SCH_073,Morbi,Rural,Male,SC,4,Low,74.5,10.41,Low,Medium,Yes,Secondary,Yes,Yes,No,No,8,Primary,No,0,1,0,25,Low,NO,Travel Constraint,Provide Transport,Low Priority
2019,SCH_045,Amreli,Tribal,Male,OBC,1,Medium,69.5,5.67,High,High,No,Primary,Yes,Yes,No,No,8,Secondary,Yes,0,1,1,33,Low,NO,Academic Disengagement,Counselling Support,Low Priority
2022,SCH_066,Vadodara,Tribal,Male,SC,6,Low,86.7,8.74,Medium,Medium,Yes,Primary,Yes,Yes,No,No,3,Illiterate,No,0,1,0,14,Low,NO,Travel Constraint,Provide Transport,Low Priority
2023,SCH_071,Banaskantha,Urban,Female,ST,9,Medium,71.6,25.57,Medium,Medium,No,Illiterate,Yes,Yes,No,No,2,Illiterate,No,1,1,0,37,Low,NO,Travel Constraint,Provide Transport,Low Priority
2019,SCH_103,Jamnagar,Urban,Female,General,7,Very Low,79.5,15.67,Medium,Low,No,Secondary,No,No,No,Yes,7,Primary,No,0,1,0,30,Low,NO,Travel Constraint,Provide Transport,Low Priority
2022,SCH_131,Patan,Rural,Female,OBC,9,Low,69.4,18.33,Low,Low,No,Graduate,Yes,Yes,Yes,No,5,Illiterate,Yes,1,1,1,54,Medium,NO,Academic Disengagement,Counselling Support,Monitor
2020,SCH_148,Patan,Urban,Female,OBC,5,Low,94.3,21.62,Medium,Low,No,Secondary,No,Yes,No,No,3,Primary,Yes,0,1,0,10,Low,NO,Travel Constraint,Provide Transport,Low Priority
2025,SCH_077,Mehsana,Rural,Male,OBC,3,Very Low,57.5,27.17,Medium,Low,Yes,Illiterate,Yes,No,No,No,4,Graduate,No,0,1,1,48,Medium,NO,Academic Disengagement,Counselling Support,Monitor
2020,SCH_136,Vadodara,Urban,Female,OBC,4,Low,69.0,21.62,High,Low,No,Secondary,No,Yes,No,No,4,Primary,Yes,0,1,1,49,Medium,NO,Academic Disengagement,Counselling Support,Monitor
2021,SCH_093,Dahod,Rural,Female,OBC,5,High,67.3,5.65,High,High,Yes,Graduate,No,Yes,No,No,7,Illiterate,No,0,1,1,34,Low,NO,Academic Disengagement,Counselling Support,Low Priority
2022,SCH_137,Gandhinagar,Tribal,Male,General,9,Low,97.4,2.53,Medium,Medium,No,Graduate,Yes,Yes,No,No,8,Primary,Yes,1,0,0,30,Low,NO,Social Factor,Community Engagement,Low Priority
2019,SCH_016,Bharuch,Rural,Female,SC,6,Low,80.7,12.57,High,High,No,Secondary,Yes,No,Yes,No,2,Primary,No,0,1,0,27,Low,NO,Travel Constraint,Provide Transport,Low Priority
2024,SCH_026,Patan,Urban,Male,SC,7,Medium,93.8,23.1,High,Medium,Yes,Secondary,Yes,No,No,No,2,Illiterate,No,0,1,0,25,Low,NO,Travel Constraint,Provide Transport,Low Priority
2023,SCH_178,Dahod,Rural,Female,SC,11,Low,61.4,2.43,High,Medium,No,Primary,Yes,Yes,No,No,2,Illiterate,Yes,1,0,1,38,Low,NO,Academic Disengagement,Counselling Support,Low Priority
2019,SCH_044,Anand,Urban,Female,SC,3,Low,49.8,4.11,Low,Medium,No,Secondary,No,Yes,No,No,3,Secondary,Yes,0,0,1,24,Low,NO,Academic Disengagement,Counselling Support,Low Priority
2023,SCH_111,Morbi,Rural,Female,SC,2,High,89.8,6.94,Low,Low,No,Primary,Yes,Yes,No,No,7,Illiterate,Yes,0,1,0,28,Low,NO,Travel Constraint,Provide Transport,Low Priority
2023,SCH_125,Navsari,Urban,Female,OBC,11,Low,58.0,1.28,High,High,No,Illiterate,Yes,Yes,No,No,3,Illiterate,No,1,0,1,33,Low,NO,Academic Disengagement,Counselling Support,Low Priority
2020,SCH_173,Vadodara,Urban,Female,OBC,12,Very Low,46.3,20.25,Low,Medium,Yes,Primary,Yes,No,No,No,2,Illiterate,Yes,1,1,1,51,Medium,NO,Academic Disengagement,Counselling Support,Monitor
2024,SCH_102,Amreli,Tribal,Male,General,3,Low,61.7,24.83,Low,Medium,Yes,Secondary,Yes,Yes,No,No,2,Illiterate,Yes,0,1,1,35,Low,NO,Academic Disengagement,Counselling Support,Low Priority
2025,SCH_157,Navsari,Rural,Male,SC,9,Low,97.2,18.01,High,Medium,Yes,Illiterate,Yes,No,No,No,4,Secondary,No,1,1,0,32,Low,NO,Travel Constraint,Provide Transport,Low Priority
2021,SCH_151,Ahmedabad,Urban,Female,ST,11,High,66.0,14.06,Low,Medium,Yes,Illiterate,Yes,Yes,No,No,6,Illiterate,No,1,1,1,32,Low,NO,Academic Disengagement,Counselling Support,Low Priority
2022,SCH_069,Bhavnagar,Urban,Female,General,7,Very Low,49.6,27.72,High,High,No,Graduate,Yes,Yes,No,No,5,Primary,No,0,1,1,34,Low,NO,Academic Disengagement,Counselling Support,Low Priority
2020,SCH_020,Banaskantha,Urban,Male,SC,7,Medium,64.4,10.04,Medium,Medium,Yes,Primary,Yes,No,No,No,8,Graduate,No,0,1,1,20,Low,NO,Academic Disengagement,Counselling Support,Low Priority
2024,SCH_072,Jamnagar,Tribal,Female,General,2,Low,56.0,5.17,Medium,Medium,Yes,Illiterate,Yes,No,No,No,8,Primary,Yes,0,1,1,34,Low,NO,Academic Disengagement,Counselling Support,Low Priority
2019,SCH_076,Bhavnagar,Urban,Male,OBC,8,Medium,45.6,9.85,High,Low,Yes,Illiterate,Yes,No,No,No,7,Primary,No,0,1,1,31,Low,NO,Academic Disengagement,Counselling Support,Low Priority
2020,SCH_044,Mehsana,Rural,Female,General,10,Very Low,89.6,5.19,Medium,Medium,Yes,Secondary,Yes,Yes,No,No,4,Illiterate,No,1,1,0,40,Low,NO,Travel Constraint,Provide Transport,Low Priority
2019,SCH_166,Banaskantha,Tribal,Female,OBC,8,High,57.9,9.8,Low,Low,No,Secondary,No,No,Yes,No,4,Illiterate,No,0,1,1,57,Medium,NO,Academic Disengagement,Counselling Support,Monitor
2024,SCH_166,Valsad,Urban,Male,OBC,10,Low,98.7,24.89,Medium,Medium,Yes,Secondary,Yes,Yes,No,No,8,Secondary,No,1,1,0,17,Low,NO,Travel Constraint,Provide Transport,Low Priority
2019,SCH_154,Kutch,Urban,Male,SC,12,Very Low,71.0,9.69,Low,High,Yes,Graduate,Yes,No,Yes,No,8,Primary,No,1,1,0,60,Medium,NO,Travel Constraint,Provide Transport,Monitor
2019,SCH_112,Vadodara,Urban,Male,ST,7,Very Low,50.9,1.76,Low,Medium,Yes,Illiterate,Yes,No,Yes,No,8,Illiterate,No,0,0,1,47,Medium,NO,Academic Disengagement,Counselling Support,Monitor
2019,SCH_065,Rajkot,Rural,Male,OBC,9,Very Low,58.3,13.3,Medium,Low,No,Secondary,Yes,No,No,No,6,Graduate,Yes,1,1,1,43,Medium,NO,Academic Disengagement,Counselling Support,Monitor
2021,SCH_044,Ahmedabad,Urban,Male,OBC,4,Medium,41.1,3.19,Low,Medium,Yes,Illiterate,Yes,Yes,No,No,2,Primary,No,0,0,1,39,Low,NO,Academic Disengagement,Counselling Support,Low Priority
2020,SCH_140,Valsad,Rural,Female,ST,5,High,93.7,4.54,Medium,Medium,Yes,Illiterate,Yes,Yes,No,No,3,Illiterate,Yes,0,0,0,17,Low,NO,Social Factor,Community Engagement,Low Priority
2021,SCH_099,Patan,Tribal,Male,SC,12,High,74.6,22.88,Medium,Medium,No,Illiterate,Yes,Yes,No,No,2,Illiterate,No,1,1,0,28,Low,NO,Travel Constraint,Provide Transport,Low Priority
2024,SCH_048,Patan,Rural,Female,OBC,3,Medium,46.5,15.04,Low,Medium,Yes,Secondary,Yes,Yes,No,No,5,Secondary,Yes,0,1,1,21,Low,NO,Academic Disengagement,Counselling Support,Low Priority
2024,SCH_013,Morbi,Urban,Male,SC,6,High,41.8,16.95,Low,Low,Yes,Graduate,No,No,No,No,4,Illiterate,Yes,0,1,1,28,Low,NO,Academic Disengagement,Counselling Support,Low Priority
2022,SCH_016,Junagadh,Rural,Female,ST,10,High,46.9,17.45,High,Medium,Yes,Primary,Yes,No,No,No,7,Secondary,No,1,1,1,33,Low,NO,Academic Disengagement,Counselling Support,Low Priority
2024,SCH_075,Banaskantha,Rural,Female,General,2,Very Low,45.0,27.1,Low,Medium,No,Primary,Yes,No,No,No,5,Primary,No,0,1,1,37,Low,NO,Academic Disengagement,Counselling Support,Low Priority
2022,SCH_145,Navsari,Tribal,Female,SC,10,Medium,56.2,22.02,Medium,Medium,Yes,Primary,Yes,No,Yes,No,6,Illiterate,No,1,1,1,74,High,YES,Academic Disengagement,Counselling Support,Immediate
2024,SCH_021,Bharuch,Urban,Male,General,10,Medium,67.5,27.2,Medium,Low,Yes,Illiterate,Yes,No,Yes,No,2,Secondary,No,1,1,1,50,Medium,NO,Academic Disengagement,Counselling Support,Monitor
2021,SCH_169,Anand,Rural,Male,OBC,3,Low,58.9,22.53,High,Medium,Yes,Illiterate,No,Yes,No,No,8,Primary,Yes,0,1,1,28,Low,NO,Academic Disengagement,Counselling Support,Low Priority
2022,SCH_162,Rajkot,Rural,Male,OBC,2,Very Low,83.7,7.41,Low,High,Yes,Primary,No,Yes,No,No,5,Illiterate,No,0,1,0,28,Low,NO,Travel Constraint,Provide Transport,Low Priority
2024,SCH_112,Morbi,Rural,Male,ST,6,Low,75.8,17.61,Low,Medium,Yes,Illiterate,Yes,No,No,No,2,Primary,Yes,0,1,0,25,Low,NO,Travel Constraint,Provide Transport,Low Priority
2023,SCH_083,Valsad,Rural,Male,SC,5,High,57.2,20.03,Medium,Medium,Yes,Illiterate,Yes,No,Yes,No,2,Secondary,Yes,0,1,1,43,Medium,NO,Academic Disengagement,Counselling Support,Monitor
2022,SCH_174,Sabarkantha,Rural,Female,OBC,7,Low,84.1,25.33,Medium,Medium,Yes,Graduate,Yes,No,No,No,2,Primary,No,0,1,0,21,Low,NO,Travel Constraint,Provide Transport,Low Priority
2023,SCH_035,Rajkot,Urban,Male,SC,2,Medium,43.0,10.45,High,High,Yes,Secondary,No,Yes,No,No,4,Illiterate,Yes,0,1,1,32,Low,NO,Academic Disengagement,Counselling Support,Low Priority
2022,SCH_068,Kutch,Urban,Female,General,4,Medium,75.1,11.38,Low,Medium,No,Primary,No,Yes,No,No,3,Secondary,No,0,1,0,28,Low,NO,Travel Constraint,Provide Transport,Low Priority
2023,SCH_066,Patan,Rural,Female,OBC,11,Low,55.0,0.27,High,High,Yes,Secondary,Yes,No,Yes,No,8,Illiterate,No,1,0,1,62,Medium,NO,Academic Disengagement,Counselling Support,Monitor
2025,SCH_116,Rajkot,Rural,Female,SC,6,High,73.6,3.37,Medium,Medium,Yes,Graduate,Yes,No,No,Yes,4,Secondary,No,0,0,0,16,Low,NO,Social Factor,Community Engagement,Low Priority
2023,SCH_171,Rajkot,Urban,Male,ST,8,Medium,47.6,7.43,Low,High,No,Primary,No,Yes,No,No,4,Graduate,Yes,0,1,1,42,Medium,NO,Academic Disengagement,Counselling Support,Monitor
2022,SCH_002,Mehsana,Tribal,Male,OBC,5,Medium,88.8,1.89,Low,High,No,Secondary,Yes,No,Yes,No,4,Primary,Yes,0,0,0,26,Low,NO,Social Factor,Community Engagement,Low Priority
2020,SCH_020,Bhavnagar,Urban,Female,OBC,1,High,56.6,20.31,Medium,Medium,Yes,Illiterate,Yes,No,No,No,2,Secondary,Yes,0,1,1,20,Low,NO,Academic Disengagement,Counselling Support,Low Priority
2019,SCH_141,Anand,Rural,Male,SC,3,High,82.9,27.05,Medium,Medium,Yes,Primary,Yes,Yes,Yes,No,8,Illiterate,No,0,1,0,32,Low,NO,Travel Constraint,Provide Transport,Low Priority
2020,SCH_112,Anand,Rural,Female,ST,1,Medium,75.2,19.3,Medium,Medium,Yes,Illiterate,Yes,No,Yes,No,4,Secondary,Yes,0,1,0,24,Low,NO,Travel Constraint,Provide Transport,Low Priority
2024,SCH_138,Vadodara,Tribal,Female,SC,4,Very Low,90.6,3.39,Medium,Medium,Yes,Secondary,Yes,Yes,Yes,No,5,Illiterate,No,0,0,0,39,Low,NO,Economic Pressure,Provide Scholarship,Low Priority
2025,SCH_078,Navsari,Urban,Male,SC,12,Very Low,94.8,2.14,Medium,Low,No,Primary,No,Yes,No,No,6,Illiterate,No,1,0,0,48,Medium,NO,Economic Pressure,Provide Scholarship,Monitor
2019,SCH_116,Amreli,Urban,Male,ST,5,Medium,59.0,4.7,Medium,Low,Yes,Illiterate,Yes,No,No,No,7,Primary,Yes,0,0,1,28,Low,NO,Academic Disengagement,Counselling Support,Low Priority
2025,SCH_056,Rajkot,Urban,Female,General,11,Low,92.8,3.77,Low,Low,Yes,Graduate,Yes,Yes,No,No,5,Primary,Yes,1,0,0,27,Low,NO,Social Factor,Community Engagement,Low Priority
2022,SCH_086,Anand,Urban,Female,OBC,5,Low,96.1,14.09,High,Low,No,Primary,Yes,Yes,No,Yes,4,Secondary,Yes,0,1,0,33,Low,NO,Travel Constraint,Provide Transport,Low Priority
2022,SCH_140,Amreli,Tribal,Female,OBC,8,Low,88.9,1.86,High,Medium,Yes,Secondary,Yes,No,No,Yes,2,Secondary,No,0,0,0,26,Low,NO,Social Factor,Community Engagement,Low Priority
2019,SCH_035,Anand,Urban,Female,OBC,9,Very Low,81.1,10.22,Low,Medium,Yes,Secondary,Yes,No,Yes,Yes,4,Secondary,Yes,1,1,0,35,Low,NO,Travel Constraint,Provide Transport,Low Priority
2019,SCH_031,Dahod,Rural,Female,OBC,5,Medium,88.8,25.68,Low,Medium,Yes,Illiterate,No,Yes,No,No,5,Secondary,No,0,1,0,22,Low,NO,Travel Constraint,Provide Transport,Low Priority
2019,SCH_174,Valsad,Urban,Female,SC,6,Medium,60.0,6.4,High,High,Yes,Illiterate,No,Yes,No,No,8,Graduate,Yes,0,1,1,33,Low,NO,Academic Disengagement,Counselling Support,Low Priority
2022,SCH_050,Vadodara,Rural,Female,SC,3,Low,63.0,13.45,High,Low,Yes,Illiterate,Yes,No,No,No,6,Primary,Yes,0,1,1,38,Low,NO,Academic Disengagement,Counselling Support,Low Priority
2022,SCH_040,Dahod,Urban,Female,General,2,Very Low,49.0,7.82,Medium,Medium,Yes,Secondary,Yes,Yes,No,Yes,7,Primary,No,0,1,1,28,Low,NO,Academic Disengagement,Counselling Support,Low Priority
2025,SCH_099,Sabarkantha,Tribal,Female,ST,9,Low,42.9,27.1,Medium,High,Yes,Primary,Yes,Yes,No,No,4,Primary,Yes,1,1,1,48,Medium,NO,Academic Disengagement,Counselling Support,Monitor
2020,SCH_101,Bharuch,Tribal,Female,ST,6,Low,82.7,18.12,Medium,High,No,Illiterate,Yes,Yes,No,No,4,Illiterate,No,0,1,0,31,Low,NO,Travel Constraint,Provide Transport,Low Priority
2024,SCH_177,Navsari,Rural,Male,General,9,Very Low,65.2,21.69,High,Medium,No,Graduate,Yes,No,Yes,No,5,Illiterate,Yes,1,1,1,51,Medium,NO,Academic Disengagement,Counselling Support,Monitor
2019,SCH_077,Gandhinagar,Rural,Female,OBC,12,High,65.9,7.49,Low,Low,No,Primary,No,Yes,Yes,No,4,Secondary,Yes,1,1,1,59,Medium,NO,Academic Disengagement,Counselling Support,Monitor
2021,SCH_044,Jamnagar,Rural,Male,OBC,2,Low,49.0,24.17,High,High,Yes,Graduate,Yes,No,No,No,5,Illiterate,No,0,1,1,33,Low,NO,Academic Disengagement,Counselling Support,Low Priority
2022,SCH_157,Gandhinagar,Tribal,Female,OBC,8,High,62.1,20.28,Medium,High,No,Illiterate,Yes,No,Yes,No,6,Illiterate,Yes,0,1,1,52,Medium,NO,Academic Disengagement,Counselling Support,Monitor
2022,SCH_120,Bhavnagar,Urban,Female,OBC,5,Low,96.4,24.64,High,Medium,Yes,Illiterate,No,No,No,No,2,Secondary,No,0,1,0,11,Low,NO,Travel Constraint,Provide Transport,Low Priority
2020,SCH_080,Morbi,Rural,Female,ST,12,Low,46.8,8.8,Low,Low,Yes,Illiterate,Yes,No,No,No,8,Secondary,Yes,1,1,1,40,Low,NO,Academic Disengagement,Counselling Support,Low Priority
2024,SCH_066,Amreli,Urban,Male,SC,3,Low,46.1,3.79,Low,Medium,Yes,Secondary,No,Yes,No,No,2,Illiterate,Yes,0,0,1,25,Low,NO,Academic Disengagement,Counselling Support,Low Priority
2023,SCH_160,Rajkot,Tribal,Female,ST,4,Low,90.7,26.73,High,Medium,Yes,Primary,No,No,No,Yes,5,Illiterate,No,0,1,0,37,Low,NO,Travel Constraint,Provide Transport,Low Priority
2019,SCH_051,Junagadh,Urban,Male,SC,7,Very Low,55.5,10.75,Medium,Medium,Yes,Primary,No,Yes,No,No,5,Graduate,Yes,0,1,1,32,Low,NO,Academic Disengagement,Counselling Support,Low Priority
2025,SCH_084,Bhavnagar,Rural,Male,ST,12,High,74.4,9.23,Medium,Medium,Yes,Illiterate,No,Yes,Yes,No,5,Illiterate,Yes,1,1,0,38,Low,NO,Travel Constraint,Provide Transport,Low Priority
2021,SCH_062,Sabarkantha,Rural,Male,OBC,9,Medium,56.5,15.85,High,Low,Yes,Secondary,Yes,Yes,No,No,5,Primary,No,1,1,1,38,Low,NO,Academic Disengagement,Counselling Support,Low Priority
2022,SCH_170,Surat,Tribal,Female,SC,3,Very Low,82.9,7.75,Medium,Medium,No,Primary,Yes,No,No,No,6,Graduate,Yes,0,1,0,30,Low,NO,Travel Constraint,Provide Transport,Low Priority
2023,SCH_178,Vadodara,Rural,Male,OBC,2,Low,41.4,18.99,Medium,Medium,No,Primary,No,Yes,No,No,6,Secondary,Yes,0,1,1,43,Medium,NO,Academic Disengagement,Counselling Support,Monitor
2022,SCH_038,Gandhinagar,Rural,Female,ST,11,Very Low,74.8,24.08,Medium,Medium,No,Secondary,No,Yes,No,No,4,Illiterate,No,1,1,0,53,Medium,NO,Travel Constraint,Provide Transport,Monitor
2025,SCH_060,Mehsana,Tribal,Female,OBC,10,Low,61.1,15.19,Low,Medium,No,Primary,Yes,Yes,Yes,No,5,Illiterate,No,1,1,1,56,Medium,NO,Academic Disengagement,Counselling Support,Monitor
2021,SCH_172,Navsari,Urban,Male,ST,6,Very Low,73.5,5.79,Low,Medium,Yes,Primary,Yes,No,No,No,5,Primary,Yes,0,1,0,30,Low,NO,Travel Constraint,Provide Transport,Low Priority
2019,SCH_037,Dahod,Rural,Female,SC,8,Very Low,87.7,16.26,Medium,Medium,Yes,Illiterate,Yes,Yes,No,Yes,3,Primary,No,0,1,0,34,Low,NO,Travel Constraint,Provide Transport,Low Priority
2019,SCH_159,Banaskantha,Rural,Female,General,12,Low,50.3,2.14,Medium,Low,Yes,Illiterate,Yes,Yes,No,No,6,Primary,Yes,1,0,1,47,Medium,NO,Academic Disengagement,Counselling Support,Monitor
2019,SCH_076,Gandhinagar,Urban,Male,OBC,5,Very Low,91.4,0.7,High,High,Yes,Primary,Yes,No,No,No,5,Secondary,No,0,0,0,20,Low,NO,Economic Pressure,Provide Scholarship,Low Priority
2024,SCH_026,Rajkot,Tribal,Male,ST,8,Very Low,72.1,6.99,Low,High,No,Illiterate,Yes,No,No,No,4,Illiterate,Yes,0,1,0,39,Low,NO,Travel Constraint,Provide Transport,Low Priority
2024,SCH_025,Amreli,Tribal,Female,SC,12,Low,85.1,10.58,High,Low,No,Illiterate,No,Yes,No,No,8,Secondary,No,1,1,0,38,Low,NO,Travel Constraint,Provide Transport,Low Priority
2020,SCH_168,Gandhinagar,Tribal,Male,OBC,6,Very Low,60.0,10.76,High,Low,No,Primary,No,No,No,No,2,Primary,No,0,1,1,45,Medium,NO,Academic Disengagement,Counselling Support,Monitor
2024,SCH_054,Patan,Tribal,Female,OBC,12,Very Low,92.3,10.42,Medium,Low,Yes,Secondary,No,No,No,No,6,Secondary,Yes,1,1,0,39,Low,NO,Travel Constraint,Provide Transport,Low Priority
2022,SCH_016,Bhavnagar,Rural,Male,ST,12,High,62.4,8.81,Medium,Low,Yes,Secondary,Yes,Yes,No,No,3,Secondary,No,1,1,1,46,Medium,NO,Academic Disengagement,Counselling Support,Monitor
2023,SCH_107,Anand,Urban,Male,ST,11,Very Low,61.0,15.11,Low,Medium,Yes,Illiterate,Yes,Yes,No,Yes,2,Primary,No,1,1,1,44,Medium,NO,Academic Disengagement,Counselling Support,Monitor
2021,SCH_099,Vadodara,Tribal,Male,SC,6,Very Low,63.7,8.3,High,Medium,Yes,Graduate,No,Yes,No,No,6,Illiterate,No,0,1,1,49,Medium,NO,Academic Disengagement,Counselling Support,Monitor
2020,SCH_054,Jamnagar,Rural,Female,OBC,6,Low,74.5,22.47,Medium,Medium,No,Illiterate,Yes,No,No,No,5,Primary,No,0,1,0,28,Low,NO,Travel Constraint,Provide Transport,Low Priority
2021,SCH_068,Dahod,Rural,Male,SC,3,Very Low,41.6,8.85,Medium,Medium,Yes,Illiterate,Yes,Yes,No,No,6,Graduate,Yes,0,1,1,35,Low,NO,Academic Disengagement,Counselling Support,Low Priority
2019,SCH_102,Bhavnagar,Rural,Female,ST,8,Medium,49.5,19.67,High,Medium,Yes,Primary,No,Yes,No,No,6,Secondary,No,0,1,1,37,Low,NO,Academic Disengagement,Counselling Support,Low Priority
2020,SCH_054,Bhavnagar,Urban,Male,OBC,2,High,54.4,17.58,Medium,High,No,Secondary,Yes,Yes,Yes,No,8,Primary,Yes,0,1,1,32,Low,NO,Academic Disengagement,Counselling Support,Low Priority
2021,SCH_175,Patan,Rural,Male,General,12,Low,72.0,27.16,Medium,Medium,Yes,Secondary,Yes,Yes,No,No,7,Primary,Yes,1,1,0,38,Low,NO,Travel Constraint,Provide Transport,Low Priority
2019,SCH_087,Jamnagar,Rural,Male,OBC,5,Medium,71.9,16.29,High,Medium,No,Graduate,Yes,Yes,No,No,6,Primary,No,0,1,0,18,Low,NO,Travel Constraint,Provide Transport,Low Priority
2022,SCH_115,Banaskantha,Rural,Male,ST,11,Medium,72.0,20.47,Low,Low,No,Illiterate,Yes,Yes,No,No,2,Primary,Yes,1,1,0,41,Medium,NO,Travel Constraint,Provide Transport,Monitor
2019,SCH_103,Gandhinagar,Rural,Male,OBC,10,Low,52.3,4.71,Medium,High,Yes,Illiterate,No,Yes,Yes,No,3,Illiterate,Yes,1,0,1,48,Medium,NO,Academic Disengagement,Counselling Support,Monitor
2019,SCH_024,Vadodara,Rural,Male,General,3,Very Low,90.0,6.79,Medium,Medium,Yes,Illiterate,Yes,No,No,No,2,Graduate,Yes,0,1,0,26,Low,NO,Travel Constraint,Provide Transport,Low Priority
2020,SCH_063,Surat,Tribal,Male,OBC,8,Medium,57.3,12.59,Medium,Low,No,Primary,Yes,Yes,No,No,3,Illiterate,Yes,0,1,1,40,Low,NO,Academic Disengagement,Counselling Support,Low Priority
2022,SCH_165,Bharuch,Rural,Female,OBC,8,Low,44.9,1.74,Low,Low,Yes,Illiterate,Yes,No,No,No,2,Primary,No,0,0,1,39,Low,NO,Academic Disengagement,Counselling Support,Low Priority
2025,SCH_062,Jamnagar,Urban,Female,ST,3,Low,57.5,12.76,Medium,Low,Yes,Illiterate,Yes,Yes,No,No,3,Secondary,No,0,1,1,50,Medium,NO,Academic Disengagement,Counselling Support,Monitor
2022,SCH_023,Kutch,Rural,Male,General,2,Very Low,77.4,14.07,Low,Medium,No,Primary,Yes,No,Yes,No,5,Primary,No,0,1,0,31,Low,NO,Travel Constraint,Provide Transport,Low Priority
2019,SCH_122,Mehsana,Rural,Male,ST,7,Medium,68.2,27.66,Medium,Medium,Yes,Illiterate,Yes,Yes,No,No,3,Illiterate,No,0,1,1,51,Medium,NO,Academic Disengagement,Counselling Support,Monitor
2023,SCH_077,Patan,Rural,Male,OBC,7,Low,57.6,0.43,Medium,Low,Yes,Primary,Yes,Yes,Yes,No,2,Illiterate,No,0,0,1,51,Medium,NO,Academic Disengagement,Counselling Support,Monitor
2023,SCH_132,Sabarkantha,Rural,Male,SC,7,Very Low,61.2,13.73,High,Medium,No,Illiterate,Yes,Yes,Yes,No,2,Primary,Yes,0,1,1,48,Medium,NO,Academic Disengagement,Counselling Support,Monitor
2021,SCH_165,Surat,Rural,Male,General,12,Medium,46.1,23.79,Low,Medium,Yes,Secondary,Yes,No,Yes,No,6,Illiterate,Yes,1,1,1,56,Medium,NO,Academic Disengagement,Counselling Support,Monitor
2024,SCH_102,Valsad,Tribal,Male,OBC,12,Very Low,92.5,13.43,Medium,High,Yes,Secondary,No,No,No,No,8,Illiterate,Yes,1,1,0,42,Medium,NO,Travel Constraint,Provide Transport,Monitor
2021,SCH_117,Vadodara,Urban,Female,General,12,Very Low,95.4,13.9,Medium,Medium,Yes,Graduate,Yes,No,No,No,4,Illiterate,Yes,1,1,0,35,Low,NO,Travel Constraint,Provide Transport,Low Priority
2021,SCH_174,Junagadh,Tribal,Female,SC,10,High,96.6,11.3,Medium,Low,No,Graduate,Yes,No,No,No,5,Secondary,Yes,1,1,0,42,Medium,NO,Travel Constraint,Provide Transport,Monitor
2020,SCH_120,Rajkot,Tribal,Male,ST,4,Medium,76.8,22.99,Medium,Medium,Yes,Illiterate,Yes,Yes,No,No,5,Illiterate,Yes,0,1,0,30,Low,NO,Travel Constraint,Provide Transport,Low Priority
2019,SCH_039,Amreli,Rural,Female,OBC,11,Medium,93.1,1.19,Low,Low,Yes,Graduate,Yes,No,Yes,No,3,Illiterate,Yes,1,0,0,38,Low,NO,Social Factor,Community Engagement,Low Priority
2019,SCH_154,Patan,Rural,Male,OBC,2,Very Low,69.1,8.3,Low,Medium,No,Secondary,No,No,No,No,4,Secondary,No,0,1,1,39,Low,NO,Academic Disengagement,Counselling Support,Low Priority
2022,SCH_096,Sabarkantha,Urban,Female,OBC,10,Medium,59.0,15.02,Low,Medium,Yes,Primary,Yes,Yes,No,No,3,Graduate,No,1,1,1,44,Medium,NO,Academic Disengagement,Counselling Support,Monitor
2025,SCH_053,Surat,Urban,Female,General,3,Very Low,63.5,5.5,Medium,Medium,Yes,Secondary,No,No,No,No,7,Primary,Yes,0,1,1,41,Medium,NO,Academic Disengagement,Counselling Support,Monitor
2022,SCH_040,Anand,Urban,Female,SC,11,High,69.3,25.71,High,Low,No,Primary,Yes,No,No,No,4,Secondary,Yes,1,1,1,45,Medium,NO,Academic Disengagement,Counselling Support,Monitor
2025,SCH_174,Ahmedabad,Rural,Male,ST,9,High,53.6,0.49,Medium,High,Yes,Secondary,No,Yes,No,No,2,Secondary,No,1,0,1,46,Medium,NO,Academic Disengagement,Counselling Support,Monitor
2024,SCH_097,Amreli,Urban,Male,ST,8,Low,44.1,11.63,Low,Medium,No,Illiterate,Yes,No,No,No,3,Primary,No,0,1,1,22,Low,NO,Academic Disengagement,Counselling Support,Low Priority
2021,SCH_080,Dahod,Rural,Male,SC,4,Low,69.3,1.24,Medium,High,Yes,Primary,Yes,Yes,No,No,7,Graduate,Yes,0,0,1,25,Low,NO,Academic Disengagement,Counselling Support,Low Priority
2021,SCH_163,Patan,Rural,Female,SC,11,High,95.9,5.48,Medium,Medium,Yes,Primary,Yes,Yes,Yes,No,4,Primary,No,1,1,0,28,Low,NO,Travel Constraint,Provide Transport,Low Priority
2023,SCH_046,Kutch,Urban,Female,SC,7,Low,57.3,16.73,High,Medium,Yes,Secondary,Yes,Yes,No,No,3,Illiterate,Yes,0,1,1,23,Low,NO,Academic Disengagement,Counselling Support,Low Priority
2020,SCH_002,Kutch,Tribal,Male,ST,8,Low,47.3,13.79,Low,Medium,Yes,Illiterate,No,Yes,No,No,4,Primary,No,0,1,1,49,Medium,NO,Academic Disengagement,Counselling Support,Monitor
2019,SCH_153,Junagadh,Tribal,Female,OBC,7,Medium,55.3,23.66,Low,High,Yes,Secondary,Yes,No,No,No,6,Primary,No,0,1,1,39,Low,NO,Academic Disengagement,Counselling Support,Low Priority
2021,SCH_131,Mehsana,Tribal,Female,OBC,7,Low,66.6,16.35,High,Medium,No,Illiterate,Yes,No,No,No,8,Illiterate,No,0,1,1,43,Medium,NO,Academic Disengagement,Counselling Support,Monitor
2020,SCH_012,Mehsana,Urban,Male,ST,5,Low,73.2,17.57,Medium,High,No,Secondary,No,No,No,No,3,Illiterate,No,0,1,0,24,Low,NO,Travel Constraint,Provide Transport,Low Priority
2022,SCH_153,Rajkot,Tribal,Male,OBC,12,Medium,61.0,8.14,Low,High,No,Secondary,No,No,No,No,6,Illiterate,No,1,1,1,48,Medium,NO,Academic Disengagement,Counselling Support,Monitor
2020,SCH_010,Amreli,Tribal,Male,SC,1,Very Low,72.4,27.55,High,Low,Yes,Primary,Yes,Yes,No,No,3,Graduate,No,0,1,0,37,Low,NO,Travel Constraint,Provide Transport,Low Priority
2025,SCH_167,Morbi,Tribal,Male,OBC,2,Very Low,59.2,9.88,Low,Medium,Yes,Primary,Yes,No,No,No,3,Illiterate,Yes,0,1,1,38,Low,NO,Academic Disengagement,Counselling Support,Low Priority
2020,SCH_028,Junagadh,Urban,Male,General,12,Very Low,80.9,10.44,Medium,Medium,Yes,Secondary,No,Yes,No,No,3,Primary,Yes,1,1,0,24,Low,NO,Travel Constraint,Provide Transport,Low Priority
2019,SCH_013,Mehsana,Rural,Male,General,11,High,96.0,7.69,Medium,Medium,Yes,Graduate,Yes,No,No,No,7,Illiterate,No,1,1,0,28,Low,NO,Travel Constraint,Provide Transport,Low Priority
2019,SCH_017,Sabarkantha,Urban,Male,SC,11,Low,45.7,27.66,Low,Medium,Yes,Secondary,Yes,No,No,No,5,Primary,Yes,1,1,1,43,Medium,NO,Academic Disengagement,Counselling Support,Monitor
2023,SCH_156,Jamnagar,Rural,Female,General,4,Low,60.9,0.22,Medium,Low,Yes,Graduate,No,Yes,Yes,No,6,Secondary,No,0,0,1,52,Medium,NO,Academic Disengagement,Counselling Support,Monitor
2025,SCH_076,Junagadh,Tribal,Female,SC,6,Medium,60.7,15.98,Low,Low,Yes,Illiterate,Yes,No,No,No,8,Primary,Yes,0,1,1,38,Low,NO,Academic Disengagement,Counselling Support,Low Priority
2024,SCH_063,Ahmedabad,Tribal,Male,OBC,4,Low,50.2,22.67,Medium,Low,Yes,Illiterate,No,No,Yes,No,5,Illiterate,Yes,0,1,1,57,Medium,NO,Academic Disengagement,Counselling Support,Monitor
2022,SCH_127,Amreli,Rural,Male,OBC,5,Medium,53.4,23.76,Low,High,Yes,Illiterate,Yes,No,No,No,5,Primary,Yes,0,1,1,49,Medium,NO,Academic Disengagement,Counselling Support,Monitor
2025,SCH_059,Morbi,Rural,Male,OBC,7,Medium,51.3,24.78,Low,High,Yes,Secondary,No,No,No,No,8,Secondary,Yes,0,1,1,37,Low,NO,Academic Disengagement,Counselling Support,Low Priority
2025,SCH_179,Gandhinagar,Rural,Male,SC,9,Low,65.2,23.26,High,High,Yes,Illiterate,Yes,Yes,No,No,6,Illiterate,No,1,1,1,37,Low,NO,Academic Disengagement,Counselling Support,Low Priority
2025,SCH_141,Vadodara,Tribal,Male,SC,3,High,55.1,6.18,Medium,Medium,Yes,Secondary,Yes,Yes,No,No,8,Graduate,Yes,0,1,1,36,Low,NO,Academic Disengagement,Counselling Support,Low Priority
2022,SCH_013,Rajkot,Rural,Male,OBC,7,Medium,99.8,15.31,High,Medium,Yes,Illiterate,No,No,No,No,3,Primary,No,0,1,0,22,Low,NO,Travel Constraint,Provide Transport,Low Priority
2024,SCH_090,Rajkot,Urban,Female,OBC,11,Low,93.3,11.04,Low,Medium,Yes,Primary,Yes,No,No,No,3,Illiterate,No,1,1,0,26,Low,NO,Travel Constraint,Provide Transport,Low Priority
2023,SCH_018,Ahmedabad,Urban,Male,General,3,Medium,50.1,4.83,Low,Medium,Yes,Illiterate,Yes,Yes,No,No,3,Illiterate,No,0,0,1,30,Low,NO,Academic Disengagement,Counselling Support,Low Priority
2020,SCH_059,Bhavnagar,Rural,Male,General,2,Low,96.3,7.19,Medium,High,Yes,Primary,Yes,Yes,No,No,7,Graduate,No,0,1,0,27,Low,NO,Travel Constraint,Provide Transport,Low Priority
2022,SCH_026,Surat,Tribal,Female,OBC,6,Low,66.1,4.17,High,High,Yes,Secondary,Yes,Yes,No,No,3,Illiterate,No,0,0,1,32,Low,NO,Academic Disengagement,Counselling Support,Low Priority
2021,SCH_098,Valsad,Urban,Male,General,3,High,82.1,2.04,Low,High,Yes,Secondary,Yes,No,No,No,7,Secondary,No,0,0,0,25,Low,NO,Social Factor,Community Engagement,Low Priority
2025,SCH_146,Amreli,Rural,Female,OBC,4,Low,67.5,13.29,Medium,Medium,Yes,Primary,Yes,Yes,No,No,6,Secondary,Yes,0,1,1,19,Low,NO,Academic Disengagement,Counselling Support,Low Priority
2022,SCH_049,Dahod,Urban,Female,OBC,1,Medium,48.5,13.98,Low,Medium,No,Secondary,No,Yes,No,Yes,8,Illiterate,No,0,1,1,38,Low,NO,Academic Disengagement,Counselling Support,Low Priority
2021,SCH_171,Mehsana,Tribal,Female,OBC,2,High,56.7,17.34,High,High,Yes,Graduate,Yes,Yes,No,No,3,Primary,Yes,0,1,1,39,Low,NO,Academic Disengagement,Counselling Support,Low Priority
2023,SCH_063,Dahod,Urban,Female,ST,4,Very Low,42.4,13.31,Medium,Medium,Yes,Graduate,Yes,Yes,No,No,2,Graduate,No,0,1,1,36,Low,NO,Academic Disengagement,Counselling Support,Low Priority
2019,SCH_156,Patan,Rural,Female,General,9,Low,69.2,14.22,High,Low,Yes,Primary,Yes,No,No,No,6,Illiterate,Yes,1,1,1,40,Low,NO,Academic Disengagement,Counselling Support,Low Priority
2023,SCH_047,Junagadh,Urban,Female,OBC,12,Low,89.0,13.12,Medium,Low,Yes,Graduate,Yes,Yes,No,No,4,Secondary,No,1,1,0,22,Low,NO,Travel Constraint,Provide Transport,Low Priority
2021,SCH_149,Banaskantha,Tribal,Male,ST,11,Low,58.7,21.62,Medium,Low,Yes,Primary,Yes,Yes,No,No,2,Illiterate,Yes,1,1,1,51,Medium,NO,Academic Disengagement,Counselling Support,Monitor
2023,SCH_034,Vadodara,Rural,Male,OBC,5,Medium,71.5,16.75,Medium,Medium,No,Secondary,No,No,Yes,No,8,Illiterate,No,0,1,0,42,Medium,NO,Travel Constraint,Provide Transport,Monitor
2022,SCH_081,Gandhinagar,Tribal,Female,OBC,3,High,56.3,20.21,High,Low,Yes,Primary,No,Yes,No,No,2,Secondary,No,0,1,1,27,Low,NO,Academic Disengagement,Counselling Support,Low Priority
2023,SCH_057,Gandhinagar,Urban,Female,SC,8,Low,44.3,27.4,Low,Medium,No,Primary,No,No,No,No,5,Secondary,Yes,0,1,1,42,Medium,NO,Academic Disengagement,Counselling Support,Monitor
2024,SCH_141,Ahmedabad,Rural,Female,OBC,3,Low,79.0,17.55,Medium,Medium,Yes,Secondary,Yes,No,No,No,2,Secondary,No,0,1,0,19,Low,NO,Travel Constraint,Provide Transport,Low Priority
2023,SCH_080,Amreli,Urban,Male,OBC,2,Low,98.0,8.31,Low,Low,Yes,Graduate,Yes,Yes,Yes,No,6,Illiterate,No,0,1,0,27,Low,NO,Travel Constraint,Provide Transport,Low Priority
2025,SCH_013,Bharuch,Rural,Male,General,8,Medium,69.2,4.86,High,Medium,Yes,Graduate,Yes,No,No,No,8,Primary,No,0,0,1,17,Low,NO,Academic Disengagement,Counselling Support,Low Priority
2021,SCH_005,Sabarkantha,Urban,Female,OBC,2,Very Low,72.8,20.77,Medium,High,Yes,Primary,Yes,No,No,No,2,Secondary,No,0,1,0,20,Low,NO,Travel Constraint,Provide Transport,Low Priority
2020,SCH_018,Kutch,Tribal,Female,SC,5,Low,81.3,24.09,Medium,High,No,Illiterate,No,No,No,Yes,4,Graduate,Yes,0,1,0,30,Low,NO,Travel Constraint,Provide Transport,Low Priority
2019,SCH_125,Bharuch,Tribal,Male,General,3,Very Low,96.5,0.77,Low,Low,No,Secondary,No,Yes,No,No,5,Illiterate,No,0,0,0,26,Low,NO,Economic Pressure,Provide Scholarship,Low Priority
2022,SCH_171,Mehsana,Rural,Male,OBC,3,Very Low,51.5,23.26,High,Low,No,Primary,Yes,Yes,No,No,5,Illiterate,No,0,1,1,49,Medium,NO,Academic Disengagement,Counselling Support,Monitor
2023,SCH_132,Valsad,Rural,Male,General,3,High,55.1,27.19,Low,High,Yes,Primary,No,No,Yes,Yes,2,Primary,No,0,1,1,57,Medium,NO,Academic Disengagement,Counselling Support,Monitor
2022,SCH_121,Morbi,Rural,Male,SC,1,Medium,47.4,1.03,Medium,Low,No,Primary,Yes,No,No,No,2,Secondary,No,0,0,1,32,Low,NO,Academic Disengagement,Counselling Support,Low Priority
2021,SCH_051,Rajkot,Urban,Male,SC,8,Medium,74.9,24.11,Low,Medium,Yes,Illiterate,Yes,Yes,No,No,5,Illiterate,No,0,1,0,27,Low,NO,Travel Constraint,Provide Transport,Low Priority
2022,SCH_028,Bhavnagar,Rural,Female,OBC,12,Very Low,57.1,10.93,High,High,No,Illiterate,Yes,No,Yes,No,3,Primary,Yes,1,1,1,57,Medium,NO,Academic Disengagement,Counselling Support,Monitor
2025,SCH_106,Kutch,Tribal,Male,OBC,4,Very Low,50.8,15.91,Medium,Low,Yes,Primary,Yes,No,Yes,No,5,Secondary,No,0,1,1,54,Medium,NO,Academic Disengagement,Counselling Support,Monitor
2024,SCH_062,Junagadh,Urban,Male,OBC,8,High,96.2,17.44,Medium,Low,No,Graduate,Yes,No,No,No,4,Graduate,Yes,0,1,0,21,Low,NO,Travel Constraint,Provide Transport,Low Priority
2021,SCH_118,Dahod,Tribal,Male,SC,12,Low,79.5,18.23,High,Low,Yes,Secondary,No,No,No,No,3,Illiterate,No,1,1,0,43,Medium,NO,Travel Constraint,Provide Transport,Monitor
2025,SCH_087,Mehsana,Tribal,Female,OBC,7,Medium,72.3,13.42,High,Low,Yes,Illiterate,Yes,Yes,No,No,8,Graduate,Yes,0,1,0,41,Medium,NO,Travel Constraint,Provide Transport,Monitor
2020,SCH_033,Ahmedabad,Rural,Male,OBC,6,Low,57.4,25.08,Medium,Medium,No,Graduate,Yes,Yes,No,No,7,Illiterate,Yes,0,1,1,28,Low,NO,Academic Disengagement,Counselling Support,Low Priority
2023,SCH_001,Bhavnagar,Rural,Male,SC,9,Very Low,84.6,2.28,Medium,Medium,Yes,Illiterate,Yes,No,Yes,No,2,Secondary,Yes,1,0,0,34,Low,NO,Economic Pressure,Provide Scholarship,Low Priority
2024,SCH_163,Dahod,Urban,Female,OBC,12,Low,64.2,21.54,High,Medium,Yes,Illiterate,No,Yes,No,Yes,6,Illiterate,No,1,1,1,43,Medium,NO,Academic Disengagement,Counselling Support,Monitor
2019,SCH_099,Mehsana,Tribal,Male,General,12,Medium,72.5,13.2,Medium,Low,No,Primary,Yes,Yes,No,Yes,4,Illiterate,No,1,1,0,49,Medium,NO,Travel Constraint,Provide Transport,Monitor
2021,SCH_128,Bhavnagar,Rural,Male,OBC,11,Medium,60.0,24.11,Medium,Low,No,Illiterate,Yes,Yes,No,No,2,Illiterate,No,1,1,1,35,Low,NO,Academic Disengagement,Counselling Support,Low Priority
2025,SCH_034,Junagadh,Rural,Female,SC,1,Low,86.5,26.57,Low,Low,No,Primary,Yes,No,No,No,6,Illiterate,Yes,0,1,0,31,Low,NO,Travel Constraint,Provide Transport,Low Priority
2021,SCH_101,Navsari,Rural,Male,ST,12,Very Low,92.8,12.51,High,High,Yes,Primary,Yes,Yes,No,No,8,Primary,No,1,1,0,40,Low,NO,Travel Constraint,Provide Transport,Low Priority
2019,SCH_070,Mehsana,Urban,Male,General,10,High,94.0,2.7,Low,Low,No,Graduate,No,No,No,No,6,Primary,No,1,0,0,35,Low,NO,Social Factor,Community Engagement,Low Priority
2023,SCH_144,Gandhinagar,Rural,Female,SC,11,Medium,72.6,5.44,Medium,Medium,Yes,Primary,No,Yes,No,No,4,Primary,No,1,1,0,25,Low,NO,Travel Constraint,Provide Transport,Low Priority
2024,SCH_016,Amreli,Rural,Male,SC,5,Very Low,43.5,4.84,Low,Medium,No,Primary,Yes,No,No,No,4,Graduate,No,0,0,1,34,Low,NO,Academic Disengagement,Counselling Support,Low Priority
2019,SCH_114,Surat,Rural,Female,OBC,3,Low,87.1,18.32,Medium,Medium,No,Primary,Yes,Yes,No,No,4,Primary,Yes,0,1,0,20,Low,NO,Travel Constraint,Provide Transport,Low Priority
2021,SCH_065,Patan,Tribal,Male,SC,3,Low,44.2,17.28,Low,Medium,No,Graduate,Yes,Yes,No,No,3,Illiterate,No,0,1,1,63,Medium,NO,Academic Disengagement,Counselling Support,Monitor
2021,SCH_071,Vadodara,Rural,Male,SC,6,Medium,53.6,6.9,High,Medium,No,Illiterate,No,Yes,No,No,5,Secondary,Yes,0,1,1,40,Low,NO,Academic Disengagement,Counselling Support,Low Priority
2023,SCH_015,Surat,Urban,Female,General,12,Low,48.4,25.79,High,Medium,Yes,Illiterate,No,Yes,No,No,3,Secondary,Yes,1,1,1,40,Low,NO,Academic Disengagement,Counselling Support,Low Priority
2021,SCH_108,Bharuch,Urban,Male,SC,10,Very Low,83.7,4.71,High,Medium,Yes,Secondary,Yes,No,No,No,6,Secondary,Yes,1,0,0,20,Low,NO,Economic Pressure,Provide Scholarship,Low Priority
2019,SCH_069,Junagadh,Rural,Male,ST,6,Very Low,76.3,22.81,Low,Medium,No,Primary,Yes,Yes,No,No,3,Secondary,Yes,0,1,0,32,Low,NO,Travel Constraint,Provide Transport,Low Priority
2020,SCH_018,Surat,Tribal,Male,OBC,9,Very Low,76.7,9.77,Medium,High,No,Secondary,Yes,Yes,No,No,8,Illiterate,No,1,1,0,35,Low,NO,Travel Constraint,Provide Transport,Low Priority
2024,SCH_138,Navsari,Rural,Female,OBC,9,Low,48.5,27.71,Medium,Medium,Yes,Secondary,Yes,Yes,No,No,2,Primary,No,1,1,1,41,Medium,NO,Academic Disengagement,Counselling Support,Monitor
2020,SCH_109,Patan,Rural,Male,ST,12,Medium,66.7,24.95,Medium,Low,Yes,Illiterate,Yes,Yes,No,No,7,Primary,No,1,1,1,43,Medium,NO,Academic Disengagement,Counselling Support,Monitor
2022,SCH_012,Kutch,Urban,Female,ST,12,Very Low,44.1,3.46,Medium,Medium,Yes,Illiterate,Yes,Yes,No,No,6,Secondary,No,1,0,1,56,Medium,NO,Academic Disengagement,Counselling Support,Monitor
2022,SCH_118,Morbi,Urban,Female,ST,12,High,61.0,4.48,Low,Medium,Yes,Graduate,No,Yes,No,No,6,Graduate,No,1,0,1,43,Medium,NO,Academic Disengagement,Counselling Support,Monitor
2019,SCH_129,Junagadh,Urban,Female,General,10,High,69.6,0.24,Medium,Medium,Yes,Illiterate,No,Yes,No,No,8,Illiterate,No,1,0,1,39,Low,NO,Academic Disengagement,Counselling Support,Low Priority
2025,SCH_150,Dahod,Urban,Male,SC,11,Low,57.8,12.39,Low,Medium,Yes,Illiterate,Yes,No,Yes,No,3,Primary,No,1,1,1,50,Medium,NO,Academic Disengagement,Counselling Support,Monitor
2022,SCH_141,Mehsana,Rural,Female,General,6,Low,48.6,9.56,High,Medium,Yes,Primary,Yes,No,No,No,2,Secondary,No,0,1,1,28,Low,NO,Academic Disengagement,Counselling Support,Low Priority
2021,SCH_005,Rajkot,Urban,Female,OBC,8,Medium,47.6,10.2,Medium,Low,Yes,Primary,Yes,Yes,No,Yes,3,Illiterate,No,0,1,1,28,Low,NO,Academic Disengagement,Counselling Support,Low Priority
2024,SCH_068,Patan,Urban,Male,OBC,1,High,95.1,8.77,Medium,Medium,Yes,Primary,Yes,Yes,No,No,2,Primary,Yes,0,1,0,13,Low,NO,Travel Constraint,Provide Transport,Low Priority
2019,SCH_120,Anand,Urban,Male,OBC,12,Very Low,55.7,16.38,High,Low,No,Secondary,Yes,No,No,No,4,Secondary,No,1,1,1,53,Medium,NO,Academic Disengagement,Counselling Support,Monitor
2024,SCH_126,Surat,Rural,Male,ST,9,Low,59.2,8.5,Medium,Medium,Yes,Primary,Yes,Yes,No,No,3,Graduate,No,1,1,1,42,Medium,NO,Academic Disengagement,Counselling Support,Monitor
2021,SCH_120,Banaskantha,Tribal,Female,General,12,Medium,45.7,5.42,Low,Medium,No,Primary,No,No,No,No,8,Primary,No,1,1,1,48,Medium,NO,Academic Disengagement,Counselling Support,Monitor
2019,SCH_156,Sabarkantha,Urban,Male,SC,8,Medium,87.0,21.28,Medium,Low,Yes,Primary,Yes,No,No,No,2,Graduate,Yes,0,1,0,23,Low,NO,Travel Constraint,Provide Transport,Low Priority
2021,SCH_087,Bharuch,Urban,Female,OBC,11,Medium,77.4,12.05,Medium,High,Yes,Primary,No,No,Yes,Yes,2,Illiterate,No,1,1,0,38,Low,NO,Travel Constraint,Provide Transport,Low Priority
2022,SCH_147,Bharuch,Rural,Male,OBC,4,Low,61.2,11.79,Low,Medium,No,Graduate,Yes,No,No,No,7,Illiterate,No,0,1,1,42,Medium,NO,Academic Disengagement,Counselling Support,Monitor
2019,SCH_062,Kutch,Rural,Female,SC,6,Low,98.9,9.01,High,Medium,Yes,Illiterate,Yes,Yes,No,No,2,Illiterate,Yes,0,1,0,20,Low,NO,Travel Constraint,Provide Transport,Low Priority
2025,SCH_171,Navsari,Urban,Male,SC,4,Medium,57.4,1.04,Low,High,No,Primary,Yes,No,No,No,3,Primary,Yes,0,0,1,34,Low,NO,Academic Disengagement,Counselling Support,Low Priority
2021,SCH_104,Bharuch,Tribal,Male,OBC,1,Very Low,61.8,6.0,Medium,High,Yes,Illiterate,No,No,No,No,6,Illiterate,Yes,0,1,1,28,Low,NO,Academic Disengagement,Counselling Support,Low Priority
2025,SCH_052,Ahmedabad,Urban,Male,SC,3,High,81.9,20.07,Low,Low,Yes,Graduate,Yes,No,No,No,7,Illiterate,No,0,1,0,30,Low,NO,Travel Constraint,Provide Transport,Low Priority
2025,SCH_159,Anand,Rural,Male,OBC,2,Low,82.7,20.37,Low,High,No,Illiterate,Yes,Yes,No,No,4,Secondary,No,0,1,0,22,Low,NO,Travel Constraint,Provide Transport,Low Priority
2022,SCH_042,Vadodara,Urban,Female,OBC,8,Medium,78.0,24.89,Medium,Low,No,Graduate,Yes,No,No,No,3,Secondary,No,0,1,0,27,Low,NO,Travel Constraint,Provide Transport,Low Priority
2019,SCH_117,Junagadh,Urban,Female,ST,12,Low,87.3,23.89,Medium,High,No,Primary,Yes,Yes,No,No,8,Secondary,No,1,1,0,28,Low,NO,Travel Constraint,Provide Transport,Low Priority
2020,SCH_093,Surat,Tribal,Male,ST,4,Very Low,76.7,26.19,Low,Low,Yes,Primary,Yes,Yes,No,No,5,Illiterate,No,0,1,0,40,Low,NO,Travel Constraint,Provide Transport,Low Priority
2022,SCH_027,Bhavnagar,Urban,Male,OBC,10,Low,55.0,0.58,High,High,No,Primary,Yes,No,No,No,4,Illiterate,No,1,0,1,42,Medium,NO,Academic Disengagement,Counselling Support,Monitor
2022,SCH_062,Bhavnagar,Urban,Female,General,3,Medium,99.4,19.16,Medium,Medium,No,Secondary,Yes,No,No,No,7,Secondary,No,0,1,0,21,Low,NO,Travel Constraint,Provide Transport,Low Priority
2024,SCH_076,Jamnagar,Tribal,Male,General,1,Low,58.1,5.74,High,Low,Yes,Primary,Yes,No,No,No,4,Primary,No,0,1,1,38,Low,NO,Academic Disengagement,Counselling Support,Low Priority
2022,SCH_044,Rajkot,Urban,Female,ST,2,Very Low,94.9,15.84,Medium,Low,Yes,Primary,Yes,No,No,No,5,Graduate,No,0,1,0,33,Low,NO,Travel Constraint,Provide Transport,Low Priority
2024,SCH_066,Sabarkantha,Urban,Male,General,2,Low,95.2,27.05,Medium,Medium,Yes,Primary,Yes,Yes,No,No,4,Illiterate,No,0,1,0,7,Low,NO,Travel Constraint,Provide Transport,Low Priority
2024,SCH_107,Bhavnagar,Urban,Female,OBC,3,Medium,63.4,22.15,Medium,Medium,No,Graduate,Yes,Yes,No,No,7,Primary,Yes,0,1,1,33,Low,NO,Academic Disengagement,Counselling Support,Low Priority
2020,SCH_067,Banaskantha,Rural,Male,OBC,11,Very Low,72.9,18.22,Medium,High,No,Secondary,Yes,Yes,No,No,4,Primary,No,1,1,0,30,Low,NO,Travel Constraint,Provide Transport,Low Priority
2020,SCH_035,Gandhinagar,Rural,Female,SC,5,Low,57.6,3.91,Medium,Medium,Yes,Secondary,Yes,Yes,No,No,5,Illiterate,Yes,0,0,1,19,Low,NO,Academic Disengagement,Counselling Support,Low Priority
2024,SCH_078,Amreli,Rural,Female,General,10,Medium,86.3,26.12,Medium,Low,Yes,Illiterate,No,Yes,Yes,No,5,Primary,No,1,1,0,53,Medium,NO,Travel Constraint,Provide Transport,Monitor
2020,SCH_018,Ahmedabad,Urban,Male,SC,9,Medium,64.1,7.77,Medium,Medium,Yes,Secondary,Yes,No,No,No,8,Primary,No,1,1,1,48,Medium,NO,Academic Disengagement,Counselling Support,Monitor
2020,SCH_112,Anand,Tribal,Male,SC,11,Medium,44.9,19.79,Medium,Low,No,Secondary,No,No,No,No,5,Graduate,Yes,1,1,1,47,Medium,NO,Academic Disengagement,Counselling Support,Monitor
2021,SCH_049,Ahmedabad,Rural,Male,General,10,Low,80.2,19.06,Medium,Medium,Yes,Secondary,Yes,No,No,No,4,Secondary,Yes,1,1,0,22,Low,NO,Travel Constraint,Provide Transport,Low Priority
2021,SCH_125,Amreli,Rural,Male,OBC,12,Low,64.7,20.11,Medium,Medium,Yes,Secondary,Yes,Yes,No,No,4,Secondary,No,1,1,1,32,Low,NO,Academic Disengagement,Counselling Support,Low Priority
2019,SCH_064,Dahod,Tribal,Male,ST,3,High,46.9,22.9,Medium,High,No,Illiterate,Yes,No,No,No,2,Illiterate,Yes,0,1,1,33,Low,NO,Academic Disengagement,Counselling Support,Low Priority
2019,SCH_042,Bhavnagar,Rural,Male,ST,2,Very Low,63.2,26.45,High,High,No,Secondary,Yes,Yes,Yes,No,7,Illiterate,No,0,1,1,54,Medium,NO,Academic Disengagement,Counselling Support,Monitor
2020,SCH_160,Patan,Rural,Male,SC,8,Medium,53.6,12.68,Low,Medium,No,Graduate,No,Yes,No,No,3,Secondary,No,0,1,1,59,Medium,NO,Academic Disengagement,Counselling Support,Monitor
2024,SCH_061,Patan,Urban,Female,SC,12,Very Low,78.5,22.11,Medium,Medium,No,Primary,Yes,No,No,Yes,6,Secondary,Yes,1,1,0,32,Low,NO,Travel Constraint,Provide Transport,Low Priority
2021,SCH_178,Ahmedabad,Tribal,Male,OBC,6,High,49.8,10.95,Medium,High,Yes,Graduate,No,Yes,No,No,4,Secondary,Yes,0,1,1,31,Low,NO,Academic Disengagement,Counselling Support,Low Priority
2020,SCH_119,Anand,Rural,Male,SC,3,Medium,44.3,12.86,Medium,Low,No,Primary,No,No,No,No,4,Secondary,No,0,1,1,42,Medium,NO,Academic Disengagement,Counselling Support,Monitor
2019,SCH_143,Kutch,Urban,Female,OBC,9,Low,69.6,7.61,High,High,Yes,Primary,Yes,Yes,No,No,3,Primary,No,1,1,1,47,Medium,NO,Academic Disengagement,Counselling Support,Monitor
2020,SCH_137,Sabarkantha,Urban,Female,ST,3,Very Low,42.7,4.04,High,Low,Yes,Illiterate,Yes,No,No,No,4,Primary,Yes,0,0,1,33,Low,NO,Academic Disengagement,Counselling Support,Low Priority
2020,SCH_095,Morbi,Tribal,Male,General,9,High,71.9,11.65,Low,High,No,Primary,No,No,Yes,No,2,Graduate,No,1,1,0,50,Medium,NO,Travel Constraint,Provide Transport,Monitor
2024,SCH_141,Morbi,Tribal,Female,OBC,1,Very Low,93.2,7.87,High,Low,No,Illiterate,Yes,Yes,No,No,5,Secondary,Yes,0,1,0,34,Low,NO,Travel Constraint,Provide Transport,Low Priority
2023,SCH_099,Junagadh,Rural,Female,OBC,6,Medium,54.6,22.04,Medium,Medium,Yes,Primary,No,Yes,No,No,6,Primary,No,0,1,1,30,Low,NO,Academic Disengagement,Counselling Support,Low Priority
2022,SCH_012,Bharuch,Tribal,Female,ST,8,High,86.9,16.79,High,Medium,No,Illiterate,No,Yes,Yes,No,4,Illiterate,No,0,1,0,46,Medium,NO,Travel Constraint,Provide Transport,Monitor
2025,SCH_010,Junagadh,Urban,Male,OBC,1,High,66.1,8.45,Medium,Low,No,Secondary,Yes,No,No,No,7,Secondary,Yes,0,1,1,39,Low,NO,Academic Disengagement,Counselling Support,Low Priority
2021,SCH_039,Anand,Tribal,Male,General,12,Low,96.5,22.41,Low,Medium,No,Illiterate,Yes,Yes,No,No,4,Graduate,No,1,1,0,39,Low,NO,Travel Constraint,Provide Transport,Low Priority
2021,SCH_100,Rajkot,Tribal,Male,OBC,9,Low,79.4,19.92,Medium,High,No,Illiterate,No,Yes,Yes,No,7,Illiterate,Yes,1,1,0,43,Medium,NO,Travel Constraint,Provide Transport,Monitor
2025,SCH_010,Bharuch,Urban,Male,General,1,Medium,85.9,24.75,Medium,Medium,Yes,Graduate,Yes,No,No,No,7,Illiterate,No,0,1,0,17,Low,NO,Travel Constraint,Provide Transport,Low Priority
2020,SCH_015,Navsari,Rural,Female,OBC,5,Low,55.4,15.11,Medium,Medium,No,Secondary,Yes,Yes,Yes,No,5,Graduate,No,0,1,1,34,Low,NO,Academic Disengagement,Counselling Support,Low Priority
2025,SCH_019,Navsari,Urban,Male,OBC,11,Low,69.9,5.98,Medium,Medium,Yes,Primary,Yes,No,No,No,8,Illiterate,No,1,1,1,42,Medium,NO,Academic Disengagement,Counselling Support,Monitor
2022,SCH_072,Anand,Rural,Male,SC,9,Very Low,49.1,11.81,Medium,Medium,Yes,Secondary,Yes,Yes,No,No,3,Illiterate,No,1,1,1,39,Low,NO,Academic Disengagement,Counselling Support,Low Priority
2022,SCH_076,Jamnagar,Urban,Male,ST,6,High,65.0,7.33,Medium,Medium,Yes,Illiterate,Yes,No,No,No,7,Illiterate,No,0,1,1,35,Low,NO,Academic Disengagement,Counselling Support,Low Priority
2019,SCH_158,Morbi,Rural,Male,General,9,Medium,41.9,27.1,Medium,High,Yes,Secondary,No,No,No,No,6,Secondary,No,1,1,1,41,Medium,NO,Academic Disengagement,Counselling Support,Monitor
2019,SCH_157,Surat,Urban,Male,OBC,2,Low,58.8,14.9,Low,Medium,Yes,Illiterate,No,Yes,No,No,4,Illiterate,Yes,0,1,1,28,Low,NO,Academic Disengagement,Counselling Support,Low Priority
2021,SCH_001,Dahod,Tribal,Female,General,8,Low,44.4,0.17,Low,Low,Yes,Illiterate,Yes,Yes,No,No,7,Primary,Yes,0,0,1,45,Medium,NO,Academic Disengagement,Counselling Support,Monitor
2021,SCH_026,Sabarkantha,Tribal,Female,General,1,Very Low,98.1,18.34,Medium,Medium,Yes,Graduate,Yes,No,No,Yes,8,Primary,No,0,1,0,37,Low,NO,Travel Constraint,Provide Transport,Low Priority
2022,SCH_098,Bhavnagar,Urban,Male,SC,6,Medium,74.0,13.56,Medium,Low,Yes,Illiterate,Yes,No,No,No,6,Secondary,No,0,1,0,7,Low,NO,Travel Constraint,Provide Transport,Low Priority
2024,SCH_042,Bharuch,Tribal,Male,SC,7,Very Low,91.3,16.26,High,Medium,No,Secondary,Yes,Yes,No,No,4,Graduate,No,0,1,0,22,Low,NO,Travel Constraint,Provide Transport,Low Priority
2019,SCH_050,Sabarkantha,Urban,Male,SC,8,High,63.0,13.42,Medium,Medium,No,Secondary,Yes,No,No,No,5,Primary,No,0,1,1,28,Low,NO,Academic Disengagement,Counselling Support,Low Priority
2020,SCH_034,Vadodara,Rural,Male,OBC,6,High,59.1,7.54,Low,High,Yes,Graduate,Yes,Yes,No,No,6,Secondary,No,0,1,1,45,Medium,NO,Academic Disengagement,Counselling Support,Monitor
2020,SCH_134,Gandhinagar,Rural,Male,OBC,2,High,53.3,14.71,High,High,Yes,Illiterate,Yes,No,No,No,2,Secondary,No,0,1,1,40,Low,NO,Academic Disengagement,Counselling Support,Low Priority
2023,SCH_042,Amreli,Tribal,Male,OBC,12,Low,96.3,6.92,Low,High,No,Illiterate,No,No,No,No,8,Secondary,Yes,1,1,0,37,Low,NO,Travel Constraint,Provide Transport,Low Priority
2025,SCH_001,Amreli,Tribal,Female,General,2,Medium,53.4,11.95,Medium,Medium,Yes,Illiterate,No,Yes,No,Yes,4,Primary,No,0,1,1,46,Medium,NO,Academic Disengagement,Counselling Support,Monitor
2022,SCH_106,Anand,Urban,Male,OBC,1,Very Low,93.6,17.95,High,Medium,No,Secondary,Yes,Yes,Yes,No,6,Illiterate,No,0,1,0,38,Low,NO,Travel Constraint,Provide Transport,Low Priority
2022,SCH_110,Banaskantha,Rural,Male,General,12,Very Low,57.8,0.71,Low,Medium,No,Illiterate,Yes,Yes,No,No,2,Secondary,No,1,0,1,47,Medium,NO,Academic Disengagement,Counselling Support,Monitor
2019,SCH_070,Patan,Rural,Female,ST,10,High,81.4,6.66,High,High,Yes,Secondary,Yes,No,No,No,4,Illiterate,Yes,1,1,0,40,Low,NO,Travel Constraint,Provide Transport,Low Priority
2020,SCH_033,Kutch,Rural,Male,General,9,Medium,51.6,4.48,High,Low,Yes,Graduate,Yes,Yes,No,No,7,Secondary,No,1,0,1,38,Low,NO,Academic Disengagement,Counselling Support,Low Priority
2025,SCH_153,Surat,Urban,Male,General,2,Very Low,84.0,17.95,Medium,Medium,No,Primary,Yes,Yes,No,No,5,Primary,No,0,1,0,27,Low,NO,Travel Constraint,Provide Transport,Low Priority
2020,SCH_062,Morbi,Rural,Female,OBC,10,Low,73.2,16.22,Medium,Medium,No,Illiterate,Yes,No,No,No,7,Primary,Yes,1,1,0,38,Low,NO,Travel Constraint,Provide Transport,Low Priority
2023,SCH_067,Gandhinagar,Rural,Female,OBC,3,Low,78.7,10.14,Low,Low,No,Graduate,Yes,Yes,No,No,3,Primary,No,0,1,0,28,Low,NO,Travel Constraint,Provide Transport,Low Priority
2022,SCH_165,Navsari,Tribal,Female,OBC,9,Low,62.8,22.2,Low,Medium,Yes,Primary,Yes,Yes,No,No,2,Illiterate,Yes,1,1,1,64,Medium,NO,Academic Disengagement,Counselling Support,Monitor
2021,SCH_019,Banaskantha,Urban,Male,OBC,5,Very Low,66.6,2.87,Medium,Medium,No,Primary,No,No,No,No,2,Secondary,No,0,0,1,30,Low,NO,Academic Disengagement,Counselling Support,Low Priority
2022,SCH_102,Patan,Rural,Male,OBC,12,Very Low,65.1,5.0,Low,Medium,Yes,Illiterate,No,Yes,Yes,No,3,Illiterate,No,1,0,1,54,Medium,NO,Academic Disengagement,Counselling Support,Monitor
2019,SCH_104,Vadodara,Urban,Male,General,7,High,48.5,4.2,High,High,Yes,Illiterate,No,No,No,No,7,Illiterate,No,0,0,1,26,Low,NO,Academic Disengagement,Counselling Support,Low Priority
2024,SCH_035,Sabarkantha,Rural,Female,General,3,Low,67.0,25.42,Low,High,Yes,Graduate,Yes,Yes,No,No,4,Illiterate,Yes,0,1,1,23,Low,NO,Academic Disengagement,Counselling Support,Low Priority
2023,SCH_170,Patan,Urban,Female,ST,1,Medium,75.1,17.27,Medium,Low,Yes,Primary,Yes,No,No,No,5,Graduate,Yes,0,1,0,30,Low,NO,Travel Constraint,Provide Transport,Low Priority
2020,SCH_026,Anand,Rural,Female,OBC,8,Medium,75.1,7.41,Medium,Medium,No,Primary,Yes,Yes,No,No,3,Primary,No,0,1,0,28,Low,NO,Travel Constraint,Provide Transport,Low Priority
2023,SCH_035,Amreli,Rural,Female,General,1,Medium,52.2,15.51,Medium,High,Yes,Secondary,Yes,Yes,Yes,No,4,Primary,No,0,1,1,43,Medium,NO,Academic Disengagement,Counselling Support,Monitor
2023,SCH_040,Bhavnagar,Rural,Male,OBC,7,Medium,91.9,25.69,Medium,Medium,Yes,Secondary,No,No,No,No,3,Illiterate,No,0,1,0,18,Low,NO,Travel Constraint,Provide Transport,Low Priority
2021,SCH_163,Navsari,Urban,Male,OBC,8,Medium,74.0,12.15,High,High,No,Graduate,Yes,Yes,No,No,6,Primary,Yes,0,1,0,20,Low,NO,Travel Constraint,Provide Transport,Low Priority
2020,SCH_126,Morbi,Rural,Female,ST,4,Very Low,53.6,4.86,Low,Medium,No,Secondary,Yes,Yes,Yes,No,8,Primary,Yes,0,0,1,56,Medium,NO,Academic Disengagement,Counselling Support,Monitor
2024,SCH_126,Vadodara,Rural,Female,OBC,9,Very Low,57.6,25.5,Low,Medium,Yes,Illiterate,Yes,Yes,No,No,5,Graduate,No,1,1,1,61,Medium,NO,Academic Disengagement,Counselling Support,Monitor
2021,SCH_158,Gandhinagar,Rural,Female,OBC,11,Low,59.7,17.92,Low,High,No,Illiterate,Yes,No,No,No,7,Graduate,No,1,1,1,51,Medium,NO,Academic Disengagement,Counselling Support,Monitor
2021,SCH_038,Kutch,Rural,Female,ST,3,Low,73.6,23.42,High,High,Yes,Primary,Yes,No,Yes,No,8,Graduate,No,0,1,0,44,Medium,NO,Travel Constraint,Provide Transport,Monitor
2022,SCH_010,Amreli,Urban,Female,General,9,Very Low,56.6,21.29,High,Medium,Yes,Secondary,Yes,Yes,No,No,8,Illiterate,No,1,1,1,42,Medium,NO,Academic Disengagement,Counselling Support,Monitor
2019,SCH_096,Surat,Rural,Female,OBC,3,High,81.6,12.33,Medium,Medium,No,Secondary,No,Yes,No,No,6,Illiterate,No,0,1,0,23,Low,NO,Travel Constraint,Provide Transport,Low Priority
2023,SCH_083,Dahod,Rural,Female,OBC,10,Low,81.8,3.64,Low,Medium,No,Primary,No,Yes,No,No,5,Secondary,Yes,1,0,0,26,Low,NO,Social Factor,Community Engagement,Low Priority
2024,SCH_098,Gandhinagar,Rural,Female,OBC,11,Low,95.8,10.85,Medium,Low,No,Graduate,Yes,Yes,Yes,No,3,Primary,No,1,1,0,49,Medium,NO,Travel Constraint,Provide Transport,Monitor
2019,SCH_036,Junagadh,Rural,Female,OBC,3,Low,43.5,1.81,Low,High,Yes,Illiterate,Yes,No,No,No,6,Graduate,No,0,0,1,36,Low,NO,Academic Disengagement,Counselling Support,Low Priority
2025,SCH_173,Ahmedabad,Rural,Female,SC,10,Medium,51.6,19.98,High,Medium,Yes,Primary,Yes,No,No,No,4,Primary,No,1,1,1,37,Low,NO,Academic Disengagement,Counselling Support,Low Priority
2025,SCH_033,Surat,Tribal,Female,SC,11,High,89.0,24.72,Medium,Medium,Yes,Primary,No,Yes,No,No,8,Illiterate,No,1,1,0,37,Low,NO,Travel Constraint,Provide Transport,Low Priority
2023,SCH_173,Patan,Urban,Male,SC,5,Low,43.3,19.81,Low,High,Yes,Secondary,Yes,No,No,No,2,Illiterate,No,0,1,1,37,Low,NO,Academic Disengagement,Counselling Support,Low Priority
2019,SCH_063,Rajkot,Rural,Female,OBC,4,Very Low,60.7,10.54,High,Low,No,Primary,No,No,No,No,6,Graduate,No,0,1,1,53,Medium,NO,Academic Disengagement,Counselling Support,Monitor
2023,SCH_135,Vadodara,Tribal,Female,SC,4,Low,51.3,25.76,Low,Medium,Yes,Primary,Yes,No,Yes,Yes,3,Illiterate,No,0,1,1,51,Medium,NO,Academic Disengagement,Counselling Support,Monitor
2022,SCH_066,Jamnagar,Rural,Female,General,9,Low,91.0,1.62,Medium,Low,Yes,Secondary,Yes,No,No,No,8,Illiterate,No,1,0,0,28,Low,NO,Social Factor,Community Engagement,Low Priority
2025,SCH_086,Gandhinagar,Rural,Female,OBC,9,Medium,42.2,23.05,High,Medium,Yes,Illiterate,Yes,Yes,No,No,3,Primary,No,1,1,1,42,Medium,NO,Academic Disengagement,Counselling Support,Monitor
2024,SCH_077,Anand,Urban,Male,OBC,1,Low,99.9,6.28,Low,Medium,Yes,Secondary,Yes,Yes,No,Yes,7,Illiterate,Yes,0,1,0,27,Low,NO,Travel Constraint,Provide Transport,Low Priority
2019,SCH_128,Navsari,Rural,Male,SC,9,Very Low,71.1,13.38,Medium,Medium,No,Graduate,Yes,Yes,No,No,4,Secondary,No,1,1,0,46,Medium,NO,Travel Constraint,Provide Transport,Monitor
2021,SCH_025,Anand,Rural,Male,OBC,12,Low,97.9,9.14,Medium,High,No,Illiterate,Yes,No,No,No,4,Illiterate,Yes,1,1,0,35,Low,NO,Travel Constraint,Provide Transport,Low Priority
2022,SCH_011,Sabarkantha,Urban,Female,OBC,5,Very Low,87.7,22.41,High,Medium,Yes,Illiterate,Yes,No,No,No,5,Illiterate,No,0,1,0,23,Low,NO,Travel Constraint,Provide Transport,Low Priority
2023,SCH_010,Valsad,Urban,Male,ST,12,Low,72.0,20.81,Medium,Medium,No,Illiterate,Yes,No,No,No,2,Graduate,No,1,1,0,48,Medium,NO,Travel Constraint,Provide Transport,Monitor
2025,SCH_083,Vadodara,Rural,Male,OBC,8,High,55.2,18.53,Low,High,Yes,Primary,Yes,Yes,Yes,No,2,Illiterate,Yes,0,1,1,55,Medium,NO,Academic Disengagement,Counselling Support,Monitor
2023,SCH_043,Banaskantha,Tribal,Female,SC,8,Low,53.4,23.01,Low,Medium,No,Secondary,No,No,Yes,No,6,Secondary,No,0,1,1,53,Medium,NO,Academic Disengagement,Counselling Support,Monitor
2023,SCH_012,Rajkot,Urban,Female,ST,9,Very Low,91.0,26.58,Medium,Medium,No,Illiterate,No,No,No,No,3,Secondary,No,1,1,0,45,Medium,NO,Travel Constraint,Provide Transport,Monitor
2020,SCH_027,Vadodara,Tribal,Male,ST,2,Very Low,59.2,3.22,Medium,Medium,No,Primary,No,No,No,No,3,Primary,Yes,0,0,1,46,Medium,NO,Academic Disengagement,Counselling Support,Monitor
2024,SCH_174,Vadodara,Rural,Female,SC,2,Medium,89.9,2.89,High,Medium,No,Illiterate,Yes,Yes,No,No,5,Secondary,No,0,0,0,22,Low,NO,Social Factor,Community Engagement,Low Priority
2022,SCH_152,Banaskantha,Tribal,Female,OBC,1,Low,59.8,18.77,Medium,High,Yes,Illiterate,Yes,No,No,No,7,Illiterate,Yes,0,1,1,40,Low,NO,Academic Disengagement,Counselling Support,Low Priority
2019,SCH_169,Sabarkantha,Rural,Female,ST,11,Low,64.9,22.16,Medium,High,Yes,Graduate,No,Yes,Yes,No,8,Primary,Yes,1,1,1,59,Medium,NO,Academic Disengagement,Counselling Support,Monitor
2024,SCH_023,Anand,Tribal,Female,General,10,Low,49.0,20.02,Medium,Medium,Yes,Graduate,Yes,Yes,No,Yes,7,Illiterate,Yes,1,1,1,49,Medium,NO,Academic Disengagement,Counselling Support,Monitor
2019,SCH_145,Gandhinagar,Rural,Male,SC,1,Medium,74.8,17.68,High,High,No,Primary,Yes,No,Yes,No,5,Illiterate,No,0,1,0,31,Low,NO,Travel Constraint,Provide Transport,Low Priority
2025,SCH_008,Dahod,Tribal,Male,OBC,1,High,60.5,1.93,Low,Low,No,Graduate,Yes,Yes,No,No,2,Illiterate,No,0,0,1,38,Low,NO,Academic Disengagement,Counselling Support,Low Priority
2024,SCH_105,Gandhinagar,Urban,Male,SC,3,Very Low,80.0,1.92,Medium,Medium,Yes,Illiterate,No,No,No,No,3,Secondary,No,0,0,0,24,Low,NO,Economic Pressure,Provide Scholarship,Low Priority
2019,SCH_034,Vadodara,Rural,Male,ST,10,Very Low,56.5,8.39,Medium,Medium,Yes,Primary,Yes,Yes,Yes,No,4,Illiterate,Yes,1,1,1,52,Medium,NO,Academic Disengagement,Counselling Support,Monitor
2020,SCH_038,Banaskantha,Urban,Male,General,3,Very Low,49.0,15.72,Low,High,Yes,Illiterate,No,Yes,No,Yes,5,Secondary,No,0,1,1,32,Low,NO,Academic Disengagement,Counselling Support,Low Priority
2020,SCH_071,Navsari,Tribal,Male,General,2,Low,43.2,0.42,Medium,Low,No,Primary,Yes,Yes,No,No,5,Secondary,No,0,0,1,44,Medium,NO,Academic Disengagement,Counselling Support,Monitor
2024,SCH_008,Bhavnagar,Tribal,Male,SC,9,Very Low,83.0,21.33,Medium,Medium,Yes,Secondary,Yes,No,No,No,6,Illiterate,No,1,1,0,25,Low,NO,Travel Constraint,Provide Transport,Low Priority
2025,SCH_066,Mehsana,Rural,Male,General,12,Very Low,56.1,3.43,Low,Medium,No,Secondary,Yes,No,No,No,8,Primary,No,1,0,1,50,Medium,NO,Academic Disengagement,Counselling Support,Monitor
2022,SCH_111,Dahod,Urban,Male,ST,12,Low,67.2,27.29,Low,Low,No,Illiterate,Yes,Yes,No,No,2,Graduate,Yes,1,1,1,45,Medium,NO,Academic Disengagement,Counselling Support,Monitor
2025,SCH_074,Bhavnagar,Tribal,Male,SC,5,Very Low,56.2,19.87,Low,Low,Yes,Secondary,Yes,No,No,No,3,Illiterate,Yes,0,1,1,56,Medium,NO,Academic Disengagement,Counselling Support,Monitor
2022,SCH_018,Mehsana,Rural,Male,ST,2,Medium,99.1,20.24,Medium,Low,Yes,Illiterate,Yes,No,No,No,6,Primary,No,0,1,0,17,Low,NO,Travel Constraint,Provide Transport,Low Priority
2022,SCH_118,Morbi,Rural,Female,General,12,Low,85.2,15.86,Medium,Medium,Yes,Primary,Yes,No,Yes,Yes,4,Illiterate,Yes,1,1,0,42,Medium,NO,Travel Constraint,Provide Transport,Monitor
2022,SCH_010,Anand,Urban,Female,General,6,Very Low,69.6,13.9,High,Medium,Yes,Secondary,Yes,Yes,No,No,3,Secondary,Yes,0,1,1,27,Low,NO,Academic Disengagement,Counselling Support,Low Priority
2025,SCH_135,Morbi,Rural,Male,SC,9,Low,61.3,9.76,Low,Medium,No,Graduate,No,Yes,No,No,5,Primary,No,1,1,1,54,Medium,NO,Academic Disengagement,Counselling Support,Monitor
2025,SCH_077,Bharuch,Rural,Female,OBC,2,Low,67.4,21.11,Medium,Medium,Yes,Secondary,No,No,No,No,6,Illiterate,No,0,1,1,34,Low,NO,Academic Disengagement,Counselling Support,Low Priority
2022,SCH_078,Amreli,Urban,Female,OBC,9,Very Low,85.2,3.77,High,Medium,Yes,Graduate,Yes,No,Yes,No,2,Primary,Yes,1,0,0,26,Low,NO,Economic Pressure,Provide Scholarship,Low Priority
2019,SCH_050,Jamnagar,Tribal,Male,General,7,Low,94.0,8.53,High,Low,Yes,Illiterate,Yes,Yes,Yes,Yes,3,Illiterate,Yes,0,1,0,42,Medium,NO,Travel Constraint,Provide Transport,Monitor
2023,SCH_053,Sabarkantha,Urban,Female,OBC,12,Medium,62.3,16.42,High,Low,Yes,Illiterate,No,No,No,No,8,Graduate,No,1,1,1,49,Medium,NO,Academic Disengagement,Counselling Support,Monitor
2020,SCH_118,Ahmedabad,Rural,Male,General,1,Very Low,75.7,18.99,High,Low,Yes,Primary,No,Yes,No,No,5,Illiterate,Yes,0,1,0,25,Low,NO,Travel Constraint,Provide Transport,Low Priority
2025,SCH_116,Ahmedabad,Urban,Male,OBC,11,Low,67.7,26.08,High,Low,Yes,Secondary,Yes,Yes,No,No,6,Secondary,No,1,1,1,39,Low,NO,Academic Disengagement,Counselling Support,Low Priority
2024,SCH_138,Dahod,Urban,Female,OBC,6,Very Low,88.4,23.05,Low,Medium,Yes,Illiterate,Yes,Yes,No,No,8,Primary,Yes,0,1,0,34,Low,NO,Travel Constraint,Provide Transport,Low Priority
2023,SCH_032,Patan,Rural,Female,OBC,9,Low,53.9,26.61,Medium,Medium,Yes,Illiterate,Yes,Yes,Yes,No,3,Illiterate,No,1,1,1,49,Medium,NO,Academic Disengagement,Counselling Support,Monitor
2025,SCH_073,Amreli,Rural,Female,ST,7,Low,69.0,22.68,Low,Low,No,Illiterate,Yes,No,No,Yes,2,Illiterate,Yes,0,1,1,53,Medium,NO,Academic Disengagement,Counselling Support,Monitor
2021,SCH_045,Junagadh,Tribal,Male,General,3,Medium,51.6,26.54,High,Medium,Yes,Graduate,Yes,Yes,Yes,No,6,Secondary,No,0,1,1,36,Low,NO,Academic Disengagement,Counselling Support,Low Priority
2020,SCH_101,Patan,Tribal,Female,ST,1,Very Low,84.2,23.51,Medium,Low,No,Primary,No,Yes,Yes,No,8,Secondary,No,0,1,0,34,Low,NO,Travel Constraint,Provide Transport,Low Priority
2024,SCH_055,Bharuch,Rural,Female,OBC,4,Medium,98.7,6.72,Medium,Medium,No,Illiterate,Yes,Yes,No,Yes,5,Secondary,Yes,0,1,0,31,Low,NO,Travel Constraint,Provide Transport,Low Priority
2023,SCH_145,Morbi,Urban,Male,General,5,Medium,74.1,5.6,Medium,High,Yes,Graduate,Yes,No,No,No,4,Illiterate,No,0,1,0,12,Low,NO,Travel Constraint,Provide Transport,Low Priority
2025,SCH_103,Patan,Rural,Male,OBC,9,Low,87.7,8.14,Medium,Medium,Yes,Graduate,No,No,No,No,6,Primary,No,1,1,0,28,Low,NO,Travel Constraint,Provide Transport,Low Priority
2025,SCH_175,Mehsana,Rural,Female,General,10,Very Low,45.2,21.6,Low,Medium,No,Secondary,No,No,Yes,No,2,Primary,No,1,1,1,71,High,YES,Academic Disengagement,Counselling Support,Immediate
2021,SCH_127,Surat,Urban,Female,ST,7,Low,49.2,22.03,Medium,Low,Yes,Primary,No,Yes,No,Yes,2,Graduate,No,0,1,1,31,Low,NO,Academic Disengagement,Counselling Support,Low Priority
2020,SCH_164,Dahod,Tribal,Female,General,8,Low,78.7,10.4,Medium,Medium,No,Secondary,No,Yes,No,No,4,Illiterate,No,0,1,0,32,Low,NO,Travel Constraint,Provide Transport,Low Priority
2022,SCH_127,Bharuch,Rural,Male,ST,7,Medium,44.7,9.32,Medium,High,No,Graduate,Yes,Yes,No,No,2,Primary,No,0,1,1,33,Low,NO,Academic Disengagement,Counselling Support,Low Priority
2023,SCH_167,Junagadh,Tribal,Female,OBC,3,Low,41.3,8.32,High,High,Yes,Primary,No,Yes,Yes,No,5,Illiterate,No,0,1,1,42,Medium,NO,Academic Disengagement,Counselling Support,Monitor
2024,SCH_138,Navsari,Urban,Male,SC,1,Medium,99.8,17.22,Medium,Medium,Yes,Secondary,Yes,No,Yes,No,2,Secondary,No,0,1,0,19,Low,NO,Travel Constraint,Provide Transport,Low Priority
2021,SCH_050,Morbi,Rural,Female,ST,7,Very Low,54.2,1.38,Medium,Low,No,Primary,Yes,Yes,No,Yes,5,Graduate,No,0,0,1,42,Medium,NO,Academic Disengagement,Counselling Support,Monitor
2023,SCH_142,Rajkot,Rural,Female,General,8,Medium,40.9,18.87,Low,Low,Yes,Graduate,Yes,Yes,Yes,No,2,Primary,No,0,1,1,52,Medium,NO,Academic Disengagement,Counselling Support,Monitor
2021,SCH_011,Navsari,Urban,Female,General,9,Low,64.3,22.76,Low,Medium,Yes,Graduate,No,Yes,No,No,7,Secondary,Yes,1,1,1,45,Medium,NO,Academic Disengagement,Counselling Support,Monitor
2019,SCH_139,Junagadh,Urban,Male,General,10,Medium,81.0,12.11,Medium,Low,Yes,Primary,Yes,Yes,No,No,4,Secondary,No,1,1,0,25,Low,NO,Travel Constraint,Provide Transport,Low Priority
2024,SCH_098,Gandhinagar,Rural,Male,SC,7,High,61.9,8.14,High,Medium,No,Primary,Yes,Yes,No,No,7,Secondary,No,0,1,1,26,Low,NO,Academic Disengagement,Counselling Support,Low Priority
2019,SCH_143,Bhavnagar,Rural,Female,General,5,Low,89.1,25.11,Medium,High,Yes,Primary,No,Yes,No,No,2,Illiterate,Yes,0,1,0,31,Low,NO,Travel Constraint,Provide Transport,Low Priority
2022,SCH_162,Banaskantha,Tribal,Male,SC,10,Low,68.5,23.14,High,High,No,Secondary,No,Yes,No,No,5,Illiterate,No,1,1,1,54,Medium,NO,Academic Disengagement,Counselling Support,Monitor
2024,SCH_105,Morbi,Urban,Female,SC,4,High,78.8,1.05,Medium,High,Yes,Primary,Yes,No,Yes,Yes,3,Primary,Yes,0,0,0,22,Low,NO,Social Factor,Community Engagement,Low Priority
2025,SCH_056,Anand,Urban,Female,ST,11,Very Low,70.0,17.32,High,Medium,Yes,Illiterate,Yes,Yes,No,No,6,Illiterate,No,1,1,0,50,Medium,NO,Travel Constraint,Provide Transport,Monitor
2025,SCH_041,Morbi,Tribal,Male,OBC,9,Very Low,68.0,13.49,Medium,High,No,Secondary,No,Yes,Yes,No,5,Primary,Yes,1,1,1,56,Medium,NO,Academic Disengagement,Counselling Support,Monitor
2025,SCH_046,Kutch,Rural,Female,ST,9,Medium,51.6,5.16,Medium,Low,No,Primary,Yes,Yes,Yes,No,6,Secondary,No,1,1,1,72,High,YES,Academic Disengagement,Counselling Support,Immediate
2023,SCH_009,Sabarkantha,Urban,Male,OBC,4,Very Low,73.7,17.43,Low,Medium,No,Graduate,Yes,Yes,No,No,3,Primary,Yes,0,1,0,24,Low,NO,Travel Constraint,Provide Transport,Low Priority
2021,SCH_135,Valsad,Rural,Female,OBC,6,Very Low,86.8,12.05,Low,Low,Yes,Secondary,Yes,No,No,No,8,Secondary,No,0,1,0,38,Low,NO,Travel Constraint,Provide Transport,Low Priority
2025,SCH_003,Amreli,Urban,Female,OBC,11,Very Low,44.1,22.85,Low,Medium,Yes,Primary,Yes,Yes,No,No,3,Primary,Yes,1,1,1,42,Medium,NO,Academic Disengagement,Counselling Support,Monitor
2023,SCH_108,Kutch,Rural,Female,OBC,4,Very Low,82.5,15.07,Medium,Medium,No,Secondary,Yes,Yes,No,No,5,Illiterate,Yes,0,1,0,28,Low,NO,Travel Constraint,Provide Transport,Low Priority
2025,SCH_081,Banaskantha,Tribal,Male,General,10,Low,73.3,19.15,High,Medium,Yes,Primary,Yes,No,No,No,6,Graduate,No,1,1,0,24,Low,NO,Travel Constraint,Provide Transport,Low Priority
2024,SCH_120,Rajkot,Tribal,Male,OBC,2,Low,60.5,9.01,Low,Medium,No,Graduate,Yes,No,Yes,No,5,Secondary,No,0,1,1,44,Medium,NO,Academic Disengagement,Counselling Support,Monitor
2019,SCH_069,Bhavnagar,Rural,Male,OBC,8,Medium,100.0,16.84,Medium,Medium,Yes,Graduate,Yes,No,No,No,3,Primary,Yes,0,1,0,19,Low,NO,Travel Constraint,Provide Transport,Low Priority
2025,SCH_037,Banaskantha,Rural,Male,ST,6,Low,99.5,1.06,High,Medium,No,Primary,Yes,Yes,No,No,2,Primary,Yes,0,0,0,22,Low,NO,Social Factor,Community Engagement,Low Priority
2024,SCH_048,Banaskantha,Rural,Male,General,6,High,57.1,22.63,Medium,Medium,Yes,Secondary,Yes,No,Yes,No,6,Primary,Yes,0,1,1,46,Medium,NO,Academic Disengagement,Counselling Support,Monitor
2020,SCH_102,Surat,Rural,Female,ST,2,High,68.9,2.83,Low,High,Yes,Illiterate,No,Yes,No,No,3,Graduate,No,0,0,1,44,Medium,NO,Academic Disengagement,Counselling Support,Monitor
2020,SCH_130,Amreli,Urban,Male,OBC,11,Medium,58.7,24.0,Medium,Low,Yes,Secondary,Yes,No,No,No,5,Secondary,Yes,1,1,1,40,Low,NO,Academic Disengagement,Counselling Support,Low Priority
2020,SCH_091,Vadodara,Rural,Male,OBC,8,High,56.5,5.77,High,Medium,Yes,Secondary,Yes,Yes,No,Yes,2,Secondary,No,0,1,1,27,Low,NO,Academic Disengagement,Counselling Support,Low Priority
2019,SCH_086,Amreli,Tribal,Female,OBC,11,Medium,99.7,5.97,Medium,Low,Yes,Illiterate,Yes,Yes,No,No,4,Primary,No,1,1,0,43,Medium,NO,Travel Constraint,Provide Transport,Monitor
2020,SCH_156,Ahmedabad,Rural,Female,OBC,4,Very Low,80.6,9.27,Low,Low,No,Primary,No,No,No,No,5,Primary,No,0,1,0,38,Low,NO,Travel Constraint,Provide Transport,Low Priority
2021,SCH_015,Junagadh,Rural,Female,OBC,5,Medium,96.3,22.22,Low,Medium,No,Primary,Yes,No,No,No,7,Secondary,Yes,0,1,0,26,Low,NO,Travel Constraint,Provide Transport,Low Priority
2019,SCH_107,Mehsana,Rural,Male,OBC,9,Very Low,91.3,25.65,Low,Medium,Yes,Secondary,No,No,No,No,4,Primary,No,1,1,0,46,Medium,NO,Travel Constraint,Provide Transport,Monitor
2025,SCH_014,Mehsana,Rural,Male,SC,1,Low,84.8,27.4,High,Medium,Yes,Secondary,Yes,Yes,No,No,4,Primary,No,0,1,0,16,Low,NO,Travel Constraint,Provide Transport,Low Priority
2023,SCH_071,Dahod,Urban,Male,OBC,12,Medium,70.2,14.81,Low,Low,Yes,Secondary,Yes,Yes,No,No,6,Primary,Yes,1,1,0,33,Low,NO,Travel Constraint,Provide Transport,Low Priority
2025,SCH_036,Mehsana,Urban,Female,General,2,Very Low,97.7,2.94,Low,Medium,Yes,Primary,Yes,No,No,No,3,Illiterate,No,0,0,0,16,Low,NO,Economic Pressure,Provide Scholarship,Low Priority
2025,SCH_084,Morbi,Urban,Female,SC,7,Very Low,74.4,26.75,High,Low,No,Illiterate,Yes,Yes,No,No,3,Illiterate,No,0,1,0,42,Medium,NO,Travel Constraint,Provide Transport,Monitor
2022,SCH_088,Gandhinagar,Rural,Male,OBC,5,Low,59.0,3.47,Low,Medium,Yes,Secondary,Yes,Yes,No,No,3,Secondary,No,0,0,1,23,Low,NO,Academic Disengagement,Counselling Support,Low Priority
2020,SCH_126,Morbi,Tribal,Male,OBC,2,Low,93.9,16.71,Low,Medium,Yes,Illiterate,No,No,No,No,8,Illiterate,Yes,0,1,0,35,Low,NO,Travel Constraint,Provide Transport,Low Priority
2024,SCH_128,Jamnagar,Rural,Female,General,9,Medium,57.3,24.29,Low,Low,Yes,Secondary,No,Yes,No,No,8,Illiterate,No,1,1,1,56,Medium,NO,Academic Disengagement,Counselling Support,Monitor
2019,SCH_166,Patan,Tribal,Male,General,8,Medium,56.4,14.58,Medium,Low,No,Graduate,Yes,Yes,No,No,6,Primary,Yes,0,1,1,40,Low,NO,Academic Disengagement,Counselling Support,Low Priority
2025,SCH_015,Patan,Urban,Female,General,1,Low,74.0,23.1,High,Medium,No,Primary,Yes,Yes,No,No,6,Secondary,No,0,1,0,13,Low,NO,Travel Constraint,Provide Transport,Low Priority
2024,SCH_048,Dahod,Rural,Male,ST,10,Very Low,69.2,3.88,Medium,Medium,Yes,Primary,No,Yes,Yes,No,6,Illiterate,No,1,0,1,57,Medium,NO,Academic Disengagement,Counselling Support,Monitor
2020,SCH_060,Patan,Urban,Male,ST,11,High,51.9,20.44,Low,Low,Yes,Primary,Yes,No,Yes,No,4,Secondary,Yes,1,1,1,50,Medium,NO,Academic Disengagement,Counselling Support,Monitor
2025,SCH_104,Bhavnagar,Urban,Male,OBC,9,Very Low,85.0,18.52,High,High,Yes,Graduate,Yes,Yes,No,Yes,3,Primary,Yes,1,1,0,32,Low,NO,Travel Constraint,Provide Transport,Low Priority
2025,SCH_102,Bhavnagar,Tribal,Female,OBC,6,Medium,52.2,0.19,Low,Low,No,Illiterate,Yes,Yes,No,No,6,Secondary,Yes,0,0,1,43,Medium,NO,Academic Disengagement,Counselling Support,Monitor
2025,SCH_105,Anand,Urban,Male,General,7,Low,51.2,3.66,High,Medium,Yes,Illiterate,Yes,Yes,No,No,7,Primary,Yes,0,0,1,18,Low,NO,Academic Disengagement,Counselling Support,Low Priority
2021,SCH_016,Anand,Tribal,Male,OBC,1,Very Low,99.1,9.68,Medium,Medium,Yes,Illiterate,Yes,No,No,No,5,Illiterate,Yes,0,1,0,12,Low,NO,Travel Constraint,Provide Transport,Low Priority
2023,SCH_123,Vadodara,Rural,Female,General,12,Medium,63.5,25.13,High,Medium,Yes,Graduate,No,No,No,No,3,Secondary,Yes,1,1,1,44,Medium,NO,Academic Disengagement,Counselling Support,Monitor
2023,SCH_078,Banaskantha,Urban,Male,General,2,Low,95.3,5.97,Low,Low,No,Secondary,Yes,No,Yes,No,3,Illiterate,Yes,0,1,0,34,Low,NO,Travel Constraint,Provide Transport,Low Priority
2021,SCH_167,Kutch,Urban,Female,General,9,Low,80.6,23.14,Medium,Low,Yes,Graduate,Yes,Yes,Yes,No,2,Primary,Yes,1,1,0,30,Low,NO,Travel Constraint,Provide Transport,Low Priority
2021,SCH_174,Surat,Rural,Male,General,4,Low,90.6,21.42,Medium,Low,No,Primary,Yes,Yes,No,No,4,Graduate,No,0,1,0,19,Low,NO,Travel Constraint,Provide Transport,Low Priority
2019,SCH_016,Navsari,Urban,Female,ST,6,High,41.0,27.48,Low,Medium,Yes,Primary,Yes,No,No,No,8,Secondary,Yes,0,1,1,32,Low,NO,Academic Disengagement,Counselling Support,Low Priority
2024,SCH_180,Rajkot,Rural,Male,ST,4,Low,48.4,6.64,High,Low,No,Primary,Yes,Yes,Yes,No,4,Secondary,Yes,0,1,1,37,Low,NO,Academic Disengagement,Counselling Support,Low Priority
2019,SCH_125,Ahmedabad,Tribal,Female,ST,6,Medium,94.9,17.73,Low,Medium,No,Secondary,Yes,Yes,Yes,No,4,Illiterate,No,0,1,0,50,Medium,NO,Travel Constraint,Provide Transport,Monitor
2024,SCH_023,Junagadh,Rural,Male,ST,11,Medium,99.6,5.56,Medium,High,No,Primary,Yes,Yes,No,No,2,Primary,No,1,1,0,41,Medium,NO,Travel Constraint,Provide Transport,Monitor
2023,SCH_054,Ahmedabad,Rural,Male,OBC,4,Low,93.9,17.4,Medium,High,No,Graduate,No,Yes,No,No,6,Secondary,No,0,1,0,22,Low,NO,Travel Constraint,Provide Transport,Low Priority
2023,SCH_129,Vadodara,Rural,Female,OBC,6,Very Low,54.6,0.69,Low,Low,No,Primary,Yes,Yes,No,No,2,Secondary,No,0,0,1,36,Low,NO,Academic Disengagement,Counselling Support,Low Priority
2025,SCH_108,Vadodara,Urban,Male,General,3,High,41.5,25.97,Medium,Low,No,Primary,No,No,Yes,No,7,Secondary,Yes,0,1,1,38,Low,NO,Academic Disengagement,Counselling Support,Low Priority
2024,SCH_007,Rajkot,Urban,Male,ST,4,Very Low,87.3,22.81,Low,High,Yes,Illiterate,Yes,Yes,No,No,6,Graduate,No,0,1,0,30,Low,NO,Travel Constraint,Provide Transport,Low Priority
2023,SCH_066,Vadodara,Rural,Male,SC,3,Low,77.8,12.0,Medium,High,No,Primary,No,No,Yes,Yes,5,Illiterate,No,0,1,0,28,Low,NO,Travel Constraint,Provide Transport,Low Priority
2023,SCH_111,Navsari,Urban,Female,SC,2,Very Low,83.5,17.88,Low,Low,No,Illiterate,Yes,Yes,No,No,5,Primary,Yes,0,1,0,33,Low,NO,Travel Constraint,Provide Transport,Low Priority
2019,SCH_030,Junagadh,Rural,Female,OBC,3,High,92.1,20.03,Medium,Low,No,Primary,Yes,Yes,No,No,5,Primary,No,0,1,0,12,Low,NO,Travel Constraint,Provide Transport,Low Priority
2023,SCH_156,Morbi,Urban,Male,OBC,6,High,79.0,3.74,Low,High,Yes,Graduate,Yes,No,No,No,2,Illiterate,No,0,0,0,14,Low,NO,Social Factor,Community Engagement,Low Priority
2023,SCH_047,Dahod,Rural,Male,General,12,Very Low,91.6,3.91,High,Low,No,Primary,Yes,Yes,No,No,3,Primary,No,1,0,0,31,Low,NO,Economic Pressure,Provide Scholarship,Low Priority
2023,SCH_087,Valsad,Urban,Female,General,5,Low,62.4,12.25,High,Medium,Yes,Primary,Yes,Yes,No,No,6,Illiterate,No,0,1,1,14,Low,NO,Academic Disengagement,Counselling Support,Low Priority
2023,SCH_076,Jamnagar,Rural,Female,OBC,2,High,54.7,5.82,Low,Low,No,Illiterate,No,No,Yes,No,3,Secondary,No,0,1,1,53,Medium,NO,Academic Disengagement,Counselling Support,Monitor
2024,SCH_038,Banaskantha,Tribal,Female,OBC,2,Low,51.0,11.8,High,Medium,No,Primary,No,Yes,No,Yes,5,Primary,Yes,0,1,1,51,Medium,NO,Academic Disengagement,Counselling Support,Monitor
2025,SCH_147,Ahmedabad,Rural,Female,OBC,12,Medium,60.1,16.58,Medium,High,Yes,Primary,Yes,Yes,Yes,No,2,Primary,No,1,1,1,69,Medium,NO,Academic Disengagement,Counselling Support,Monitor
2025,SCH_116,Amreli,Urban,Female,General,10,Low,43.3,20.59,Medium,Medium,Yes,Secondary,Yes,Yes,No,No,5,Secondary,No,1,1,1,35,Low,NO,Academic Disengagement,Counselling Support,Low Priority
2019,SCH_137,Valsad,Urban,Female,SC,12,High,86.5,10.23,Low,Medium,Yes,Illiterate,Yes,Yes,No,No,4,Primary,No,1,1,0,39,Low,NO,Travel Constraint,Provide Transport,Low Priority
2021,SCH_155,Rajkot,Urban,Female,ST,1,Very Low,87.0,27.51,High,High,Yes,Secondary,No,No,No,No,6,Illiterate,Yes,0,1,0,25,Low,NO,Travel Constraint,Provide Transport,Low Priority
2021,SCH_057,Jamnagar,Urban,Female,SC,10,Low,43.7,24.03,Medium,Medium,Yes,Graduate,No,No,No,No,3,Primary,Yes,1,1,1,45,Medium,NO,Academic Disengagement,Counselling Support,Monitor
2020,SCH_122,Surat,Urban,Male,OBC,12,Low,42.7,19.92,Low,Low,No,Illiterate,Yes,Yes,No,No,8,Primary,No,1,1,1,57,Medium,NO,Academic Disengagement,Counselling Support,Monitor
2019,SCH_013,Sabarkantha,Rural,Female,SC,12,High,64.2,10.43,High,Medium,Yes,Illiterate,Yes,Yes,No,No,7,Illiterate,No,1,1,1,42,Medium,NO,Academic Disengagement,Counselling Support,Monitor
2024,SCH_129,Sabarkantha,Rural,Male,SC,9,High,53.4,23.22,Medium,Medium,Yes,Illiterate,No,Yes,Yes,No,8,Primary,Yes,1,1,1,53,Medium,NO,Academic Disengagement,Counselling Support,Monitor
2023,SCH_001,Morbi,Rural,Female,OBC,2,Low,82.3,0.24,Medium,Low,Yes,Graduate,Yes,No,No,No,2,Illiterate,No,0,0,0,18,Low,NO,Social Factor,Community Engagement,Low Priority
2019,SCH_062,Sabarkantha,Urban,Male,OBC,4,Very Low,76.9,10.29,Medium,Medium,Yes,Primary,Yes,No,No,No,5,Graduate,No,0,1,0,21,Low,NO,Travel Constraint,Provide Transport,Low Priority
2024,SCH_026,Navsari,Rural,Female,SC,4,Low,53.6,18.86,Low,High,Yes,Secondary,Yes,No,Yes,No,8,Primary,Yes,0,1,1,43,Medium,NO,Academic Disengagement,Counselling Support,Monitor
2020,SCH_142,Junagadh,Rural,Female,General,5,Medium,55.3,0.26,High,Medium,No,Primary,Yes,Yes,No,No,7,Illiterate,No,0,0,1,21,Low,NO,Academic Disengagement,Counselling Support,Low Priority
2021,SCH_149,Rajkot,Rural,Male,OBC,4,Medium,61.5,5.98,Medium,High,Yes,Illiterate,No,Yes,No,No,2,Secondary,No,0,1,1,31,Low,NO,Academic Disengagement,Counselling Support,Low Priority
2019,SCH_079,Banaskantha,Rural,Male,ST,9,Low,64.4,12.03,Medium,Medium,No,Primary,Yes,Yes,No,No,3,Primary,Yes,1,1,1,38,Low,NO,Academic Disengagement,Counselling Support,Low Priority
2023,SCH_067,Sabarkantha,Tribal,Male,General,11,Very Low,43.4,22.15,Medium,Medium,Yes,Secondary,No,Yes,No,No,2,Illiterate,No,1,1,1,47,Medium,NO,Academic Disengagement,Counselling Support,Monitor
2020,SCH_161,Gandhinagar,Rural,Female,OBC,3,Medium,77.8,14.87,Medium,Low,Yes,Graduate,No,No,Yes,No,6,Illiterate,No,0,1,0,33,Low,NO,Travel Constraint,Provide Transport,Low Priority
2024,SCH_145,Bhavnagar,Urban,Male,ST,5,Medium,62.6,25.26,Medium,High,Yes,Secondary,Yes,No,Yes,No,5,Secondary,No,0,1,1,43,Medium,NO,Academic Disengagement,Counselling Support,Monitor
2022,SCH_086,Jamnagar,Rural,Female,General,6,High,40.4,7.0,Medium,Low,Yes,Primary,Yes,Yes,No,Yes,3,Illiterate,Yes,0,1,1,34,Low,NO,Academic Disengagement,Counselling Support,Low Priority
2022,SCH_109,Morbi,Rural,Female,OBC,11,Low,98.5,3.05,Medium,Low,Yes,Illiterate,Yes,Yes,No,No,2,Graduate,No,1,0,0,28,Low,NO,Social Factor,Community Engagement,Low Priority
2023,SCH_145,Patan,Urban,Male,SC,8,Low,44.9,26.52,High,Low,Yes,Illiterate,Yes,Yes,No,No,6,Illiterate,No,0,1,1,31,Low,NO,Academic Disengagement,Counselling Support,Low Priority
2024,SCH_112,Rajkot,Rural,Male,OBC,3,Very Low,70.3,9.51,Low,Medium,Yes,Primary,Yes,Yes,No,No,6,Secondary,Yes,0,1,0,19,Low,NO,Travel Constraint,Provide Transport,Low Priority
2025,SCH_113,Surat,Urban,Female,General,9,Very Low,43.1,26.45,Low,Medium,Yes,Illiterate,Yes,No,No,No,2,Illiterate,No,1,1,1,48,Medium,NO,Academic Disengagement,Counselling Support,Monitor
2023,SCH_086,Morbi,Urban,Male,OBC,5,Low,78.3,17.29,Medium,Medium,No,Secondary,Yes,No,Yes,No,2,Secondary,Yes,0,1,0,23,Low,NO,Travel Constraint,Provide Transport,Low Priority
2025,SCH_145,Sabarkantha,Rural,Female,OBC,11,Low,53.3,26.7,Medium,Medium,Yes,Secondary,Yes,Yes,Yes,No,3,Primary,No,1,1,1,49,Medium,NO,Academic Disengagement,Counselling Support,Monitor
2023,SCH_170,Gandhinagar,Urban,Male,General,10,Low,86.4,14.2,Medium,Medium,Yes,Primary,Yes,No,Yes,No,7,Secondary,No,1,1,0,27,Low,NO,Travel Constraint,Provide Transport,Low Priority
2019,SCH_104,Surat,Urban,Female,SC,2,Low,70.0,6.81,High,High,Yes,Graduate,Yes,Yes,Yes,Yes,6,Illiterate,Yes,0,1,0,31,Low,NO,Travel Constraint,Provide Transport,Low Priority
2021,SCH_118,Mehsana,Rural,Male,ST,7,Medium,64.4,24.93,Low,Medium,Yes,Primary,Yes,Yes,No,No,7,Graduate,No,0,1,1,34,Low,NO,Academic Disengagement,Counselling Support,Low Priority
2021,SCH_148,Vadodara,Rural,Male,OBC,4,Low,72.8,11.24,Medium,High,No,Secondary,Yes,Yes,No,No,5,Secondary,No,0,1,0,18,Low,NO,Travel Constraint,Provide Transport,Low Priority
2021,SCH_170,Bharuch,Tribal,Male,OBC,8,Very Low,82.0,10.99,Medium,Medium,No,Illiterate,Yes,Yes,No,No,5,Secondary,No,0,1,0,28,Low,NO,Travel Constraint,Provide Transport,Low Priority
2024,SCH_053,Gandhinagar,Rural,Female,OBC,11,High,46.9,4.95,Medium,Medium,Yes,Primary,Yes,Yes,No,No,3,Illiterate,No,1,0,1,50,Medium,NO,Academic Disengagement,Counselling Support,Monitor
2020,SCH_056,Rajkot,Rural,Female,General,3,Low,67.9,0.51,Medium,Low,Yes,Secondary,Yes,No,No,No,4,Secondary,Yes,0,0,1,25,Low,NO,Academic Disengagement,Counselling Support,Low Priority
2023,SCH_015,Bharuch,Rural,Female,OBC,11,Medium,86.3,7.52,Low,Medium,Yes,Secondary,Yes,Yes,No,No,2,Primary,No,1,1,0,33,Low,NO,Travel Constraint,Provide Transport,Low Priority
2024,SCH_015,Dahod,Tribal,Female,General,5,Very Low,64.5,9.85,High,High,Yes,Secondary,Yes,Yes,No,Yes,8,Primary,Yes,0,1,1,54,Medium,NO,Academic Disengagement,Counselling Support,Monitor
2024,SCH_034,Amreli,Urban,Male,ST,9,Very Low,43.6,18.7,High,Medium,No,Illiterate,Yes,Yes,No,No,2,Primary,Yes,1,1,1,40,Low,NO,Academic Disengagement,Counselling Support,Low Priority
2023,SCH_144,Amreli,Urban,Male,SC,6,Medium,98.6,0.92,High,High,No,Illiterate,Yes,Yes,No,No,6,Primary,Yes,0,0,0,15,Low,NO,Social Factor,Community Engagement,Low Priority
2023,SCH_002,Dahod,Urban,Female,OBC,12,High,52.0,3.89,Medium,Low,No,Illiterate,Yes,Yes,Yes,No,6,Graduate,No,1,0,1,56,Medium,NO,Academic Disengagement,Counselling Support,Monitor
2021,SCH_123,Kutch,Rural,Male,OBC,2,Very Low,87.8,17.38,Low,Low,Yes,Illiterate,Yes,No,No,No,4,Illiterate,No,0,1,0,36,Low,NO,Travel Constraint,Provide Transport,Low Priority
2019,SCH_067,Anand,Tribal,Male,SC,11,Medium,83.4,2.96,Low,Low,Yes,Secondary,Yes,No,No,No,6,Illiterate,Yes,1,0,0,31,Low,NO,Social Factor,Community Engagement,Low Priority
2025,SCH_139,Vadodara,Rural,Male,General,7,Medium,45.9,24.3,Low,Medium,No,Secondary,No,No,No,Yes,8,Primary,Yes,0,1,1,39,Low,NO,Academic Disengagement,Counselling Support,Low Priority
2023,SCH_153,Navsari,Urban,Male,General,1,High,84.4,4.85,Medium,High,No,Illiterate,No,No,No,No,3,Secondary,Yes,0,0,0,20,Low,NO,Social Factor,Community Engagement,Low Priority
2021,SCH_005,Patan,Rural,Male,ST,4,Medium,76.4,15.47,Medium,Low,No,Illiterate,Yes,No,No,No,3,Secondary,Yes,0,1,0,22,Low,NO,Travel Constraint,Provide Transport,Low Priority
2025,SCH_051,Morbi,Tribal,Male,OBC,5,Medium,95.2,6.44,High,High,No,Primary,No,No,No,No,7,Illiterate,Yes,0,1,0,24,Low,NO,Travel Constraint,Provide Transport,Low Priority
2020,SCH_088,Navsari,Rural,Male,OBC,9,Very Low,84.5,0.19,Medium,Medium,No,Primary,Yes,No,No,No,8,Secondary,Yes,1,0,0,28,Low,NO,Economic Pressure,Provide Scholarship,Low Priority
2019,SCH_058,Vadodara,Rural,Male,OBC,8,Low,53.5,8.51,Medium,High,No,Primary,Yes,Yes,Yes,No,8,Illiterate,No,0,1,1,41,Medium,NO,Academic Disengagement,Counselling Support,Monitor
2020,SCH_003,Morbi,Urban,Female,SC,8,Low,78.2,9.28,Low,Low,Yes,Secondary,Yes,Yes,No,Yes,4,Secondary,No,0,1,0,22,Low,NO,Travel Constraint,Provide Transport,Low Priority
2024,SCH_003,Junagadh,Rural,Male,General,9,Very Low,57.9,16.89,Medium,Medium,No,Illiterate,Yes,No,Yes,No,5,Primary,No,1,1,1,60,Medium,NO,Academic Disengagement,Counselling Support,Monitor
2025,SCH_119,Bhavnagar,Rural,Male,OBC,9,Low,40.3,18.03,Medium,High,Yes,Primary,Yes,No,No,No,2,Illiterate,Yes,1,1,1,36,Low,NO,Academic Disengagement,Counselling Support,Low Priority
2021,SCH_004,Gandhinagar,Tribal,Female,SC,10,High,84.2,23.03,Medium,Medium,No,Illiterate,Yes,No,No,No,8,Illiterate,No,1,1,0,34,Low,NO,Travel Constraint,Provide Transport,Low Priority
2020,SCH_006,Sabarkantha,Tribal,Female,General,11,High,52.2,3.58,Low,High,Yes,Secondary,Yes,No,No,Yes,6,Primary,Yes,1,0,1,49,Medium,NO,Academic Disengagement,Counselling Support,Monitor
2020,SCH_161,Banaskantha,Urban,Male,General,2,High,55.3,6.33,Medium,High,Yes,Illiterate,Yes,No,Yes,No,3,Illiterate,No,0,1,1,33,Low,NO,Academic Disengagement,Counselling Support,Low Priority
2025,SCH_073,Anand,Urban,Female,OBC,2,Very Low,42.7,12.86,Medium,High,Yes,Illiterate,Yes,Yes,No,No,2,Primary,No,0,1,1,39,Low,NO,Academic Disengagement,Counselling Support,Low Priority
2020,SCH_085,Bhavnagar,Urban,Male,OBC,2,Medium,42.4,5.91,Medium,Medium,No,Primary,No,Yes,No,No,7,Primary,Yes,0,1,1,35,Low,NO,Academic Disengagement,Counselling Support,Low Priority
2022,SCH_170,Morbi,Rural,Female,General,3,Low,85.4,24.12,Medium,Low,No,Primary,No,No,No,Yes,4,Secondary,Yes,0,1,0,31,Low,NO,Travel Constraint,Provide Transport,Low Priority
2019,SCH_129,Anand,Rural,Female,General,3,Very Low,59.1,6.06,Low,Medium,Yes,Illiterate,No,No,No,Yes,5,Primary,No,0,1,1,46,Medium,NO,Academic Disengagement,Counselling Support,Monitor
2025,SCH_176,Ahmedabad,Urban,Male,General,1,High,62.9,19.64,Medium,High,Yes,Illiterate,Yes,Yes,No,No,4,Primary,Yes,0,1,1,28,Low,NO,Academic Disengagement,Counselling Support,Low Priority
2023,SCH_070,Gandhinagar,Rural,Male,SC,9,Medium,69.6,27.28,Medium,Medium,No,Primary,Yes,Yes,No,No,8,Graduate,Yes,1,1,1,46,Medium,NO,Academic Disengagement,Counselling Support,Monitor
2019,SCH_050,Gandhinagar,Urban,Male,SC,8,Medium,52.9,2.93,Medium,High,No,Secondary,Yes,No,No,No,2,Secondary,No,0,0,1,22,Low,NO,Academic Disengagement,Counselling Support,Low Priority
2022,SCH_165,Gandhinagar,Tribal,Male,ST,10,Medium,54.9,25.13,Medium,High,No,Primary,Yes,Yes,Yes,No,4,Illiterate,Yes,1,1,1,56,Medium,NO,Academic Disengagement,Counselling Support,Monitor
2021,SCH_078,Anand,Rural,Male,General,2,Very Low,67.6,12.81,Low,Medium,Yes,Primary,No,No,No,Yes,4,Illiterate,No,0,1,1,34,Low,NO,Academic Disengagement,Counselling Support,Low Priority
2021,SCH_054,Valsad,Tribal,Male,General,3,Low,82.2,16.32,Low,Medium,Yes,Primary,Yes,Yes,No,No,4,Secondary,No,0,1,0,28,Low,NO,Travel Constraint,Provide Transport,Low Priority
2025,SCH_031,Vadodara,Urban,Male,ST,3,Very Low,74.3,1.66,Medium,Medium,Yes,Secondary,No,No,No,Yes,2,Illiterate,No,0,0,0,33,Low,NO,Economic Pressure,Provide Scholarship,Low Priority
2025,SCH_118,Rajkot,Urban,Male,ST,10,Very Low,62.4,17.51,Medium,Medium,No,Secondary,Yes,No,No,No,5,Illiterate,Yes,1,1,1,57,Medium,NO,Academic Disengagement,Counselling Support,Monitor
2025,SCH_090,Bharuch,Urban,Female,OBC,1,Low,90.3,23.74,Medium,Medium,Yes,Graduate,Yes,No,No,No,3,Primary,Yes,0,1,0,12,Low,NO,Travel Constraint,Provide Transport,Low Priority
2022,SCH_131,Rajkot,Rural,Female,General,5,Low,54.5,20.93,Low,Medium,Yes,Illiterate,Yes,No,Yes,No,5,Illiterate,Yes,0,1,1,40,Low,NO,Academic Disengagement,Counselling Support,Low Priority
2024,SCH_133,Patan,Urban,Female,SC,9,High,45.4,16.79,Low,High,Yes,Secondary,Yes,Yes,No,No,5,Secondary,No,1,1,1,43,Medium,NO,Academic Disengagement,Counselling Support,Monitor
2021,SCH_024,Patan,Rural,Male,OBC,6,Low,51.2,1.47,Medium,Medium,Yes,Primary,Yes,No,No,Yes,2,Primary,No,0,0,1,21,Low,NO,Academic Disengagement,Counselling Support,Low Priority
2023,SCH_147,Jamnagar,Rural,Male,General,6,Low,83.1,4.51,Low,Low,No,Graduate,Yes,No,No,Yes,6,Illiterate,Yes,0,0,0,25,Low,NO,Social Factor,Community Engagement,Low Priority
2022,SCH_152,Gandhinagar,Rural,Female,ST,12,Low,97.6,6.05,Medium,High,No,Illiterate,Yes,No,No,No,3,Primary,Yes,1,1,0,50,Medium,NO,Travel Constraint,Provide Transport,Monitor
2022,SCH_029,Jamnagar,Rural,Female,ST,11,Very Low,59.6,23.4,High,Medium,No,Primary,No,Yes,No,Yes,2,Graduate,No,1,1,1,57,Medium,NO,Academic Disengagement,Counselling Support,Monitor
2023,SCH_044,Surat,Rural,Male,OBC,1,Medium,40.6,8.81,Medium,Low,No,Illiterate,No,Yes,No,No,4,Primary,No,0,1,1,35,Low,NO,Academic Disengagement,Counselling Support,Low Priority
2023,SCH_069,Kutch,Rural,Male,ST,11,Low,74.9,13.06,Medium,High,Yes,Primary,Yes,No,Yes,No,6,Illiterate,No,1,1,0,43,Medium,NO,Travel Constraint,Provide Transport,Monitor
2022,SCH_031,Morbi,Tribal,Female,ST,9,Medium,92.6,3.29,Medium,Medium,No,Graduate,Yes,Yes,No,No,2,Illiterate,No,1,0,0,51,Medium,NO,Social Factor,Community Engagement,Monitor
2019,SCH_018,Jamnagar,Urban,Male,General,3,High,70.7,10.73,Medium,Medium,Yes,Illiterate,Yes,Yes,No,Yes,3,Primary,No,0,1,0,21,Low,NO,Travel Constraint,Provide Transport,Low Priority
2020,SCH_140,Rajkot,Urban,Female,SC,5,Very Low,82.3,8.15,Medium,Low,Yes,Graduate,Yes,Yes,No,No,4,Primary,No,0,1,0,21,Low,NO,Travel Constraint,Provide Transport,Low Priority
2025,SCH_005,Valsad,Rural,Male,General,11,High,70.4,16.26,High,Low,No,Illiterate,Yes,No,No,Yes,4,Illiterate,No,1,1,0,42,Medium,NO,Travel Constraint,Provide Transport,Monitor
2019,SCH_066,Anand,Urban,Male,SC,8,Low,87.9,20.13,High,Low,No,Secondary,No,No,No,No,4,Primary,Yes,0,1,0,30,Low,NO,Travel Constraint,Provide Transport,Low Priority
2021,SCH_070,Amreli,Rural,Male,General,8,Low,57.7,18.54,Medium,Medium,Yes,Graduate,Yes,No,Yes,Yes,4,Secondary,No,0,1,1,26,Low,NO,Academic Disengagement,Counselling Support,Low Priority
2019,SCH_066,Rajkot,Urban,Male,ST,6,Low,82.6,21.43,High,Medium,Yes,Secondary,No,Yes,No,No,8,Graduate,No,0,1,0,10,Low,NO,Travel Constraint,Provide Transport,Low Priority
2025,SCH_172,Bharuch,Rural,Female,General,7,Low,89.2,0.2,Low,Low,Yes,Primary,Yes,No,No,No,6,Illiterate,Yes,0,0,0,34,Low,NO,Social Factor,Community Engagement,Low Priority
2020,SCH_048,Mehsana,Urban,Female,ST,6,High,50.9,18.78,Low,Medium,Yes,Secondary,Yes,Yes,No,No,4,Graduate,Yes,0,1,1,34,Low,NO,Academic Disengagement,Counselling Support,Low Priority
2023,SCH_042,Amreli,Tribal,Male,General,5,Low,50.6,6.13,Low,Medium,No,Illiterate,Yes,Yes,No,Yes,5,Primary,No,0,1,1,41,Medium,NO,Academic Disengagement,Counselling Support,Monitor
2019,SCH_059,Rajkot,Tribal,Male,ST,1,Very Low,44.2,15.08,High,Medium,Yes,Illiterate,No,Yes,No,No,5,Illiterate,Yes,0,1,1,44,Medium,NO,Academic Disengagement,Counselling Support,Monitor
2023,SCH_029,Mehsana,Rural,Male,OBC,12,Medium,65.0,20.9,Medium,High,Yes,Illiterate,Yes,Yes,Yes,No,3,Illiterate,Yes,1,1,1,51,Medium,NO,Academic Disengagement,Counselling Support,Monitor
2023,SCH_060,Surat,Tribal,Female,General,4,Medium,82.0,19.11,Low,Medium,No,Illiterate,No,Yes,No,No,5,Primary,No,0,1,0,43,Medium,NO,Travel Constraint,Provide Transport,Monitor
2024,SCH_022,Jamnagar,Urban,Female,ST,8,Low,75.2,20.34,High,High,No,Primary,Yes,No,No,No,3,Secondary,Yes,0,1,0,28,Low,NO,Travel Constraint,Provide Transport,Low Priority
2021,SCH_007,Surat,Tribal,Female,General,9,Low,54.8,6.63,Medium,Low,Yes,Primary,Yes,No,No,No,8,Secondary,No,1,1,1,54,Medium,NO,Academic Disengagement,Counselling Support,Monitor
2024,SCH_079,Dahod,Tribal,Male,ST,1,High,83.2,14.67,Medium,High,Yes,Illiterate,No,No,No,No,7,Primary,No,0,1,0,16,Low,NO,Travel Constraint,Provide Transport,Low Priority
2024,SCH_147,Valsad,Urban,Female,OBC,2,Medium,97.3,19.97,Medium,Medium,No,Graduate,No,Yes,No,No,7,Primary,No,0,1,0,23,Low,NO,Travel Constraint,Provide Transport,Low Priority
2020,SCH_026,Bharuch,Rural,Female,SC,6,Low,41.5,20.66,Low,Medium,Yes,Illiterate,Yes,Yes,No,No,8,Illiterate,No,0,1,1,44,Medium,NO,Academic Disengagement,Counselling Support,Monitor
2020,SCH_020,Surat,Urban,Male,OBC,8,Low,89.0,7.66,High,Medium,No,Primary,Yes,Yes,No,No,8,Graduate,No,0,1,0,20,Low,NO,Travel Constraint,Provide Transport,Low Priority
2020,SCH_099,Patan,Urban,Male,OBC,6,Very Low,60.7,22.39,Low,Low,No,Primary,Yes,No,No,Yes,8,Illiterate,No,0,1,1,48,Medium,NO,Academic Disengagement,Counselling Support,Monitor
2025,SCH_175,Kutch,Tribal,Female,SC,2,Low,47.1,17.44,High,Medium,Yes,Primary,Yes,Yes,Yes,No,7,Secondary,No,0,1,1,37,Low,NO,Academic Disengagement,Counselling Support,Low Priority
2023,SCH_047,Patan,Urban,Male,SC,5,Very Low,76.8,2.26,High,High,Yes,Primary,No,Yes,No,No,8,Primary,No,0,0,0,18,Low,NO,Economic Pressure,Provide Scholarship,Low Priority
2024,SCH_042,Rajkot,Rural,Male,General,5,Low,60.8,24.63,Low,Low,Yes,Primary,Yes,Yes,No,No,2,Primary,Yes,0,1,1,40,Low,NO,Academic Disengagement,Counselling Support,Low Priority
2025,SCH_078,Dahod,Urban,Female,OBC,9,Very Low,63.8,14.93,Medium,Medium,Yes,Graduate,Yes,No,Yes,No,7,Primary,No,1,1,1,56,Medium,NO,Academic Disengagement,Counselling Support,Monitor
2023,SCH_015,Banaskantha,Rural,Female,OBC,7,Very Low,48.3,19.99,Medium,Low,Yes,Illiterate,Yes,Yes,No,No,3,Primary,Yes,0,1,1,43,Medium,NO,Academic Disengagement,Counselling Support,Monitor
2022,SCH_130,Mehsana,Rural,Male,OBC,11,High,47.2,24.83,Medium,Low,Yes,Illiterate,Yes,Yes,No,No,2,Secondary,No,1,1,1,40,Low,NO,Academic Disengagement,Counselling Support,Low Priority
2022,SCH_070,Junagadh,Urban,Female,OBC,7,Very Low,91.9,23.63,Medium,Low,Yes,Secondary,No,Yes,Yes,No,3,Primary,No,0,1,0,41,Medium,NO,Travel Constraint,Provide Transport,Monitor
2021,SCH_106,Mehsana,Rural,Male,OBC,10,Low,85.3,3.26,Medium,Medium,Yes,Primary,Yes,Yes,No,No,2,Secondary,No,1,0,0,12,Low,NO,Social Factor,Community Engagement,Low Priority
2024,SCH_101,Rajkot,Urban,Male,SC,12,High,82.4,9.34,Medium,Low,No,Primary,Yes,Yes,No,Yes,8,Illiterate,Yes,1,1,0,30,Low,NO,Travel Constraint,Provide Transport,Low Priority
2022,SCH_118,Junagadh,Rural,Female,OBC,12,Very Low,82.9,23.71,Medium,Medium,Yes,Secondary,Yes,Yes,No,No,7,Illiterate,No,1,1,0,41,Medium,NO,Travel Constraint,Provide Transport,Monitor
2021,SCH_075,Patan,Rural,Male,ST,3,Very Low,89.5,9.9,Medium,Medium,No,Graduate,Yes,Yes,No,No,5,Primary,No,0,1,0,31,Low,NO,Travel Constraint,Provide Transport,Low Priority
2024,SCH_059,Patan,Rural,Male,General,3,Low,63.1,24.09,Low,Medium,Yes,Illiterate,Yes,No,No,No,3,Primary,Yes,0,1,1,34,Low,NO,Academic Disengagement,Counselling Support,Low Priority
2024,SCH_073,Amreli,Urban,Female,OBC,3,Medium,82.8,5.08,High,High,No,Primary,Yes,No,No,No,8,Secondary,No,0,1,0,19,Low,NO,Travel Constraint,Provide Transport,Low Priority
2019,SCH_007,Vadodara,Rural,Female,SC,4,Very Low,40.1,11.06,High,Medium,No,Primary,Yes,No,No,No,7,Secondary,No,0,1,1,33,Low,NO,Academic Disengagement,Counselling Support,Low Priority
2025,SCH_074,Mehsana,Rural,Female,General,5,Medium,40.6,3.24,Medium,Medium,Yes,Graduate,Yes,Yes,No,No,7,Illiterate,Yes,0,0,1,31,Low,NO,Academic Disengagement,Counselling Support,Low Priority
2021,SCH_071,Banaskantha,Urban,Female,OBC,3,Medium,95.7,12.85,Medium,Medium,No,Primary,Yes,Yes,No,No,7,Primary,Yes,0,1,0,19,Low,NO,Travel Constraint,Provide Transport,Low Priority
2021,SCH_130,Ahmedabad,Rural,Female,ST,3,Medium,66.1,9.26,Low,Low,Yes,Primary,Yes,Yes,No,No,7,Graduate,No,0,1,1,44,Medium,NO,Academic Disengagement,Counselling Support,Monitor
2022,SCH_060,Mehsana,Rural,Male,ST,8,High,71.1,0.28,Low,High,No,Graduate,Yes,No,No,No,5,Illiterate,Yes,0,0,0,32,Low,NO,Social Factor,Community Engagement,Low Priority
2019,SCH_139,Junagadh,Tribal,Male,OBC,10,Low,90.1,8.42,Medium,Low,No,Primary,Yes,No,No,No,2,Primary,Yes,1,1,0,42,Medium,NO,Travel Constraint,Provide Transport,Monitor
2021,SCH_037,Valsad,Tribal,Female,SC,12,Very Low,71.3,15.52,Low,High,Yes,Secondary,No,No,No,No,3,Primary,No,1,1,0,62,Medium,NO,Travel Constraint,Provide Transport,Monitor
2025,SCH_070,Bharuch,Rural,Male,ST,9,Low,75.8,12.58,Low,High,Yes,Illiterate,Yes,Yes,No,No,4,Illiterate,No,1,1,0,43,Medium,NO,Travel Constraint,Provide Transport,Monitor
2020,SCH_032,Banaskantha,Urban,Female,General,3,Low,48.8,26.66,Medium,High,Yes,Secondary,No,No,No,No,6,Graduate,No,0,1,1,31,Low,NO,Academic Disengagement,Counselling Support,Low Priority
2025,SCH_077,Valsad,Rural,Female,ST,10,Low,53.2,8.54,High,Medium,Yes,Secondary,Yes,No,No,No,7,Secondary,Yes,1,1,1,38,Low,NO,Academic Disengagement,Counselling Support,Low Priority
2025,SCH_044,Rajkot,Urban,Female,OBC,12,Very Low,72.2,14.26,High,Medium,Yes,Illiterate,Yes,Yes,No,No,3,Graduate,No,1,1,0,43,Medium,NO,Travel Constraint,Provide Transport,Monitor
2024,SCH_137,Navsari,Rural,Female,OBC,9,High,83.9,19.83,Low,Medium,Yes,Graduate,No,No,Yes,No,3,Primary,No,1,1,0,38,Low,NO,Travel Constraint,Provide Transport,Low Priority
2025,SCH_162,Vadodara,Rural,Male,OBC,4,High,45.7,19.53,Medium,Medium,Yes,Graduate,No,Yes,No,No,3,Primary,No,0,1,1,27,Low,NO,Academic Disengagement,Counselling Support,Low Priority
2021,SCH_095,Bharuch,Tribal,Male,General,4,Low,70.4,14.1,Medium,Low,No,Secondary,Yes,Yes,No,No,8,Secondary,No,0,1,0,24,Low,NO,Travel Constraint,Provide Transport,Low Priority
2021,SCH_053,Ahmedabad,Rural,Male,ST,4,Medium,70.9,2.4,High,Low,Yes,Illiterate,Yes,No,No,No,8,Primary,Yes,0,0,0,24,Low,NO,Social Factor,Community Engagement,Low Priority
2021,SCH_018,Bharuch,Rural,Male,General,7,Low,50.7,17.7,Low,Medium,Yes,Illiterate,Yes,Yes,No,No,4,Secondary,No,0,1,1,31,Low,NO,Academic Disengagement,Counselling Support,Low Priority
2024,SCH_105,Sabarkantha,Rural,Female,OBC,8,Medium,54.0,0.34,Low,High,Yes,Illiterate,Yes,No,No,No,5,Illiterate,No,0,0,1,22,Low,NO,Academic Disengagement,Counselling Support,Low Priority
2020,SCH_076,Sabarkantha,Rural,Female,OBC,4,Low,43.8,10.69,High,Low,No,Primary,Yes,No,Yes,No,8,Primary,Yes,0,1,1,49,Medium,NO,Academic Disengagement,Counselling Support,Monitor
2025,SCH_028,Navsari,Tribal,Female,OBC,5,Very Low,74.5,17.92,Medium,Medium,Yes,Graduate,No,Yes,No,No,3,Graduate,No,0,1,0,25,Low,NO,Travel Constraint,Provide Transport,Low Priority
2021,SCH_055,Valsad,Tribal,Female,OBC,1,Medium,55.9,9.47,Medium,Medium,No,Illiterate,Yes,No,No,No,6,Graduate,No,0,1,1,32,Low,NO,Academic Disengagement,Counselling Support,Low Priority
2021,SCH_081,Amreli,Urban,Male,General,3,Medium,60.7,11.91,High,Low,Yes,Primary,Yes,Yes,No,No,7,Illiterate,No,0,1,1,32,Low,NO,Academic Disengagement,Counselling Support,Low Priority
2020,SCH_137,Surat,Rural,Female,General,8,Low,47.3,7.19,Low,Medium,Yes,Illiterate,No,Yes,No,No,7,Primary,No,0,1,1,43,Medium,NO,Academic Disengagement,Counselling Support,Monitor
2019,SCH_085,Gandhinagar,Urban,Female,OBC,11,Medium,99.9,25.14,Low,Medium,Yes,Primary,No,Yes,No,No,4,Primary,No,1,1,0,30,Low,NO,Travel Constraint,Provide Transport,Low Priority
2020,SCH_104,Bharuch,Urban,Female,General,10,Very Low,52.1,3.86,High,Medium,Yes,Illiterate,Yes,Yes,No,No,7,Secondary,No,1,0,1,36,Low,NO,Academic Disengagement,Counselling Support,Low Priority
2019,SCH_149,Ahmedabad,Rural,Male,ST,9,Low,86.8,9.17,Medium,Low,No,Primary,No,No,No,No,4,Primary,Yes,1,1,0,33,Low,NO,Travel Constraint,Provide Transport,Low Priority
2019,SCH_114,Ahmedabad,Rural,Male,General,1,Medium,60.9,7.92,Medium,Medium,Yes,Illiterate,No,Yes,No,No,7,Primary,Yes,0,1,1,32,Low,NO,Academic Disengagement,Counselling Support,Low Priority
2020,SCH_079,Junagadh,Urban,Female,OBC,6,Low,71.7,17.46,Medium,Medium,No,Secondary,Yes,No,No,No,2,Primary,Yes,0,1,0,17,Low,NO,Travel Constraint,Provide Transport,Low Priority
2022,SCH_094,Bharuch,Rural,Female,OBC,2,Low,49.3,11.52,High,High,No,Secondary,No,No,No,No,5,Illiterate,Yes,0,1,1,43,Medium,NO,Academic Disengagement,Counselling Support,Monitor
2024,SCH_036,Dahod,Rural,Male,General,10,Low,82.7,14.67,Low,Low,No,Primary,No,No,No,No,7,Secondary,No,1,1,0,46,Medium,NO,Travel Constraint,Provide Transport,Monitor
2023,SCH_002,Gandhinagar,Rural,Male,General,2,Low,40.2,17.19,Medium,Medium,Yes,Graduate,Yes,Yes,No,No,6,Secondary,Yes,0,1,1,26,Low,NO,Academic Disengagement,Counselling Support,Low Priority
2025,SCH_068,Bharuch,Rural,Male,OBC,3,High,70.3,21.34,Medium,High,No,Secondary,No,No,No,No,3,Secondary,Yes,0,1,0,22,Low,NO,Travel Constraint,Provide Transport,Low Priority
2020,SCH_018,Mehsana,Urban,Male,General,2,Low,73.1,15.92,High,Medium,No,Secondary,No,No,Yes,No,2,Illiterate,No,0,1,0,26,Low,NO,Travel Constraint,Provide Transport,Low Priority
2022,SCH_128,Morbi,Rural,Male,General,1,Medium,98.3,8.72,Medium,Low,Yes,Illiterate,Yes,No,No,No,6,Secondary,Yes,0,1,0,18,Low,NO,Travel Constraint,Provide Transport,Low Priority
2019,SCH_179,Amreli,Urban,Male,General,7,Medium,89.0,14.01,Medium,Low,Yes,Graduate,No,Yes,No,No,5,Primary,No,0,1,0,16,Low,NO,Travel Constraint,Provide Transport,Low Priority
2023,SCH_077,Ahmedabad,Tribal,Male,OBC,8,Low,96.6,2.77,High,Medium,Yes,Graduate,No,Yes,No,No,2,Primary,No,0,0,0,20,Low,NO,Social Factor,Community Engagement,Low Priority
2023,SCH_092,Rajkot,Tribal,Female,SC,2,Low,45.8,19.15,Low,Low,Yes,Primary,Yes,No,No,No,4,Illiterate,No,0,1,1,44,Medium,NO,Academic Disengagement,Counselling Support,Monitor
2020,SCH_062,Mehsana,Urban,Female,General,11,Very Low,80.6,14.62,Low,Medium,Yes,Secondary,Yes,No,Yes,No,8,Illiterate,No,1,1,0,50,Medium,NO,Travel Constraint,Provide Transport,Monitor
2023,SCH_132,Valsad,Tribal,Female,General,10,Low,61.8,25.23,Low,Low,Yes,Graduate,No,Yes,Yes,Yes,4,Illiterate,No,1,1,1,65,Medium,NO,Academic Disengagement,Counselling Support,Monitor
2023,SCH_143,Navsari,Tribal,Male,General,10,High,59.7,0.91,High,Medium,No,Secondary,No,Yes,No,No,5,Primary,No,1,0,1,47,Medium,NO,Academic Disengagement,Counselling Support,Monitor
2019,SCH_078,Dahod,Rural,Male,OBC,1,Very Low,99.4,24.05,Medium,Medium,Yes,Secondary,Yes,Yes,No,No,2,Illiterate,Yes,0,1,0,26,Low,NO,Travel Constraint,Provide Transport,Low Priority
2023,SCH_064,Valsad,Rural,Male,OBC,12,Medium,83.7,10.82,Low,Low,Yes,Graduate,No,Yes,No,No,8,Illiterate,Yes,1,1,0,31,Low,NO,Travel Constraint,Provide Transport,Low Priority
2020,SCH_133,Vadodara,Urban,Female,SC,1,Low,64.1,17.68,High,Medium,No,Illiterate,Yes,Yes,No,No,3,Graduate,No,0,1,1,15,Low,NO,Academic Disengagement,Counselling Support,Low Priority
2023,SCH_007,Rajkot,Rural,Female,OBC,11,Medium,56.5,4.37,High,High,No,Secondary,Yes,No,No,No,6,Secondary,Yes,1,0,1,45,Medium,NO,Academic Disengagement,Counselling Support,Monitor
2025,SCH_077,Bhavnagar,Rural,Female,SC,2,High,100.0,0.79,Low,Medium,Yes,Primary,Yes,No,No,No,3,Secondary,No,0,0,0,27,Low,NO,Social Factor,Community Engagement,Low Priority
2022,SCH_013,Navsari,Urban,Male,ST,10,Very Low,54.7,5.7,Medium,High,No,Secondary,Yes,No,No,No,6,Secondary,No,1,1,1,45,Medium,NO,Academic Disengagement,Counselling Support,Monitor
2022,SCH_138,Jamnagar,Urban,Female,SC,11,Medium,83.8,16.53,Low,Low,Yes,Primary,Yes,No,No,No,5,Illiterate,No,1,1,0,37,Low,NO,Travel Constraint,Provide Transport,Low Priority
2020,SCH_134,Anand,Rural,Male,SC,12,Medium,57.5,13.51,High,Low,No,Illiterate,No,Yes,No,No,2,Primary,Yes,1,1,1,43,Medium,NO,Academic Disengagement,Counselling Support,Monitor
2024,SCH_135,Bhavnagar,Rural,Male,OBC,2,High,78.7,9.07,Medium,Medium,Yes,Primary,Yes,Yes,No,No,3,Illiterate,No,0,1,0,14,Low,NO,Travel Constraint,Provide Transport,Low Priority
2019,SCH_001,Gandhinagar,Urban,Male,OBC,4,Very Low,98.1,14.99,Low,Medium,No,Illiterate,Yes,Yes,No,Yes,6,Graduate,No,0,1,0,30,Low,NO,Travel Constraint,Provide Transport,Low Priority
2022,SCH_107,Anand,Rural,Male,OBC,5,Medium,54.5,24.19,Medium,Low,No,Illiterate,Yes,Yes,Yes,No,3,Secondary,No,0,1,1,38,Low,NO,Academic Disengagement,Counselling Support,Low Priority
2024,SCH_089,Surat,Urban,Male,General,10,Very Low,99.8,7.66,High,Medium,Yes,Illiterate,No,Yes,No,No,2,Secondary,No,1,1,0,34,Low,NO,Travel Constraint,Provide Transport,Low Priority
2023,SCH_052,Rajkot,Rural,Female,OBC,6,High,99.4,24.78,Medium,Medium,No,Illiterate,Yes,Yes,Yes,No,8,Illiterate,No,0,1,0,36,Low,NO,Travel Constraint,Provide Transport,Low Priority
2021,SCH_064,Dahod,Rural,Male,OBC,11,Very Low,70.7,20.16,Low,High,Yes,Illiterate,Yes,No,No,No,2,Secondary,Yes,1,1,0,39,Low,NO,Travel Constraint,Provide Transport,Low Priority
2019,SCH_125,Patan,Urban,Male,OBC,9,Medium,97.7,21.16,High,High,Yes,Illiterate,No,No,No,No,8,Secondary,No,1,1,0,24,Low,NO,Travel Constraint,Provide Transport,Low Priority
2022,SCH_158,Vadodara,Rural,Female,General,5,High,96.5,4.21,High,Low,Yes,Primary,Yes,No,No,No,2,Illiterate,No,0,0,0,30,Low,NO,Social Factor,Community Engagement,Low Priority
2022,SCH_177,Valsad,Rural,Male,General,1,Medium,55.9,27.61,High,Medium,Yes,Primary,Yes,Yes,Yes,No,4,Primary,No,0,1,1,48,Medium,NO,Academic Disengagement,Counselling Support,Monitor
2025,SCH_130,Anand,Rural,Female,General,2,Very Low,94.6,16.52,Low,High,No,Illiterate,Yes,No,No,No,3,Illiterate,No,0,1,0,28,Low,NO,Travel Constraint,Provide Transport,Low Priority
2022,SCH_125,Morbi,Tribal,Male,General,6,Low,94.1,5.26,High,Medium,Yes,Primary,Yes,Yes,No,No,3,Graduate,No,0,1,0,15,Low,NO,Travel Constraint,Provide Transport,Low Priority
2022,SCH_175,Morbi,Tribal,Male,ST,7,Low,78.5,2.64,Medium,Low,No,Primary,Yes,No,No,No,6,Illiterate,No,0,0,0,28,Low,NO,Social Factor,Community Engagement,Low Priority
2021,SCH_102,Navsari,Rural,Female,ST,7,Low,44.7,4.32,Medium,Low,Yes,Graduate,Yes,Yes,No,Yes,8,Graduate,No,0,0,1,35,Low,NO,Academic Disengagement,Counselling Support,Low Priority
2019,SCH_119,Rajkot,Urban,Male,General,2,Medium,77.9,2.41,Low,High,Yes,Secondary,No,Yes,No,No,3,Primary,Yes,0,0,0,19,Low,NO,Social Factor,Community Engagement,Low Priority
2023,SCH_164,Navsari,Urban,Female,OBC,3,Low,96.3,27.95,Low,Medium,Yes,Primary,Yes,No,No,Yes,6,Secondary,No,0,1,0,27,Low,NO,Travel Constraint,Provide Transport,Low Priority
2024,SCH_062,Surat,Rural,Male,OBC,9,Very Low,72.5,11.73,Medium,Medium,Yes,Secondary,Yes,No,No,No,6,Secondary,Yes,1,1,0,28,Low,NO,Travel Constraint,Provide Transport,Low Priority
2025,SCH_026,Bhavnagar,Tribal,Male,General,7,Medium,66.3,19.32,Low,Medium,Yes,Primary,No,Yes,No,Yes,5,Secondary,No,0,1,1,43,Medium,NO,Academic Disengagement,Counselling Support,Monitor
2020,SCH_060,Mehsana,Urban,Male,OBC,10,Very Low,64.0,19.49,Medium,Medium,Yes,Graduate,Yes,Yes,No,No,7,Primary,Yes,1,1,1,47,Medium,NO,Academic Disengagement,Counselling Support,Monitor
2019,SCH_065,Patan,Rural,Female,OBC,1,Medium,52.8,8.72,Medium,High,Yes,Illiterate,Yes,Yes,Yes,No,5,Secondary,Yes,0,1,1,39,Low,NO,Academic Disengagement,Counselling Support,Low Priority
2022,SCH_106,Jamnagar,Urban,Male,SC,2,Low,81.9,16.12,Medium,Low,Yes,Secondary,Yes,Yes,No,No,7,Graduate,Yes,0,1,0,14,Low,NO,Travel Constraint,Provide Transport,Low Priority
2023,SCH_180,Ahmedabad,Rural,Male,General,11,High,49.0,4.54,Low,High,Yes,Illiterate,Yes,Yes,No,No,7,Primary,No,1,0,1,46,Medium,NO,Academic Disengagement,Counselling Support,Monitor
2022,SCH_095,Surat,Tribal,Male,SC,5,Medium,46.2,7.9,Low,Low,No,Illiterate,No,No,No,No,2,Graduate,No,0,1,1,37,Low,NO,Academic Disengagement,Counselling Support,Low Priority
2024,SCH_014,Kutch,Rural,Male,OBC,12,Very Low,95.5,8.91,High,Medium,No,Primary,No,No,No,No,7,Secondary,Yes,1,1,0,36,Low,NO,Travel Constraint,Provide Transport,Low Priority
2021,SCH_099,Amreli,Rural,Female,SC,3,Very Low,49.5,9.01,Medium,Medium,Yes,Secondary,No,Yes,No,No,2,Secondary,Yes,0,1,1,40,Low,NO,Academic Disengagement,Counselling Support,Low Priority
2022,SCH_015,Morbi,Rural,Female,General,6,High,65.6,13.82,Medium,High,No,Illiterate,No,No,No,No,5,Graduate,Yes,0,1,1,44,Medium,NO,Academic Disengagement,Counselling Support,Monitor
2021,SCH_120,Surat,Urban,Female,OBC,5,Low,67.4,2.55,Medium,Low,No,Primary,Yes,No,No,No,7,Primary,No,0,0,1,26,Low,NO,Academic Disengagement,Counselling Support,Low Priority
2025,SCH_178,Sabarkantha,Tribal,Female,General,9,Medium,86.0,19.03,High,Low,Yes,Primary,Yes,Yes,No,No,2,Illiterate,Yes,1,1,0,47,Medium,NO,Travel Constraint,Provide Transport,Monitor
2021,SCH_015,Ahmedabad,Tribal,Female,ST,4,Very Low,81.9,5.05,Medium,High,Yes,Illiterate,Yes,No,No,No,4,Illiterate,No,0,1,0,33,Low,NO,Travel Constraint,Provide Transport,Low Priority
2025,SCH_133,Patan,Rural,Male,General,4,High,94.1,16.82,Low,Low,Yes,Secondary,No,Yes,No,No,4,Illiterate,Yes,0,1,0,38,Low,NO,Travel Constraint,Provide Transport,Low Priority
2023,SCH_101,Amreli,Rural,Female,General,7,Low,52.6,0.11,High,Medium,Yes,Primary,No,No,No,No,3,Secondary,Yes,0,0,1,26,Low,NO,Academic Disengagement,Counselling Support,Low Priority
2020,SCH_157,Amreli,Tribal,Male,General,5,Medium,92.0,22.46,Low,Medium,No,Illiterate,Yes,No,No,No,2,Primary,Yes,0,1,0,30,Low,NO,Travel Constraint,Provide Transport,Low Priority
2019,SCH_076,Kutch,Urban,Female,SC,3,Very Low,50.7,3.81,Medium,Low,Yes,Graduate,Yes,Yes,No,Yes,4,Primary,Yes,0,0,1,31,Low,NO,Academic Disengagement,Counselling Support,Low Priority
2022,SCH_025,Vadodara,Rural,Female,SC,7,Very Low,68.3,2.2,Low,Medium,Yes,Primary,Yes,Yes,No,Yes,3,Primary,No,0,0,1,43,Medium,NO,Academic Disengagement,Counselling Support,Monitor
2020,SCH_166,Morbi,Urban,Female,OBC,8,Low,81.0,27.59,Low,Low,Yes,Primary,Yes,Yes,No,No,3,Secondary,Yes,0,1,0,28,Low,NO,Travel Constraint,Provide Transport,Low Priority
2024,SCH_049,Bhavnagar,Urban,Male,SC,6,Low,92.1,8.13,High,Medium,No,Primary,Yes,No,No,No,2,Primary,No,0,1,0,13,Low,NO,Travel Constraint,Provide Transport,Low Priority
2020,SCH_136,Bharuch,Rural,Female,ST,2,Medium,54.3,16.84,Low,High,Yes,Primary,No,Yes,Yes,No,8,Illiterate,No,0,1,1,43,Medium,NO,Academic Disengagement,Counselling Support,Monitor
2022,SCH_126,Anand,Rural,Male,General,10,Low,43.1,23.04,Low,High,No,Illiterate,No,No,Yes,Yes,8,Secondary,No,1,1,1,56,Medium,NO,Academic Disengagement,Counselling Support,Monitor
2023,SCH_056,Morbi,Tribal,Male,General,8,Very Low,62.6,9.77,High,High,Yes,Secondary,Yes,No,No,No,6,Illiterate,Yes,0,1,1,50,Medium,NO,Academic Disengagement,Counselling Support,Monitor
2019,SCH_145,Junagadh,Urban,Female,General,9,Medium,83.8,27.67,High,Medium,Yes,Secondary,Yes,Yes,No,No,3,Secondary,No,1,1,0,30,Low,NO,Travel Constraint,Provide Transport,Low Priority
2023,SCH_004,Vadodara,Urban,Male,OBC,9,Low,64.8,23.21,Medium,Low,No,Illiterate,Yes,No,Yes,No,3,Graduate,Yes,1,1,1,40,Low,NO,Academic Disengagement,Counselling Support,Low Priority
2023,SCH_052,Vadodara,Tribal,Female,General,9,Very Low,43.2,21.14,Medium,Low,Yes,Primary,Yes,Yes,No,Yes,2,Secondary,No,1,1,1,59,Medium,NO,Academic Disengagement,Counselling Support,Monitor
2023,SCH_164,Amreli,Urban,Male,General,3,High,63.2,24.42,Low,Medium,Yes,Primary,Yes,Yes,No,No,6,Secondary,Yes,0,1,1,17,Low,NO,Academic Disengagement,Counselling Support,Low Priority
2020,SCH_124,Dahod,Tribal,Female,OBC,1,Low,94.8,19.62,High,Low,Yes,Graduate,Yes,Yes,No,No,6,Primary,Yes,0,1,0,19,Low,NO,Travel Constraint,Provide Transport,Low Priority
2020,SCH_111,Anand,Rural,Male,SC,2,Medium,70.6,26.93,High,High,Yes,Illiterate,No,No,Yes,No,4,Primary,No,0,1,0,37,Low,NO,Travel Constraint,Provide Transport,Low Priority
2021,SCH_028,Bharuch,Rural,Male,OBC,2,Low,78.3,11.47,High,Medium,Yes,Primary,No,Yes,No,No,6,Secondary,No,0,1,0,13,Low,NO,Travel Constraint,Provide Transport,Low Priority
2025,SCH_072,Patan,Rural,Male,SC,7,Low,56.9,16.73,High,Medium,No,Primary,No,No,No,No,8,Secondary,Yes,0,1,1,24,Low,NO,Academic Disengagement,Counselling Support,Low Priority
2024,SCH_088,Valsad,Rural,Male,OBC,11,Medium,90.4,23.03,High,Medium,Yes,Secondary,Yes,No,No,No,8,Illiterate,No,1,1,0,24,Low,NO,Travel Constraint,Provide Transport,Low Priority
2025,SCH_102,Sabarkantha,Urban,Male,SC,2,Low,58.2,24.02,Medium,Medium,No,Illiterate,No,Yes,No,No,6,Illiterate,Yes,0,1,1,30,Low,NO,Academic Disengagement,Counselling Support,Low Priority
2022,SCH_153,Gandhinagar,Rural,Female,OBC,8,Low,59.8,6.91,High,Medium,Yes,Illiterate,Yes,Yes,Yes,No,4,Secondary,No,0,1,1,32,Low,NO,Academic Disengagement,Counselling Support,Low Priority
2019,SCH_142,Rajkot,Rural,Male,SC,11,Medium,77.2,27.47,High,Medium,No,Primary,No,No,No,No,2,Graduate,Yes,1,1,0,32,Low,NO,Travel Constraint,Provide Transport,Low Priority
2021,SCH_081,Surat,Rural,Female,SC,3,High,98.0,11.18,High,Medium,No,Graduate,Yes,Yes,No,No,2,Primary,Yes,0,1,0,23,Low,NO,Travel Constraint,Provide Transport,Low Priority
2019,SCH_160,Patan,Rural,Female,OBC,6,Medium,81.5,24.58,Medium,Low,No,Secondary,Yes,No,No,No,7,Illiterate,Yes,0,1,0,24,Low,NO,Travel Constraint,Provide Transport,Low Priority
2022,SCH_006,Valsad,Urban,Male,General,3,Very Low,62.6,18.31,High,High,Yes,Illiterate,Yes,No,No,No,7,Primary,No,0,1,1,36,Low,NO,Academic Disengagement,Counselling Support,Low Priority
2023,SCH_146,Amreli,Rural,Female,OBC,6,Medium,67.2,8.2,Medium,High,Yes,Primary,Yes,No,No,No,4,Secondary,Yes,0,1,1,28,Low,NO,Academic Disengagement,Counselling Support,Low Priority
2022,SCH_054,Mehsana,Rural,Female,General,10,Low,71.9,4.6,Medium,Medium,No,Graduate,Yes,No,No,No,7,Primary,No,1,0,0,28,Low,NO,Social Factor,Community Engagement,Low Priority
2020,SCH_054,Rajkot,Tribal,Female,SC,1,Low,95.6,8.73,Low,Medium,Yes,Secondary,No,Yes,Yes,No,6,Primary,No,0,1,0,36,Low,NO,Travel Constraint,Provide Transport,Low Priority
2023,SCH_030,Mehsana,Urban,Female,SC,6,Very Low,62.5,6.72,Medium,High,Yes,Primary,No,Yes,No,No,7,Primary,Yes,0,1,1,19,Low,NO,Academic Disengagement,Counselling Support,Low Priority
2019,SCH_005,Kutch,Rural,Female,OBC,2,High,51.1,16.39,Medium,High,No,Illiterate,Yes,No,No,No,5,Secondary,Yes,0,1,1,30,Low,NO,Academic Disengagement,Counselling Support,Low Priority
2021,SCH_080,Gandhinagar,Rural,Female,OBC,1,Medium,75.4,3.77,High,High,Yes,Primary,Yes,Yes,No,No,5,Illiterate,No,0,0,0,18,Low,NO,Social Factor,Community Engagement,Low Priority
2023,SCH_163,Surat,Rural,Male,ST,12,Low,42.8,25.18,Low,Low,No,Secondary,Yes,Yes,Yes,No,8,Illiterate,No,1,1,1,57,Medium,NO,Academic Disengagement,Counselling Support,Monitor
2024,SCH_123,Patan,Tribal,Male,General,11,High,83.6,16.09,High,Low,No,Graduate,Yes,Yes,Yes,No,7,Secondary,No,1,1,0,44,Medium,NO,Travel Constraint,Provide Transport,Monitor
2022,SCH_107,Gandhinagar,Tribal,Female,General,2,Low,71.9,6.78,Low,Low,Yes,Secondary,No,No,No,No,5,Illiterate,No,0,1,0,40,Low,NO,Travel Constraint,Provide Transport,Low Priority
2021,SCH_099,Navsari,Urban,Male,OBC,4,Low,83.5,13.92,Low,Medium,Yes,Illiterate,Yes,Yes,No,No,4,Primary,No,0,1,0,9,Low,NO,Travel Constraint,Provide Transport,Low Priority
2023,SCH_025,Anand,Urban,Male,OBC,10,Very Low,64.7,5.91,Medium,Medium,No,Graduate,No,Yes,No,No,5,Primary,No,1,1,1,44,Medium,NO,Academic Disengagement,Counselling Support,Monitor
2020,SCH_106,Morbi,Rural,Female,General,8,Low,94.1,23.3,Medium,Medium,Yes,Illiterate,No,No,No,No,2,Secondary,No,0,1,0,26,Low,NO,Travel Constraint,Provide Transport,Low Priority
2024,SCH_096,Kutch,Rural,Female,General,4,Very Low,57.2,8.44,Medium,Medium,Yes,Primary,Yes,No,No,No,2,Primary,Yes,0,1,1,33,Low,NO,Academic Disengagement,Counselling Support,Low Priority
2020,SCH_014,Surat,Rural,Male,General,3,Low,89.0,5.46,High,Low,No,Illiterate,Yes,Yes,No,No,6,Illiterate,No,0,1,0,22,Low,NO,Travel Constraint,Provide Transport,Low Priority
2024,SCH_180,Morbi,Urban,Female,OBC,9,Medium,49.3,13.16,Low,Medium,Yes,Graduate,Yes,No,No,No,3,Primary,Yes,1,1,1,46,Medium,NO,Academic Disengagement,Counselling Support,Monitor
2022,SCH_034,Banaskantha,Rural,Female,ST,6,Medium,40.4,13.97,High,Medium,Yes,Secondary,Yes,Yes,No,No,3,Secondary,Yes,0,1,1,46,Medium,NO,Academic Disengagement,Counselling Support,Monitor
2021,SCH_067,Dahod,Rural,Female,ST,10,Low,86.4,3.64,High,High,No,Primary,Yes,Yes,No,No,6,Illiterate,No,1,0,0,33,Low,NO,Social Factor,Community Engagement,Low Priority
2019,SCH_140,Bharuch,Tribal,Male,OBC,1,Low,87.1,0.48,Medium,High,No,Secondary,Yes,No,No,No,4,Illiterate,No,0,0,0,32,Low,NO,Social Factor,Community Engagement,Low Priority
2025,SCH_135,Bharuch,Tribal,Female,ST,7,Low,91.0,26.24,Medium,Medium,No,Secondary,Yes,No,No,No,4,Illiterate,No,0,1,0,42,Medium,NO,Travel Constraint,Provide Transport,Monitor
2022,SCH_168,Gandhinagar,Tribal,Female,OBC,11,High,68.2,2.05,Low,High,Yes,Graduate,No,Yes,Yes,No,4,Secondary,No,1,0,1,70,Medium,NO,Academic Disengagement,Counselling Support,Monitor
2025,SCH_145,Patan,Tribal,Male,SC,11,Very Low,98.8,22.6,Low,Medium,Yes,Primary,Yes,No,No,Yes,4,Illiterate,Yes,1,1,0,36,Low,NO,Travel Constraint,Provide Transport,Low Priority
2020,SCH_124,Valsad,Urban,Male,OBC,7,Medium,86.2,12.12,Low,Low,Yes,Illiterate,No,No,No,No,4,Illiterate,Yes,0,1,0,24,Low,NO,Travel Constraint,Provide Transport,Low Priority
2022,SCH_086,Rajkot,Urban,Male,OBC,11,Very Low,42.7,2.3,Medium,Medium,Yes,Secondary,Yes,Yes,No,No,4,Primary,No,1,0,1,37,Low,NO,Academic Disengagement,Counselling Support,Low Priority
2020,SCH_038,Vadodara,Urban,Female,SC,11,Low,80.7,20.6,High,Medium,Yes,Illiterate,Yes,No,No,No,5,Graduate,No,1,1,0,20,Low,NO,Travel Constraint,Provide Transport,Low Priority
2023,SCH_122,Gandhinagar,Tribal,Male,OBC,11,Medium,94.0,21.05,Medium,Medium,No,Primary,No,No,Yes,No,2,Primary,No,1,1,0,28,Low,NO,Travel Constraint,Provide Transport,Low Priority
2019,SCH_058,Banaskantha,Tribal,Female,OBC,2,Very Low,70.8,26.33,Medium,Medium,Yes,Primary,No,No,No,No,3,Secondary,Yes,0,1,0,45,Medium,NO,Travel Constraint,Provide Transport,Monitor
2019,SCH_061,Navsari,Rural,Male,OBC,2,Very Low,50.7,22.02,High,Medium,No,Illiterate,No,No,No,No,3,Illiterate,No,0,1,1,37,Low,NO,Academic Disengagement,Counselling Support,Low Priority
2021,SCH_031,Jamnagar,Urban,Male,OBC,5,Low,62.1,9.56,High,Low,No,Illiterate,Yes,No,No,No,5,Secondary,No,0,1,1,30,Low,NO,Academic Disengagement,Counselling Support,Low Priority
2024,SCH_179,Banaskantha,Rural,Female,ST,7,High,76.5,23.06,High,Medium,No,Graduate,Yes,No,No,No,6,Illiterate,Yes,0,1,0,34,Low,NO,Travel Constraint,Provide Transport,Low Priority
2023,SCH_068,Surat,Rural,Female,General,12,Very Low,93.6,21.84,Medium,Medium,Yes,Secondary,Yes,Yes,Yes,No,4,Secondary,No,1,1,0,50,Medium,NO,Travel Constraint,Provide Transport,Monitor
2024,SCH_026,Sabarkantha,Rural,Male,OBC,10,Medium,44.4,15.1,High,Medium,Yes,Secondary,No,No,No,No,7,Primary,Yes,1,1,1,46,Medium,NO,Academic Disengagement,Counselling Support,Monitor
2019,SCH_012,Gandhinagar,Urban,Male,OBC,3,Low,44.2,24.86,Medium,Low,Yes,Illiterate,Yes,No,No,No,4,Secondary,No,0,1,1,38,Low,NO,Academic Disengagement,Counselling Support,Low Priority
2024,SCH_072,Patan,Rural,Male,OBC,12,Low,86.5,1.75,High,Medium,Yes,Graduate,No,No,Yes,No,8,Secondary,No,1,0,0,27,Low,NO,Social Factor,Community Engagement,Low Priority
2022,SCH_109,Surat,Rural,Male,OBC,11,Medium,49.7,23.27,High,High,Yes,Graduate,Yes,Yes,No,No,5,Secondary,No,1,1,1,36,Low,NO,Academic Disengagement,Counselling Support,Low Priority
2025,SCH_178,Ahmedabad,Tribal,Male,SC,7,Low,84.0,16.12,Medium,High,Yes,Primary,Yes,No,No,No,7,Primary,No,0,1,0,18,Low,NO,Travel Constraint,Provide Transport,Low Priority
2020,SCH_092,Banaskantha,Rural,Male,OBC,5,Low,43.3,9.64,Low,Medium,Yes,Secondary,Yes,No,Yes,No,4,Illiterate,No,0,1,1,56,Medium,NO,Academic Disengagement,Counselling Support,Monitor
2025,SCH_072,Kutch,Tribal,Female,OBC,1,Very Low,67.1,2.88,Medium,Medium,No,Secondary,No,No,Yes,No,5,Secondary,No,0,0,1,46,Medium,NO,Academic Disengagement,Counselling Support,Monitor
2024,SCH_172,Rajkot,Rural,Male,ST,6,Medium,59.7,4.95,Medium,Medium,No,Graduate,Yes,Yes,No,Yes,5,Primary,No,0,0,1,30,Low,NO,Academic Disengagement,Counselling Support,Low Priority
2022,SCH_009,Kutch,Rural,Male,ST,3,Low,98.0,4.34,Medium,High,No,Primary,Yes,Yes,No,No,3,Graduate,No,0,0,0,37,Low,NO,Social Factor,Community Engagement,Low Priority
2022,SCH_161,Banaskantha,Urban,Male,SC,10,Medium,40.4,16.12,High,Medium,Yes,Primary,Yes,Yes,No,No,4,Secondary,No,1,1,1,45,Medium,NO,Academic Disengagement,Counselling Support,Monitor
2022,SCH_072,Anand,Rural,Female,SC,9,Medium,45.3,23.67,High,Medium,Yes,Secondary,Yes,No,No,No,7,Primary,No,1,1,1,45,Medium,NO,Academic Disengagement,Counselling Support,Monitor
2023,SCH_144,Kutch,Rural,Female,OBC,10,Very Low,62.1,9.94,Medium,High,No,Illiterate,No,No,No,No,3,Illiterate,Yes,1,1,1,51,Medium,NO,Academic Disengagement,Counselling Support,Monitor
2024,SCH_031,Valsad,Rural,Male,ST,11,Low,60.6,13.67,High,Medium,Yes,Secondary,Yes,Yes,No,No,6,Illiterate,No,1,1,1,32,Low,NO,Academic Disengagement,Counselling Support,Low Priority
2024,SCH_118,Jamnagar,Urban,Male,General,1,Low,57.5,2.41,High,Low,Yes,Primary,No,Yes,No,No,7,Illiterate,No,0,0,1,24,Low,NO,Academic Disengagement,Counselling Support,Low Priority
2023,SCH_069,Amreli,Urban,Female,OBC,7,Low,92.9,15.3,Medium,Low,No,Secondary,Yes,No,No,No,4,Primary,Yes,0,1,0,18,Low,NO,Travel Constraint,Provide Transport,Low Priority
2025,SCH_039,Kutch,Rural,Male,OBC,7,Low,66.2,12.0,Low,Medium,No,Illiterate,Yes,No,No,Yes,8,Secondary,Yes,0,1,1,39,Low,NO,Academic Disengagement,Counselling Support,Low Priority
2020,SCH_162,Banaskantha,Urban,Male,OBC,6,Very Low,53.4,15.13,High,Medium,No,Illiterate,No,No,No,No,2,Secondary,No,0,1,1,33,Low,NO,Academic Disengagement,Counselling Support,Low Priority
2019,SCH_058,Surat,Rural,Male,OBC,4,Medium,99.1,22.43,Medium,Low,Yes,Secondary,Yes,No,No,No,5,Secondary,No,0,1,0,27,Low,NO,Travel Constraint,Provide Transport,Low Priority
2022,SCH_036,Bharuch,Tribal,Female,OBC,11,Medium,53.8,26.86,Medium,Medium,No,Primary,Yes,Yes,No,No,8,Illiterate,Yes,1,1,1,51,Medium,NO,Academic Disengagement,Counselling Support,Monitor
2021,SCH_086,Mehsana,Rural,Male,OBC,6,Medium,42.3,20.21,Low,High,No,Secondary,Yes,No,No,No,5,Secondary,No,0,1,1,50,Medium,NO,Academic Disengagement,Counselling Support,Monitor
2022,SCH_011,Jamnagar,Tribal,Male,OBC,12,High,55.0,13.63,Medium,Medium,Yes,Secondary,Yes,Yes,No,No,5,Illiterate,Yes,1,1,1,49,Medium,NO,Academic Disengagement,Counselling Support,Monitor
2021,SCH_047,Bhavnagar,Rural,Male,ST,12,Very Low,83.7,4.81,High,Low,No,Primary,No,No,Yes,No,6,Graduate,No,1,0,0,61,Medium,NO,Economic Pressure,Provide Scholarship,Monitor
2021,SCH_049,Kutch,Rural,Female,SC,8,Low,69.5,24.52,Medium,Medium,No,Secondary,No,Yes,No,No,8,Primary,Yes,0,1,1,42,Medium,NO,Academic Disengagement,Counselling Support,Monitor
2019,SCH_167,Amreli,Rural,Male,OBC,3,Medium,71.8,11.26,High,Medium,No,Primary,No,Yes,No,No,3,Illiterate,Yes,0,1,0,22,Low,NO,Travel Constraint,Provide Transport,Low Priority
2024,SCH_060,Morbi,Rural,Male,OBC,11,Low,55.5,1.88,Low,Medium,No,Secondary,Yes,Yes,No,No,2,Primary,Yes,1,0,1,46,Medium,NO,Academic Disengagement,Counselling Support,Monitor
2020,SCH_051,Junagadh,Tribal,Female,General,9,Low,87.3,26.61,High,Low,No,Illiterate,No,Yes,No,No,3,Primary,Yes,1,1,0,47,Medium,NO,Travel Constraint,Provide Transport,Monitor
2019,SCH_139,Rajkot,Rural,Female,OBC,5,Low,42.8,8.0,Medium,Low,No,Illiterate,No,Yes,Yes,No,7,Graduate,No,0,1,1,48,Medium,NO,Academic Disengagement,Counselling Support,Monitor
2021,SCH_176,Anand,Rural,Male,SC,10,Low,43.1,11.58,Low,Low,Yes,Illiterate,No,Yes,No,No,7,Illiterate,No,1,1,1,50,Medium,NO,Academic Disengagement,Counselling Support,Monitor
2025,SCH_021,Valsad,Urban,Male,SC,5,Medium,91.0,14.4,Medium,Medium,Yes,Illiterate,Yes,Yes,No,Yes,4,Primary,Yes,0,1,0,15,Low,NO,Travel Constraint,Provide Transport,Low Priority
2025,SCH_094,Sabarkantha,Rural,Female,OBC,7,Very Low,76.4,4.52,Low,Medium,Yes,Illiterate,Yes,Yes,No,Yes,8,Graduate,Yes,0,0,0,24,Low,NO,Economic Pressure,Provide Scholarship,Low Priority
2019,SCH_097,Vadodara,Rural,Male,SC,2,Medium,69.6,12.28,Medium,Medium,No,Primary,Yes,No,No,Yes,5,Primary,Yes,0,1,1,32,Low,NO,Academic Disengagement,Counselling Support,Low Priority
2024,SCH_054,Mehsana,Tribal,Female,OBC,11,Very Low,70.0,26.38,High,High,Yes,Graduate,Yes,Yes,No,No,6,Secondary,Yes,1,1,0,49,Medium,NO,Travel Constraint,Provide Transport,Monitor
2020,SCH_073,Morbi,Urban,Male,General,9,Low,81.6,14.7,Low,Low,No,Illiterate,Yes,Yes,No,No,4,Secondary,No,1,1,0,40,Low,NO,Travel Constraint,Provide Transport,Low Priority
2019,SCH_066,Ahmedabad,Urban,Female,ST,3,Low,59.7,26.34,High,Medium,No,Graduate,No,Yes,No,No,2,Secondary,Yes,0,1,1,18,Low,NO,Academic Disengagement,Counselling Support,Low Priority
2025,SCH_053,Jamnagar,Rural,Male,OBC,1,Low,44.1,24.81,Low,Low,No,Primary,No,No,No,Yes,4,Primary,Yes,0,1,1,44,Medium,NO,Academic Disengagement,Counselling Support,Monitor
2019,SCH_049,Rajkot,Rural,Male,OBC,1,Very Low,53.2,6.23,High,High,No,Graduate,Yes,Yes,No,Yes,3,Illiterate,Yes,0,1,1,30,Low,NO,Academic Disengagement,Counselling Support,Low Priority
2023,SCH_179,Surat,Urban,Male,SC,12,High,42.3,1.69,Low,Low,No,Primary,Yes,Yes,Yes,No,5,Secondary,Yes,1,0,1,68,Medium,NO,Academic Disengagement,Counselling Support,Monitor
2022,SCH_069,Patan,Tribal,Female,OBC,10,Very Low,94.7,12.7,High,Medium,No,Graduate,No,No,No,No,4,Primary,No,1,1,0,48,Medium,NO,Travel Constraint,Provide Transport,Monitor
2019,SCH_100,Junagadh,Rural,Female,General,2,Low,85.2,0.49,High,Low,Yes,Illiterate,Yes,No,Yes,No,7,Secondary,No,0,0,0,27,Low,NO,Social Factor,Community Engagement,Low Priority
2020,SCH_020,Bharuch,Tribal,Male,General,9,Low,82.7,19.47,Medium,Medium,No,Primary,No,No,Yes,No,4,Primary,No,1,1,0,40,Low,NO,Travel Constraint,Provide Transport,Low Priority
2025,SCH_063,Valsad,Tribal,Male,OBC,1,Medium,43.4,8.53,High,Low,Yes,Graduate,No,Yes,No,No,4,Primary,Yes,0,1,1,45,Medium,NO,Academic Disengagement,Counselling Support,Monitor
2025,SCH_047,Sabarkantha,Rural,Male,General,10,Low,42.4,18.51,Low,Low,Yes,Graduate,Yes,No,No,No,2,Primary,No,1,1,1,38,Low,NO,Academic Disengagement,Counselling Support,Low Priority
2023,SCH_015,Anand,Urban,Female,General,6,Medium,78.2,10.78,Medium,Low,Yes,Secondary,Yes,Yes,No,No,7,Primary,Yes,0,1,0,17,Low,NO,Travel Constraint,Provide Transport,Low Priority
2020,SCH_155,Junagadh,Urban,Male,ST,2,Medium,58.7,12.08,High,Medium,No,Illiterate,Yes,Yes,No,No,4,Illiterate,Yes,0,1,1,24,Low,NO,Academic Disengagement,Counselling Support,Low Priority
2024,SCH_016,Ahmedabad,Rural,Male,OBC,1,Very Low,59.7,20.09,Medium,Medium,Yes,Illiterate,Yes,Yes,No,No,6,Secondary,No,0,1,1,41,Medium,NO,Academic Disengagement,Counselling Support,Monitor
2023,SCH_089,Vadodara,Urban,Female,ST,1,Low,48.3,12.26,Medium,Medium,No,Primary,No,Yes,No,No,7,Primary,Yes,0,1,1,27,Low,NO,Academic Disengagement,Counselling Support,Low Priority
2022,SCH_097,Patan,Rural,Female,SC,5,High,85.9,9.58,Medium,High,No,Graduate,Yes,Yes,No,No,3,Primary,No,0,1,0,27,Low,NO,Travel Constraint,Provide Transport,Low Priority
2019,SCH_132,Banaskantha,Tribal,Female,OBC,1,Very Low,83.2,3.34,High,Medium,No,Illiterate,Yes,No,No,No,6,Primary,No,0,0,0,26,Low,NO,Economic Pressure,Provide Scholarship,Low Priority
2024,SCH_029,Patan,Urban,Male,OBC,12,Medium,59.9,14.69,Medium,Medium,Yes,Illiterate,Yes,Yes,No,No,8,Secondary,No,1,1,1,28,Low,NO,Academic Disengagement,Counselling Support,Low Priority
2025,SCH_069,Bhavnagar,Urban,Female,SC,3,Low,92.7,4.1,Low,Low,No,Graduate,Yes,No,No,No,7,Illiterate,No,0,0,0,26,Low,NO,Social Factor,Community Engagement,Low Priority
2025,SCH_158,Bharuch,Urban,Male,OBC,6,Low,62.0,4.0,High,Medium,No,Graduate,Yes,Yes,No,No,5,Primary,Yes,0,0,1,24,Low,NO,Academic Disengagement,Counselling Support,Low Priority
2025,SCH_094,Amreli,Tribal,Female,SC,9,Medium,66.1,21.7,Medium,Medium,Yes,Secondary,No,No,No,No,5,Illiterate,Yes,1,1,1,48,Medium,NO,Academic Disengagement,Counselling Support,Monitor
2021,SCH_025,Rajkot,Rural,Male,OBC,9,Low,49.9,2.93,Medium,Medium,No,Graduate,No,Yes,Yes,Yes,2,Primary,No,1,0,1,42,Medium,NO,Academic Disengagement,Counselling Support,Monitor
2019,SCH_164,Sabarkantha,Rural,Male,ST,2,Low,56.0,6.64,Medium,Medium,Yes,Graduate,Yes,No,No,No,3,Illiterate,No,0,1,1,33,Low,NO,Academic Disengagement,Counselling Support,Low Priority
2021,SCH_010,Banaskantha,Tribal,Female,General,3,Low,87.0,11.9,High,Low,No,Primary,Yes,Yes,No,No,8,Secondary,No,0,1,0,28,Low,NO,Travel Constraint,Provide Transport,Low Priority
2025,SCH_177,Rajkot,Urban,Male,OBC,1,High,83.8,23.47,High,Medium,Yes,Graduate,Yes,No,Yes,No,4,Secondary,No,0,1,0,16,Low,NO,Travel Constraint,Provide Transport,Low Priority
2025,SCH_131,Navsari,Urban,Female,General,2,Very Low,63.0,9.56,Medium,High,No,Primary,Yes,No,No,No,2,Primary,No,0,1,1,33,Low,NO,Academic Disengagement,Counselling Support,Low Priority
2023,SCH_044,Gandhinagar,Rural,Female,General,6,High,99.9,3.67,Medium,High,Yes,Secondary,No,No,Yes,No,2,Secondary,No,0,0,0,25,Low,NO,Social Factor,Community Engagement,Low Priority
2022,SCH_124,Anand,Urban,Male,ST,9,Low,68.5,23.15,Medium,High,No,Secondary,No,No,No,No,8,Illiterate,No,1,1,1,39,Low,NO,Academic Disengagement,Counselling Support,Low Priority
2024,SCH_080,Vadodara,Rural,Female,OBC,7,High,45.2,4.04,Low,Medium,No,Primary,Yes,Yes,No,No,6,Primary,Yes,0,0,1,36,Low,NO,Academic Disengagement,Counselling Support,Low Priority
2021,SCH_115,Valsad,Rural,Male,SC,10,Low,69.5,20.14,Medium,Medium,No,Illiterate,Yes,Yes,No,No,6,Primary,No,1,1,1,32,Low,NO,Academic Disengagement,Counselling Support,Low Priority
2025,SCH_093,Surat,Urban,Male,OBC,8,Low,66.7,18.4,High,High,Yes,Primary,Yes,No,No,No,6,Illiterate,Yes,0,1,1,30,Low,NO,Academic Disengagement,Counselling Support,Low Priority
2023,SCH_025,Patan,Urban,Male,OBC,10,Medium,83.3,18.16,Medium,Low,No,Graduate,Yes,Yes,No,No,8,Graduate,No,1,1,0,28,Low,NO,Travel Constraint,Provide Transport,Low Priority
2025,SCH_004,Sabarkantha,Tribal,Male,ST,1,Low,47.7,6.25,High,Medium,Yes,Primary,Yes,No,No,No,3,Primary,No,0,1,1,38,Low,NO,Academic Disengagement,Counselling Support,Low Priority
2021,SCH_100,Anand,Tribal,Female,SC,11,Low,79.9,9.62,Medium,Medium,No,Primary,Yes,Yes,No,No,7,Illiterate,No,1,1,0,35,Low,NO,Travel Constraint,Provide Transport,Low Priority
2025,SCH_107,Jamnagar,Rural,Female,General,2,Low,81.0,15.18,Medium,Medium,No,Graduate,No,No,Yes,No,6,Secondary,No,0,1,0,32,Low,NO,Travel Constraint,Provide Transport,Low Priority
2024,SCH_083,Vadodara,Urban,Female,SC,10,High,87.3,8.35,Low,High,Yes,Graduate,No,Yes,No,No,7,Illiterate,No,1,1,0,32,Low,NO,Travel Constraint,Provide Transport,Low Priority
2020,SCH_079,Bharuch,Urban,Male,OBC,12,Very Low,75.5,15.88,Low,Medium,Yes,Illiterate,No,Yes,Yes,No,3,Primary,No,1,1,0,42,Medium,NO,Travel Constraint,Provide Transport,Monitor
2020,SCH_096,Patan,Urban,Male,General,3,Low,42.2,3.46,Medium,Medium,Yes,Secondary,Yes,No,No,No,4,Illiterate,No,0,0,1,17,Low,NO,Academic Disengagement,Counselling Support,Low Priority
2024,SCH_045,Kutch,Urban,Female,SC,1,Very Low,67.2,2.95,Medium,Low,No,Secondary,Yes,Yes,Yes,No,6,Illiterate,Yes,0,0,1,56,Medium,NO,Academic Disengagement,Counselling Support,Monitor
2023,SCH_104,Rajkot,Rural,Male,SC,8,Very Low,69.6,27.16,Low,Low,Yes,Graduate,No,Yes,No,No,4,Graduate,No,0,1,1,49,Medium,NO,Academic Disengagement,Counselling Support,Monitor
2025,SCH_130,Jamnagar,Tribal,Male,SC,9,Low,63.8,4.3,Low,Medium,Yes,Secondary,No,Yes,No,No,3,Secondary,No,1,0,1,52,Medium,NO,Academic Disengagement,Counselling Support,Monitor
2021,SCH_014,Amreli,Rural,Female,OBC,3,Low,76.0,12.66,High,Medium,Yes,Illiterate,Yes,Yes,Yes,No,2,Primary,Yes,0,1,0,12,Low,NO,Travel Constraint,Provide Transport,Low Priority
2019,SCH_016,Morbi,Urban,Male,ST,1,Very Low,52.6,20.39,Medium,High,Yes,Graduate,No,Yes,Yes,No,4,Illiterate,No,0,1,1,32,Low,NO,Academic Disengagement,Counselling Support,Low Priority
2022,SCH_061,Bhavnagar,Rural,Female,OBC,12,Low,61.8,18.08,Medium,Low,Yes,Graduate,Yes,Yes,No,No,4,Secondary,No,1,1,1,59,Medium,NO,Academic Disengagement,Counselling Support,Monitor
2019,SCH_105,Morbi,Rural,Female,SC,9,Low,54.6,19.73,Medium,High,No,Primary,Yes,No,Yes,No,8,Illiterate,No,1,1,1,48,Medium,NO,Academic Disengagement,Counselling Support,Monitor
2023,SCH_133,Ahmedabad,Tribal,Male,OBC,8,Low,43.2,21.68,Low,Medium,No,Illiterate,Yes,Yes,No,No,6,Secondary,No,0,1,1,43,Medium,NO,Academic Disengagement,Counselling Support,Monitor
2025,SCH_061,Navsari,Urban,Male,General,4,Very Low,90.7,17.65,Low,Medium,Yes,Secondary,Yes,No,No,Yes,4,Illiterate,Yes,0,1,0,24,Low,NO,Travel Constraint,Provide Transport,Low Priority
2020,SCH_068,Valsad,Rural,Male,SC,2,Low,60.9,8.14,Medium,Low,Yes,Primary,Yes,No,No,No,3,Primary,No,0,1,1,31,Low,NO,Academic Disengagement,Counselling Support,Low Priority
2024,SCH_173,Mehsana,Rural,Male,ST,8,Low,43.6,12.7,High,Medium,Yes,Primary,Yes,No,Yes,No,2,Primary,No,0,1,1,33,Low,NO,Academic Disengagement,Counselling Support,Low Priority
2025,SCH_053,Patan,Rural,Female,OBC,5,Low,48.6,6.55,Low,Low,Yes,Primary,No,No,No,No,6,Secondary,Yes,0,1,1,36,Low,NO,Academic Disengagement,Counselling Support,Low Priority
2020,SCH_021,Bharuch,Rural,Male,OBC,11,Low,56.4,11.95,Low,Low,Yes,Secondary,No,Yes,No,No,6,Primary,Yes,1,1,1,51,Medium,NO,Academic Disengagement,Counselling Support,Monitor
2024,SCH_036,Dahod,Urban,Female,SC,10,Medium,87.1,9.7,High,Medium,Yes,Secondary,No,Yes,No,Yes,4,Secondary,Yes,1,1,0,26,Low,NO,Travel Constraint,Provide Transport,Low Priority
2019,SCH_115,Navsari,Urban,Female,OBC,7,High,52.6,19.43,Low,Medium,Yes,Illiterate,No,Yes,No,No,5,Secondary,No,0,1,1,36,Low,NO,Academic Disengagement,Counselling Support,Low Priority
2024,SCH_069,Valsad,Urban,Male,ST,9,Medium,61.1,3.78,Low,Medium,Yes,Secondary,Yes,No,No,No,5,Primary,No,1,0,1,46,Medium,NO,Academic Disengagement,Counselling Support,Monitor
2020,SCH_180,Amreli,Urban,Male,ST,8,High,43.8,19.83,High,Medium,Yes,Illiterate,Yes,No,No,No,3,Secondary,Yes,0,1,1,35,Low,NO,Academic Disengagement,Counselling Support,Low Priority
2019,SCH_007,Navsari,Tribal,Female,SC,12,Low,71.4,9.16,Medium,Low,Yes,Primary,Yes,No,No,No,4,Primary,No,1,1,0,51,Medium,NO,Travel Constraint,Provide Transport,Monitor
2022,SCH_017,Dahod,Urban,Female,ST,11,Low,60.8,17.52,Medium,Low,No,Primary,No,No,No,No,8,Primary,Yes,1,1,1,45,Medium,NO,Academic Disengagement,Counselling Support,Monitor
2020,SCH_096,Anand,Urban,Female,SC,12,Medium,55.1,9.16,Medium,High,Yes,Primary,Yes,Yes,No,No,2,Secondary,No,1,1,1,43,Medium,NO,Academic Disengagement,Counselling Support,Monitor
2025,SCH_102,Rajkot,Urban,Male,SC,8,Very Low,98.7,25.97,High,Medium,No,Primary,Yes,No,Yes,No,2,Illiterate,No,0,1,0,41,Medium,NO,Travel Constraint,Provide Transport,Monitor
2021,SCH_144,Patan,Urban,Male,General,4,Low,87.4,15.72,Medium,Low,Yes,Secondary,No,Yes,No,Yes,8,Primary,No,0,1,0,11,Low,NO,Travel Constraint,Provide Transport,Low Priority
2023,SCH_002,Mehsana,Rural,Female,OBC,3,Low,52.5,9.84,High,Medium,No,Secondary,Yes,No,No,No,3,Primary,No,0,1,1,26,Low,NO,Academic Disengagement,Counselling Support,Low Priority
2024,SCH_026,Bhavnagar,Rural,Female,OBC,4,Very Low,47.9,23.08,Medium,Low,Yes,Primary,Yes,No,No,No,5,Illiterate,No,0,1,1,54,Medium,NO,Academic Disengagement,Counselling Support,Monitor
2024,SCH_007,Surat,Rural,Female,SC,2,High,91.4,0.83,Low,Low,No,Primary,Yes,No,No,No,5,Secondary,No,0,0,0,20,Low,NO,Social Factor,Community Engagement,Low Priority
2019,SCH_054,Dahod,Tribal,Male,ST,11,Medium,67.3,1.43,Medium,Medium,Yes,Secondary,No,Yes,No,No,8,Illiterate,No,1,0,1,36,Low,NO,Academic Disengagement,Counselling Support,Low Priority
2019,SCH_006,Jamnagar,Rural,Female,OBC,11,Very Low,61.8,20.2,Medium,High,Yes,Illiterate,No,No,Yes,No,6,Graduate,No,1,1,1,72,High,YES,Academic Disengagement,Counselling Support,Immediate
2025,SCH_039,Mehsana,Urban,Male,General,2,Very Low,79.4,3.72,Low,High,No,Primary,Yes,Yes,Yes,No,2,Graduate,Yes,0,0,0,34,Low,NO,Economic Pressure,Provide Scholarship,Low Priority
2023,SCH_121,Rajkot,Tribal,Male,ST,11,Medium,66.9,23.61,High,Medium,Yes,Secondary,Yes,Yes,No,No,2,Illiterate,No,1,1,1,51,Medium,NO,Academic Disengagement,Counselling Support,Monitor
2024,SCH_020,Kutch,Urban,Male,General,2,Low,66.1,15.31,Low,Medium,Yes,Graduate,Yes,No,No,No,7,Primary,No,0,1,1,40,Low,NO,Academic Disengagement,Counselling Support,Low Priority
2019,SCH_166,Gandhinagar,Urban,Male,OBC,8,Low,55.4,0.6,Medium,Medium,Yes,Illiterate,No,Yes,No,Yes,2,Illiterate,Yes,0,0,1,23,Low,NO,Academic Disengagement,Counselling Support,Low Priority
2019,SCH_022,Bhavnagar,Tribal,Male,General,2,Low,69.8,23.91,Medium,High,Yes,Primary,No,Yes,No,No,5,Primary,Yes,0,1,1,44,Medium,NO,Academic Disengagement,Counselling Support,Monitor
2023,SCH_163,Banaskantha,Rural,Male,OBC,5,High,79.0,9.45,High,Medium,Yes,Illiterate,Yes,Yes,No,No,2,Primary,No,0,1,0,17,Low,NO,Travel Constraint,Provide Transport,Low Priority
2022,SCH_039,Kutch,Urban,Female,OBC,12,Low,47.7,2.86,Low,Low,Yes,Illiterate,Yes,Yes,No,No,8,Graduate,Yes,1,0,1,49,Medium,NO,Academic Disengagement,Counselling Support,Monitor
2020,SCH_089,Bharuch,Rural,Female,ST,8,High,50.1,1.48,Medium,High,No,Secondary,Yes,No,No,No,3,Primary,Yes,0,0,1,37,Low,NO,Academic Disengagement,Counselling Support,Low Priority
2025,SCH_176,Kutch,Rural,Female,OBC,12,Very Low,89.9,25.83,High,Medium,No,Graduate,Yes,Yes,Yes,No,7,Secondary,No,1,1,0,55,Medium,NO,Travel Constraint,Provide Transport,Monitor
2025,SCH_091,Gandhinagar,Urban,Male,SC,8,Very Low,44.8,22.35,High,Medium,No,Illiterate,Yes,Yes,No,No,7,Secondary,Yes,0,1,1,34,Low,NO,Academic Disengagement,Counselling Support,Low Priority
2024,SCH_153,Amreli,Urban,Male,ST,7,Medium,41.9,5.63,Medium,Medium,Yes,Illiterate,Yes,Yes,No,No,8,Secondary,No,0,1,1,19,Low,NO,Academic Disengagement,Counselling Support,Low Priority
2024,SCH_108,Bhavnagar,Tribal,Female,SC,8,Low,57.1,14.27,Medium,Medium,Yes,Graduate,Yes,Yes,Yes,No,3,Secondary,No,0,1,1,33,Low,NO,Academic Disengagement,Counselling Support,Low Priority
2021,SCH_137,Junagadh,Tribal,Female,General,5,Very Low,78.5,14.28,Medium,Low,Yes,Primary,No,No,No,Yes,3,Graduate,Yes,0,1,0,37,Low,NO,Travel Constraint,Provide Transport,Low Priority
2025,SCH_177,Junagadh,Urban,Female,SC,6,Low,43.4,24.56,Medium,Medium,No,Illiterate,No,Yes,No,Yes,2,Primary,No,0,1,1,38,Low,NO,Academic Disengagement,Counselling Support,Low Priority
2023,SCH_117,Rajkot,Urban,Male,SC,2,Low,54.3,24.5,Low,High,Yes,Primary,No,Yes,Yes,No,4,Illiterate,Yes,0,1,1,25,Low,NO,Academic Disengagement,Counselling Support,Low Priority
2025,SCH_074,Patan,Tribal,Female,ST,5,Low,44.4,25.17,High,High,Yes,Secondary,Yes,Yes,No,No,5,Secondary,No,0,1,1,38,Low,NO,Academic Disengagement,Counselling Support,Low Priority
2019,SCH_147,Anand,Urban,Male,ST,1,Low,64.6,2.48,Medium,Medium,No,Illiterate,Yes,No,No,No,6,Illiterate,Yes,0,0,1,32,Low,NO,Academic Disengagement,Counselling Support,Low Priority
2023,SCH_017,Bharuch,Rural,Male,SC,1,Low,60.6,23.35,Medium,Medium,Yes,Illiterate,Yes,No,No,No,5,Secondary,No,0,1,1,30,Low,NO,Academic Disengagement,Counselling Support,Low Priority
2022,SCH_024,Gandhinagar,Rural,Female,ST,10,Low,46.6,8.22,Medium,High,Yes,Graduate,No,Yes,No,No,8,Illiterate,Yes,1,1,1,52,Medium,NO,Academic Disengagement,Counselling Support,Monitor
2019,SCH_094,Anand,Rural,Male,SC,11,High,42.5,14.35,Low,Medium,Yes,Secondary,Yes,Yes,No,No,8,Illiterate,No,1,1,1,39,Low,NO,Academic Disengagement,Counselling Support,Low Priority
2022,SCH_102,Amreli,Rural,Female,General,3,Medium,97.5,0.99,Low,Low,No,Secondary,No,Yes,No,No,8,Secondary,No,0,0,0,35,Low,NO,Social Factor,Community Engagement,Low Priority
2025,SCH_074,Amreli,Urban,Female,SC,2,Low,63.2,8.02,Low,Medium,Yes,Primary,No,Yes,No,No,3,Graduate,Yes,0,1,1,28,Low,NO,Academic Disengagement,Counselling Support,Low Priority
2023,SCH_040,Bharuch,Urban,Male,OBC,10,Very Low,83.8,17.62,Medium,Low,No,Primary,Yes,No,No,No,2,Primary,Yes,1,1,0,34,Low,NO,Travel Constraint,Provide Transport,Low Priority
2023,SCH_010,Surat,Rural,Male,OBC,12,Low,65.1,25.35,Medium,Low,Yes,Graduate,Yes,Yes,No,No,6,Primary,Yes,1,1,1,39,Low,NO,Academic Disengagement,Counselling Support,Low Priority
2022,SCH_068,Jamnagar,Rural,Female,General,4,Medium,46.5,22.52,Low,Medium,Yes,Primary,No,Yes,No,No,5,Primary,No,0,1,1,45,Medium,NO,Academic Disengagement,Counselling Support,Monitor
2024,SCH_120,Navsari,Urban,Male,ST,11,Very Low,40.7,18.8,Low,Low,No,Primary,Yes,No,No,No,4,Illiterate,No,1,1,1,56,Medium,NO,Academic Disengagement,Counselling Support,Monitor
2022,SCH_016,Morbi,Urban,Female,OBC,8,Low,41.8,5.86,High,Low,No,Primary,No,No,No,No,8,Secondary,Yes,0,1,1,34,Low,NO,Academic Disengagement,Counselling Support,Low Priority
2023,SCH_172,Ahmedabad,Urban,Male,SC,3,Low,91.0,14.35,Medium,Medium,No,Illiterate,No,Yes,No,No,8,Primary,Yes,0,1,0,13,Low,NO,Travel Constraint,Provide Transport,Low Priority
2025,SCH_140,Bharuch,Rural,Male,SC,6,Low,40.2,21.4,Medium,High,No,Primary,Yes,No,No,No,8,Primary,Yes,0,1,1,37,Low,NO,Academic Disengagement,Counselling Support,Low Priority
2022,SCH_106,Mehsana,Rural,Female,General,9,Very Low,98.4,5.05,Low,High,No,Illiterate,Yes,Yes,Yes,No,4,Primary,Yes,1,1,0,48,Medium,NO,Travel Constraint,Provide Transport,Monitor
2022,SCH_089,Rajkot,Rural,Female,ST,6,Medium,79.0,19.17,Medium,High,Yes,Secondary,Yes,Yes,Yes,No,6,Illiterate,No,0,1,0,38,Low,NO,Travel Constraint,Provide Transport,Low Priority
2024,SCH_084,Amreli,Rural,Female,OBC,12,High,61.0,2.0,Low,Low,No,Primary,No,Yes,No,Yes,2,Illiterate,No,1,0,1,40,Low,NO,Academic Disengagement,Counselling Support,Low Priority
2022,SCH_050,Surat,Rural,Male,ST,12,Medium,90.3,16.03,Medium,Medium,Yes,Illiterate,Yes,No,No,No,5,Secondary,No,1,1,0,32,Low,NO,Travel Constraint,Provide Transport,Low Priority
2022,SCH_134,Ahmedabad,Rural,Male,General,9,Medium,78.7,15.0,Medium,High,Yes,Primary,Yes,Yes,No,No,4,Illiterate,No,1,1,0,23,Low,NO,Travel Constraint,Provide Transport,Low Priority
2019,SCH_159,Junagadh,Rural,Female,ST,9,Very Low,61.0,7.18,High,Medium,Yes,Primary,Yes,Yes,No,No,4,Graduate,No,1,1,1,47,Medium,NO,Academic Disengagement,Counselling Support,Monitor
2022,SCH_164,Rajkot,Tribal,Male,General,2,Low,81.6,21.79,Medium,Medium,Yes,Illiterate,Yes,No,No,No,8,Graduate,Yes,0,1,0,18,Low,NO,Travel Constraint,Provide Transport,Low Priority
2019,SCH_111,Vadodara,Urban,Female,OBC,7,Low,89.7,17.84,Low,Low,Yes,Graduate,Yes,No,No,No,8,Primary,Yes,0,1,0,22,Low,NO,Travel Constraint,Provide Transport,Low Priority
2020,SCH_102,Morbi,Rural,Female,OBC,2,Low,46.0,18.88,Medium,High,Yes,Secondary,Yes,No,No,No,6,Secondary,No,0,1,1,28,Low,NO,Academic Disengagement,Counselling Support,Low Priority
2025,SCH_034,Anand,Urban,Male,OBC,11,Medium,47.7,9.45,High,High,No,Illiterate,Yes,No,No,No,2,Secondary,Yes,1,1,1,23,Low,NO,Academic Disengagement,Counselling Support,Low Priority
2024,SCH_075,Vadodara,Urban,Female,SC,9,Medium,61.4,24.65,Low,Medium,No,Illiterate,Yes,Yes,No,No,5,Illiterate,Yes,1,1,1,41,Medium,NO,Academic Disengagement,Counselling Support,Monitor
2022,SCH_071,Morbi,Rural,Female,OBC,7,Low,75.2,13.35,Low,High,No,Illiterate,Yes,No,Yes,No,3,Secondary,Yes,0,1,0,28,Low,NO,Travel Constraint,Provide Transport,Low Priority
2023,SCH_015,Anand,Urban,Female,ST,9,Very Low,57.2,19.96,Medium,Medium,No,Illiterate,No,Yes,No,No,3,Primary,No,1,1,1,47,Medium,NO,Academic Disengagement,Counselling Support,Monitor
2022,SCH_020,Surat,Urban,Female,SC,4,Low,54.4,19.45,Low,Medium,No,Graduate,Yes,No,No,No,5,Secondary,No,0,1,1,39,Low,NO,Academic Disengagement,Counselling Support,Low Priority
2020,SCH_099,Mehsana,Rural,Female,General,8,Very Low,42.6,9.48,High,Medium,No,Primary,No,No,No,No,5,Secondary,No,0,1,1,36,Low,NO,Academic Disengagement,Counselling Support,Low Priority
2021,SCH_083,Jamnagar,Rural,Female,OBC,8,Medium,49.3,27.08,Medium,Low,Yes,Graduate,Yes,Yes,No,No,5,Primary,Yes,0,1,1,38,Low,NO,Academic Disengagement,Counselling Support,Low Priority
2023,SCH_114,Jamnagar,Tribal,Female,General,10,Very Low,67.6,11.45,High,Medium,No,Secondary,No,Yes,Yes,No,4,Secondary,No,1,1,1,71,High,YES,Academic Disengagement,Counselling Support,Immediate
2024,SCH_151,Morbi,Rural,Male,ST,7,Medium,99.9,12.04,Medium,High,Yes,Graduate,No,Yes,Yes,No,2,Secondary,No,0,1,0,31,Low,NO,Travel Constraint,Provide Transport,Low Priority
2024,SCH_082,Junagadh,Rural,Male,OBC,10,High,58.2,25.83,Low,Low,Yes,Illiterate,No,Yes,No,No,4,Primary,Yes,1,1,1,52,Medium,NO,Academic Disengagement,Counselling Support,Monitor
2021,SCH_168,Amreli,Rural,Male,OBC,9,Low,53.9,24.78,High,High,Yes,Primary,Yes,Yes,No,No,2,Secondary,Yes,1,1,1,40,Low,NO,Academic Disengagement,Counselling Support,Low Priority
2023,SCH_177,Morbi,Rural,Male,SC,12,High,42.8,3.03,Medium,Low,No,Graduate,Yes,Yes,No,No,2,Primary,No,1,0,1,45,Medium,NO,Academic Disengagement,Counselling Support,Monitor
2022,SCH_142,Banaskantha,Rural,Male,OBC,7,Very Low,91.1,2.44,High,Low,No,Illiterate,Yes,Yes,No,No,6,Secondary,Yes,0,0,0,32,Low,NO,Economic Pressure,Provide Scholarship,Low Priority
2025,SCH_112,Jamnagar,Rural,Female,SC,4,Medium,57.5,22.36,Low,Medium,Yes,Secondary,No,No,No,No,3,Secondary,No,0,1,1,56,Medium,NO,Academic Disengagement,Counselling Support,Monitor
2022,SCH_167,Mehsana,Rural,Male,OBC,2,Low,72.2,3.99,High,Low,No,Illiterate,Yes,No,Yes,No,7,Illiterate,No,0,0,0,28,Low,NO,Social Factor,Community Engagement,Low Priority
2023,SCH_038,Ahmedabad,Tribal,Female,OBC,5,Medium,80.8,13.48,Medium,Medium,No,Illiterate,Yes,Yes,Yes,No,7,Illiterate,Yes,0,1,0,41,Medium,NO,Travel Constraint,Provide Transport,Monitor
2020,SCH_140,Kutch,Urban,Female,General,5,Very Low,81.7,17.9,High,Low,Yes,Secondary,No,No,No,No,8,Illiterate,No,0,1,0,42,Medium,NO,Travel Constraint,Provide Transport,Monitor
2025,SCH_054,Morbi,Urban,Female,OBC,11,Medium,76.4,20.3,Low,Medium,No,Secondary,Yes,Yes,No,No,8,Secondary,No,1,1,0,37,Low,NO,Travel Constraint,Provide Transport,Low Priority
2023,SCH_047,Bharuch,Rural,Female,OBC,4,High,72.7,12.53,Low,Medium,Yes,Secondary,Yes,Yes,No,No,2,Primary,Yes,0,1,0,22,Low,NO,Travel Constraint,Provide Transport,Low Priority
2021,SCH_142,Bharuch,Rural,Female,General,11,Very Low,75.3,11.59,Medium,Medium,No,Illiterate,Yes,Yes,No,No,6,Illiterate,No,1,1,0,48,Medium,NO,Travel Constraint,Provide Transport,Monitor
2021,SCH_068,Jamnagar,Urban,Male,SC,3,Very Low,78.0,2.23,Medium,Low,No,Secondary,Yes,Yes,No,No,6,Illiterate,No,0,0,0,25,Low,NO,Economic Pressure,Provide Scholarship,Low Priority
2023,SCH_013,Patan,Rural,Female,OBC,7,Low,58.9,19.23,Medium,Medium,Yes,Primary,Yes,Yes,No,No,8,Illiterate,No,0,1,1,30,Low,NO,Academic Disengagement,Counselling Support,Low Priority
2020,SCH_151,Vadodara,Rural,Male,OBC,3,Low,80.5,2.34,Medium,High,Yes,Secondary,Yes,No,No,No,3,Secondary,Yes,0,0,0,8,Low,NO,Social Factor,Community Engagement,Low Priority
2021,SCH_142,Ahmedabad,Urban,Male,OBC,6,Very Low,56.9,14.89,High,Medium,Yes,Graduate,Yes,No,No,No,3,Graduate,Yes,0,1,1,28,Low,NO,Academic Disengagement,Counselling Support,Low Priority
2022,SCH_061,Ahmedabad,Tribal,Male,OBC,2,Very Low,83.2,15.45,High,Low,Yes,Illiterate,No,No,No,No,7,Illiterate,Yes,0,1,0,19,Low,NO,Travel Constraint,Provide Transport,Low Priority
2024,SCH_116,Vadodara,Rural,Female,SC,3,Medium,94.1,22.54,Low,Medium,No,Illiterate,No,Yes,No,No,4,Primary,Yes,0,1,0,39,Low,NO,Travel Constraint,Provide Transport,Low Priority
2022,SCH_177,Mehsana,Urban,Male,General,6,Very Low,80.9,9.5,Medium,Low,Yes,Secondary,No,Yes,No,No,2,Primary,No,0,1,0,27,Low,NO,Travel Constraint,Provide Transport,Low Priority
2024,SCH_133,Amreli,Rural,Female,SC,8,Low,91.3,3.61,Medium,High,No,Primary,Yes,Yes,Yes,No,8,Illiterate,No,0,0,0,24,Low,NO,Social Factor,Community Engagement,Low Priority
2025,SCH_032,Vadodara,Urban,Female,General,12,Medium,80.0,10.83,Low,Medium,Yes,Secondary,Yes,No,No,No,3,Illiterate,No,1,1,0,36,Low,NO,Travel Constraint,Provide Transport,Low Priority
2020,SCH_158,Anand,Urban,Female,General,10,Very Low,59.2,14.02,High,High,Yes,Primary,No,Yes,No,No,3,Graduate,Yes,1,1,1,41,Medium,NO,Academic Disengagement,Counselling Support,Monitor
2019,SCH_122,Vadodara,Tribal,Female,General,5,Low,58.9,17.02,Low,Low,Yes,Graduate,Yes,Yes,No,No,2,Secondary,Yes,0,1,1,54,Medium,NO,Academic Disengagement,Counselling Support,Monitor
2021,SCH_118,Dahod,Rural,Male,General,8,Medium,97.2,21.16,Medium,Medium,Yes,Primary,Yes,No,No,No,7,Illiterate,No,0,1,0,21,Low,NO,Travel Constraint,Provide Transport,Low Priority
2025,SCH_081,Gandhinagar,Rural,Female,General,3,Very Low,83.7,1.87,Low,Medium,Yes,Illiterate,No,Yes,No,No,4,Secondary,Yes,0,0,0,22,Low,NO,Economic Pressure,Provide Scholarship,Low Priority
2025,SCH_154,Vadodara,Tribal,Male,ST,10,Medium,68.1,14.75,High,Low,No,Primary,No,No,Yes,No,5,Illiterate,Yes,1,1,1,53,Medium,NO,Academic Disengagement,Counselling Support,Monitor
2024,SCH_041,Mehsana,Tribal,Male,OBC,11,Low,73.7,13.85,Medium,Medium,Yes,Primary,No,Yes,No,No,8,Primary,No,1,1,0,30,Low,NO,Travel Constraint,Provide Transport,Low Priority
2023,SCH_078,Navsari,Rural,Female,General,8,High,92.2,26.55,Low,Low,Yes,Secondary,Yes,Yes,Yes,No,4,Illiterate,Yes,0,1,0,35,Low,NO,Travel Constraint,Provide Transport,Low Priority
2019,SCH_110,Gandhinagar,Rural,Female,General,9,Low,80.1,2.72,Medium,Medium,Yes,Secondary,Yes,Yes,No,No,7,Primary,Yes,1,0,0,33,Low,NO,Social Factor,Community Engagement,Low Priority
2024,SCH_009,Rajkot,Rural,Male,SC,4,Medium,89.6,8.38,Medium,High,Yes,Illiterate,No,Yes,No,No,6,Illiterate,No,0,1,0,22,Low,NO,Travel Constraint,Provide Transport,Low Priority
2023,SCH_086,Sabarkantha,Tribal,Female,ST,12,Medium,98.6,1.99,Medium,Medium,Yes,Primary,Yes,No,Yes,No,2,Primary,Yes,1,0,0,49,Medium,NO,Social Factor,Community Engagement,Monitor
2024,SCH_138,Ahmedabad,Rural,Female,General,2,Low,98.8,2.98,Medium,Low,No,Primary,Yes,Yes,No,No,2,Primary,Yes,0,0,0,17,Low,NO,Social Factor,Community Engagement,Low Priority
2024,SCH_069,Junagadh,Urban,Female,ST,7,Medium,53.6,15.28,Medium,Medium,Yes,Illiterate,Yes,No,No,No,4,Secondary,No,0,1,1,23,Low,NO,Academic Disengagement,Counselling Support,Low Priority
2025,SCH_030,Dahod,Rural,Female,OBC,2,Very Low,66.8,16.88,Medium,High,Yes,Graduate,No,No,No,No,3,Graduate,No,0,1,1,43,Medium,NO,Academic Disengagement,Counselling Support,Monitor
2022,SCH_100,Morbi,Rural,Male,ST,1,Very Low,56.3,24.63,Medium,Low,Yes,Secondary,Yes,No,Yes,No,4,Primary,No,0,1,1,54,Medium,NO,Academic Disengagement,Counselling Support,Monitor
2021,SCH_012,Mehsana,Rural,Male,General,1,Very Low,59.4,1.79,Low,High,No,Primary,Yes,Yes,No,No,3,Secondary,No,0,0,1,26,Low,NO,Academic Disengagement,Counselling Support,Low Priority
2022,SCH_042,Anand,Tribal,Female,ST,9,Low,47.9,3.96,Medium,Medium,Yes,Primary,Yes,No,Yes,No,7,Primary,No,1,0,1,54,Medium,NO,Academic Disengagement,Counselling Support,Monitor
2024,SCH_136,Vadodara,Rural,Female,OBC,12,Medium,42.8,9.6,Medium,High,Yes,Primary,Yes,No,No,No,5,Illiterate,No,1,1,1,50,Medium,NO,Academic Disengagement,Counselling Support,Monitor
2020,SCH_065,Morbi,Urban,Female,SC,4,Medium,89.5,7.53,Medium,Medium,No,Secondary,No,Yes,No,No,2,Primary,No,0,1,0,14,Low,NO,Travel Constraint,Provide Transport,Low Priority
2020,SCH_105,Bhavnagar,Urban,Male,SC,2,Low,83.9,9.82,High,Medium,Yes,Graduate,Yes,No,Yes,No,2,Primary,No,0,1,0,20,Low,NO,Travel Constraint,Provide Transport,Low Priority
2025,SCH_126,Sabarkantha,Rural,Female,SC,4,Medium,67.5,12.01,Medium,High,Yes,Illiterate,Yes,No,No,No,8,Illiterate,No,0,1,1,31,Low,NO,Academic Disengagement,Counselling Support,Low Priority
2025,SCH_010,Amreli,Rural,Male,OBC,5,High,40.9,14.22,Medium,Medium,Yes,Illiterate,Yes,Yes,No,No,6,Illiterate,No,0,1,1,32,Low,NO,Academic Disengagement,Counselling Support,Low Priority
2023,SCH_027,Gandhinagar,Urban,Male,General,11,Very Low,54.1,12.1,Low,Medium,Yes,Illiterate,Yes,Yes,No,No,5,Secondary,Yes,1,1,1,53,Medium,NO,Academic Disengagement,Counselling Support,Monitor
2019,SCH_002,Amreli,Rural,Male,SC,8,High,86.7,16.52,Low,Medium,Yes,Primary,Yes,Yes,Yes,No,7,Illiterate,No,0,1,0,26,Low,NO,Travel Constraint,Provide Transport,Low Priority
2025,SCH_030,Ahmedabad,Tribal,Male,OBC,7,High,42.8,26.57,Medium,Low,Yes,Illiterate,Yes,No,No,No,5,Primary,No,0,1,1,44,Medium,NO,Academic Disengagement,Counselling Support,Monitor
2022,SCH_145,Ahmedabad,Rural,Female,General,12,Medium,75.8,25.37,High,Medium,Yes,Primary,Yes,Yes,Yes,No,7,Illiterate,No,1,1,0,35,Low,NO,Travel Constraint,Provide Transport,Low Priority
2023,SCH_163,Anand,Urban,Male,OBC,12,Low,86.6,11.67,High,Medium,No,Illiterate,Yes,No,No,No,6,Secondary,Yes,1,1,0,16,Low,NO,Travel Constraint,Provide Transport,Low Priority
2022,SCH_101,Junagadh,Rural,Male,OBC,2,Medium,70.7,14.91,Low,Low,No,Secondary,Yes,Yes,No,No,5,Primary,No,0,1,0,33,Low,NO,Travel Constraint,Provide Transport,Low Priority
2019,SCH_168,Patan,Rural,Male,SC,5,High,95.6,5.15,Low,Low,Yes,Secondary,No,No,No,No,3,Illiterate,No,0,1,0,24,Low,NO,Travel Constraint,Provide Transport,Low Priority
2024,SCH_041,Navsari,Rural,Male,OBC,6,Low,48.2,20.17,Medium,Medium,Yes,Secondary,Yes,Yes,Yes,Yes,3,Primary,No,0,1,1,31,Low,NO,Academic Disengagement,Counselling Support,Low Priority
2025,SCH_094,Amreli,Rural,Male,ST,3,Medium,84.2,5.98,High,Low,No,Primary,Yes,Yes,No,No,3,Illiterate,No,0,1,0,36,Low,NO,Travel Constraint,Provide Transport,Low Priority
2022,SCH_103,Anand,Rural,Male,OBC,6,High,57.0,18.74,High,High,No,Primary,Yes,Yes,No,No,2,Illiterate,Yes,0,1,1,30,Low,NO,Academic Disengagement,Counselling Support,Low Priority
2020,SCH_033,Mehsana,Tribal,Male,OBC,10,Very Low,67.3,16.79,High,Low,Yes,Primary,No,Yes,No,No,2,Illiterate,Yes,1,1,1,36,Low,NO,Academic Disengagement,Counselling Support,Low Priority
2025,SCH_003,Navsari,Rural,Male,OBC,10,Very Low,51.0,6.22,Medium,Medium,No,Illiterate,Yes,Yes,Yes,No,4,Illiterate,No,1,1,1,56,Medium,NO,Academic Disengagement,Counselling Support,Monitor
2022,SCH_102,Bharuch,Rural,Female,OBC,11,Low,54.6,18.47,Medium,High,No,Graduate,Yes,Yes,No,No,4,Secondary,Yes,1,1,1,63,Medium,NO,Academic Disengagement,Counselling Support,Monitor
2019,SCH_111,Anand,Rural,Female,SC,8,Medium,48.4,8.34,Low,High,Yes,Illiterate,Yes,Yes,No,Yes,4,Primary,Yes,0,1,1,47,Medium,NO,Academic Disengagement,Counselling Support,Monitor
2020,SCH_141,Ahmedabad,Urban,Male,OBC,12,Low,93.3,4.01,Low,High,Yes,Illiterate,Yes,Yes,No,No,8,Secondary,Yes,1,0,0,26,Low,NO,Social Factor,Community Engagement,Low Priority
2023,SCH_067,Dahod,Urban,Male,OBC,10,Very Low,92.5,18.18,Low,Low,No,Secondary,Yes,Yes,Yes,No,4,Primary,No,1,1,0,56,Medium,NO,Travel Constraint,Provide Transport,Monitor
2023,SCH_085,Patan,Urban,Female,ST,11,Low,93.2,10.73,High,Medium,Yes,Illiterate,Yes,Yes,Yes,No,2,Primary,No,1,1,0,40,Low,NO,Travel Constraint,Provide Transport,Low Priority
2023,SCH_160,Mehsana,Tribal,Female,ST,5,Low,70.7,10.78,High,High,No,Secondary,Yes,Yes,No,No,5,Secondary,No,0,1,0,25,Low,NO,Travel Constraint,Provide Transport,Low Priority
2024,SCH_153,Anand,Rural,Female,General,9,Low,56.6,4.18,Medium,High,Yes,Illiterate,Yes,Yes,No,No,3,Graduate,No,1,0,1,39,Low,NO,Academic Disengagement,Counselling Support,Low Priority
2021,SCH_115,Anand,Urban,Male,General,11,Medium,73.6,17.4,Low,High,No,Primary,No,Yes,Yes,No,5,Primary,No,1,1,0,45,Medium,NO,Travel Constraint,Provide Transport,Monitor
2019,SCH_065,Banaskantha,Urban,Male,SC,2,Low,63.3,11.24,Low,High,No,Primary,No,Yes,No,No,4,Primary,No,0,1,1,41,Medium,NO,Academic Disengagement,Counselling Support,Monitor
2024,SCH_111,Dahod,Urban,Female,OBC,12,Medium,54.3,6.93,Low,Low,Yes,Secondary,No,Yes,No,No,3,Illiterate,No,1,1,1,46,Medium,NO,Academic Disengagement,Counselling Support,Monitor
2025,SCH_115,Mehsana,Rural,Female,General,8,Low,52.2,4.22,Medium,Medium,Yes,Secondary,No,Yes,Yes,Yes,6,Primary,No,0,0,1,48,Medium,NO,Academic Disengagement,Counselling Support,Monitor
2019,SCH_038,Dahod,Tribal,Female,SC,11,Medium,50.4,18.16,Low,Medium,Yes,Illiterate,Yes,Yes,Yes,No,4,Graduate,Yes,1,1,1,68,Medium,NO,Academic Disengagement,Counselling Support,Monitor
2023,SCH_100,Bharuch,Urban,Female,OBC,8,Low,83.4,14.92,Low,High,Yes,Primary,Yes,Yes,No,Yes,2,Secondary,No,0,1,0,16,Low,NO,Travel Constraint,Provide Transport,Low Priority
2019,SCH_177,Patan,Urban,Female,SC,10,High,69.4,2.26,Medium,Low,Yes,Graduate,Yes,Yes,No,No,3,Primary,No,1,0,1,40,Low,NO,Academic Disengagement,Counselling Support,Low Priority
2024,SCH_030,Bhavnagar,Rural,Male,SC,5,Low,93.8,23.3,Medium,Medium,No,Primary,Yes,No,No,No,5,Illiterate,No,0,1,0,18,Low,NO,Travel Constraint,Provide Transport,Low Priority
2020,SCH_026,Vadodara,Tribal,Male,OBC,10,High,77.9,1.44,Medium,High,No,Illiterate,Yes,Yes,No,No,6,Secondary,Yes,1,0,0,27,Low,NO,Social Factor,Community Engagement,Low Priority
2022,SCH_019,Valsad,Urban,Male,OBC,5,High,67.2,22.25,Medium,Low,No,Illiterate,Yes,Yes,Yes,No,7,Illiterate,No,0,1,1,39,Low,NO,Academic Disengagement,Counselling Support,Low Priority
2021,SCH_023,Rajkot,Tribal,Female,OBC,1,Medium,70.6,6.68,Medium,High,Yes,Graduate,Yes,No,No,No,2,Illiterate,No,0,1,0,31,Low,NO,Travel Constraint,Provide Transport,Low Priority
2019,SCH_118,Valsad,Tribal,Male,OBC,4,Low,50.5,9.97,Low,Low,Yes,Illiterate,Yes,Yes,No,No,3,Secondary,No,0,1,1,53,Medium,NO,Academic Disengagement,Counselling Support,Monitor
2024,SCH_148,Valsad,Rural,Female,ST,2,Very Low,92.7,22.99,Medium,Medium,Yes,Primary,Yes,Yes,Yes,No,2,Illiterate,No,0,1,0,44,Medium,NO,Travel Constraint,Provide Transport,Monitor
2019,SCH_119,Morbi,Rural,Male,ST,8,Very Low,42.6,14.27,Medium,High,Yes,Illiterate,Yes,No,No,No,8,Primary,Yes,0,1,1,28,Low,NO,Academic Disengagement,Counselling Support,Low Priority
2023,SCH_067,Bhavnagar,Rural,Male,SC,6,Low,89.7,4.46,Medium,Medium,No,Secondary,Yes,No,Yes,No,7,Secondary,No,0,0,0,28,Low,NO,Social Factor,Community Engagement,Low Priority
2024,SCH_039,Patan,Urban,Female,General,9,Low,97.1,12.3,Medium,High,No,Primary,Yes,Yes,No,No,4,Secondary,Yes,1,1,0,27,Low,NO,Travel Constraint,Provide Transport,Low Priority
2023,SCH_040,Rajkot,Tribal,Male,SC,10,Low,99.8,25.17,Low,Medium,Yes,Secondary,Yes,No,No,No,3,Illiterate,No,1,1,0,33,Low,NO,Travel Constraint,Provide Transport,Low Priority
2021,SCH_158,Amreli,Tribal,Female,OBC,2,High,40.2,22.22,Medium,High,Yes,Graduate,No,Yes,No,No,3,Secondary,No,0,1,1,47,Medium,NO,Academic Disengagement,Counselling Support,Monitor
2025,SCH_102,Patan,Rural,Female,OBC,9,Very Low,47.6,3.16,High,Medium,No,Secondary,Yes,No,No,No,7,Secondary,No,1,0,1,51,Medium,NO,Academic Disengagement,Counselling Support,Monitor
2022,SCH_014,Sabarkantha,Rural,Male,ST,1,Low,82.6,21.69,Medium,Medium,No,Primary,Yes,Yes,No,No,5,Secondary,No,0,1,0,18,Low,NO,Travel Constraint,Provide Transport,Low Priority
2020,SCH_086,Valsad,Urban,Female,OBC,4,Very Low,62.1,5.62,High,Medium,No,Primary,Yes,Yes,No,No,6,Illiterate,No,0,1,1,40,Low,NO,Academic Disengagement,Counselling Support,Low Priority
2021,SCH_081,Ahmedabad,Rural,Female,SC,10,High,56.7,1.66,Low,Medium,Yes,Primary,Yes,No,No,No,6,Graduate,No,1,0,1,45,Medium,NO,Academic Disengagement,Counselling Support,Monitor
2022,SCH_033,Jamnagar,Urban,Female,ST,7,Low,70.1,1.67,Low,Low,No,Illiterate,Yes,No,No,No,3,Illiterate,No,0,0,0,25,Low,NO,Social Factor,Community Engagement,Low Priority
2019,SCH_071,Rajkot,Tribal,Male,OBC,2,Low,79.0,0.62,High,Low,No,Illiterate,No,Yes,No,No,3,Graduate,No,0,0,0,26,Low,NO,Social Factor,Community Engagement,Low Priority
2020,SCH_018,Morbi,Urban,Male,ST,8,Medium,80.3,19.65,High,Medium,Yes,Secondary,Yes,No,No,No,4,Illiterate,No,0,1,0,24,Low,NO,Travel Constraint,Provide Transport,Low Priority
2025,SCH_178,Valsad,Rural,Female,SC,10,Very Low,87.9,1.7,Medium,Low,No,Secondary,Yes,No,No,No,8,Secondary,Yes,1,0,0,36,Low,NO,Economic Pressure,Provide Scholarship,Low Priority
2021,SCH_036,Banaskantha,Urban,Female,SC,1,Low,81.0,24.29,Low,Medium,No,Illiterate,Yes,No,No,No,6,Illiterate,No,0,1,0,45,Medium,NO,Travel Constraint,Provide Transport,Monitor
2022,SCH_155,Vadodara,Rural,Female,ST,1,Very Low,95.5,23.9,Low,Medium,Yes,Secondary,Yes,Yes,Yes,No,6,Secondary,No,0,1,0,48,Medium,NO,Travel Constraint,Provide Transport,Monitor
2019,SCH_021,Jamnagar,Rural,Male,ST,10,Very Low,60.9,16.35,Medium,Medium,Yes,Graduate,Yes,Yes,Yes,No,5,Secondary,Yes,1,1,1,59,Medium,NO,Academic Disengagement,Counselling Support,Monitor
2025,SCH_140,Rajkot,Rural,Female,OBC,6,Low,98.3,23.39,Low,Low,Yes,Illiterate,Yes,No,No,No,7,Primary,No,0,1,0,26,Low,NO,Travel Constraint,Provide Transport,Low Priority
2019,SCH_018,Amreli,Rural,Female,OBC,6,Low,45.8,24.67,Medium,Medium,Yes,Graduate,No,Yes,No,No,4,Illiterate,No,0,1,1,48,Medium,NO,Academic Disengagement,Counselling Support,Monitor
2023,SCH_042,Surat,Urban,Male,ST,11,Low,90.2,9.63,Medium,High,Yes,Secondary,Yes,Yes,No,Yes,8,Secondary,No,1,1,0,22,Low,NO,Travel Constraint,Provide Transport,Low Priority
2024,SCH_166,Patan,Urban,Female,General,9,Very Low,43.1,21.94,Low,Low,Yes,Illiterate,Yes,Yes,No,Yes,7,Illiterate,No,1,1,1,57,Medium,NO,Academic Disengagement,Counselling Support,Monitor
2020,SCH_054,Surat,Rural,Female,ST,9,Very Low,86.4,26.86,Medium,Low,Yes,Secondary,No,Yes,No,No,2,Graduate,No,1,1,0,56,Medium,NO,Travel Constraint,Provide Transport,Monitor
2025,SCH_142,Gandhinagar,Tribal,Female,ST,12,Medium,81.9,25.78,Low,Low,Yes,Graduate,No,Yes,Yes,No,8,Primary,Yes,1,1,0,56,Medium,NO,Travel Constraint,Provide Transport,Monitor
2019,SCH_156,Amreli,Tribal,Male,General,4,Low,88.7,27.0,Medium,Low,Yes,Primary,Yes,No,Yes,No,2,Primary,No,0,1,0,28,Low,NO,Travel Constraint,Provide Transport,Low Priority
2022,SCH_179,Dahod,Tribal,Male,SC,5,Very Low,67.4,6.07,Low,Medium,No,Primary,Yes,No,No,No,8,Primary,No,0,1,1,45,Medium,NO,Academic Disengagement,Counselling Support,Monitor
2024,SCH_003,Mehsana,Rural,Female,OBC,2,Low,69.0,9.02,Medium,High,Yes,Secondary,Yes,Yes,No,No,3,Graduate,No,0,1,1,21,Low,NO,Academic Disengagement,Counselling Support,Low Priority
2019,SCH_139,Bhavnagar,Rural,Male,OBC,9,Low,46.8,19.13,Medium,Low,Yes,Illiterate,No,No,No,No,3,Illiterate,Yes,1,1,1,45,Medium,NO,Academic Disengagement,Counselling Support,Monitor
2024,SCH_081,Dahod,Rural,Female,SC,11,Very Low,51.1,13.52,High,Medium,No,Secondary,Yes,Yes,No,No,3,Secondary,No,1,1,1,50,Medium,NO,Academic Disengagement,Counselling Support,Monitor
2020,SCH_006,Surat,Tribal,Female,OBC,12,Very Low,91.2,24.31,Medium,High,No,Primary,Yes,No,No,No,7,Primary,No,1,1,0,44,Medium,NO,Travel Constraint,Provide Transport,Monitor
2021,SCH_173,Bhavnagar,Urban,Female,General,6,Low,78.7,1.06,Low,Medium,Yes,Graduate,No,No,No,No,3,Primary,Yes,0,0,0,20,Low,NO,Social Factor,Community Engagement,Low Priority
2021,SCH_168,Bhavnagar,Urban,Male,General,5,Low,56.3,22.57,Low,High,Yes,Graduate,Yes,Yes,No,No,6,Secondary,No,0,1,1,36,Low,NO,Academic Disengagement,Counselling Support,Low Priority
2021,SCH_147,Patan,Rural,Male,SC,7,Low,70.1,8.66,Medium,High,Yes,Primary,Yes,Yes,No,No,7,Graduate,Yes,0,1,0,28,Low,NO,Travel Constraint,Provide Transport,Low Priority
2020,SCH_157,Kutch,Tribal,Female,OBC,6,Low,59.7,5.8,Medium,High,Yes,Illiterate,Yes,Yes,No,No,8,Illiterate,No,0,1,1,40,Low,NO,Academic Disengagement,Counselling Support,Low Priority
2023,SCH_001,Ahmedabad,Urban,Male,ST,3,Very Low,77.8,23.21,Medium,Low,Yes,Illiterate,No,No,No,No,7,Illiterate,Yes,0,1,0,28,Low,NO,Travel Constraint,Provide Transport,Low Priority
2022,SCH_005,Surat,Urban,Male,OBC,8,High,57.4,13.58,Low,High,Yes,Graduate,Yes,Yes,No,No,4,Secondary,Yes,0,1,1,25,Low,NO,Academic Disengagement,Counselling Support,Low Priority
2023,SCH_168,Jamnagar,Tribal,Female,OBC,10,Low,67.6,1.25,Medium,Medium,No,Secondary,Yes,Yes,No,No,8,Illiterate,No,1,0,1,31,Low,NO,Academic Disengagement,Counselling Support,Low Priority
2022,SCH_070,Bharuch,Rural,Male,ST,10,Medium,49.0,2.26,Medium,Medium,No,Primary,No,Yes,Yes,No,4,Secondary,No,1,0,1,67,Medium,NO,Academic Disengagement,Counselling Support,Monitor
2022,SCH_176,Surat,Rural,Female,OBC,9,Very Low,65.7,26.34,High,Low,Yes,Secondary,No,Yes,No,No,3,Graduate,No,1,1,1,59,Medium,NO,Academic Disengagement,Counselling Support,Monitor
2023,SCH_089,Bharuch,Rural,Female,OBC,9,Very Low,94.9,23.3,Medium,Medium,No,Primary,No,No,No,No,2,Primary,Yes,1,1,0,43,Medium,NO,Travel Constraint,Provide Transport,Monitor
2022,SCH_105,Ahmedabad,Urban,Male,ST,10,Medium,75.0,8.47,Medium,Low,Yes,Primary,Yes,No,No,No,7,Secondary,No,1,1,0,28,Low,NO,Travel Constraint,Provide Transport,Low Priority
2023,SCH_158,Jamnagar,Urban,Female,SC,4,Medium,41.1,20.88,Low,Medium,Yes,Illiterate,No,No,No,No,4,Illiterate,Yes,0,1,1,40,Low,NO,Academic Disengagement,Counselling Support,Low Priority
2019,SCH_145,Bhavnagar,Rural,Male,OBC,1,Very Low,70.1,4.85,Medium,Medium,Yes,Primary,Yes,No,No,No,4,Illiterate,No,0,0,0,16,Low,NO,Economic Pressure,Provide Scholarship,Low Priority
2024,SCH_013,Junagadh,Rural,Male,OBC,8,Low,67.9,3.92,Medium,Medium,No,Secondary,Yes,Yes,No,No,3,Graduate,Yes,0,0,1,27,Low,NO,Academic Disengagement,Counselling Support,Low Priority
2021,SCH_026,Amreli,Rural,Female,OBC,11,Low,62.6,16.43,Low,High,No,Primary,Yes,No,Yes,No,6,Secondary,Yes,1,1,1,66,Medium,NO,Academic Disengagement,Counselling Support,Monitor
2019,SCH_173,Kutch,Rural,Female,SC,8,Medium,52.2,0.23,Medium,Medium,Yes,Primary,Yes,No,No,No,3,Primary,Yes,0,0,1,35,Low,NO,Academic Disengagement,Counselling Support,Low Priority
2025,SCH_158,Patan,Tribal,Female,SC,11,Low,73.9,26.02,High,Medium,No,Primary,Yes,Yes,No,No,4,Illiterate,No,1,1,0,41,Medium,NO,Travel Constraint,Provide Transport,Monitor
2024,SCH_148,Rajkot,Rural,Female,SC,10,Medium,81.8,23.24,Medium,Medium,No,Graduate,Yes,No,No,No,3,Graduate,No,1,1,0,35,Low,NO,Travel Constraint,Provide Transport,Low Priority
2024,SCH_026,Surat,Rural,Female,SC,11,Very Low,83.7,11.66,Medium,Low,Yes,Primary,Yes,Yes,No,No,4,Secondary,Yes,1,1,0,36,Low,NO,Travel Constraint,Provide Transport,Low Priority
2020,SCH_057,Junagadh,Rural,Male,OBC,11,High,94.0,16.33,Low,Medium,No,Illiterate,Yes,No,No,No,8,Illiterate,Yes,1,1,0,38,Low,NO,Travel Constraint,Provide Transport,Low Priority
2025,SCH_102,Vadodara,Rural,Male,OBC,8,Low,77.0,4.16,Medium,Low,Yes,Illiterate,Yes,No,No,No,2,Illiterate,Yes,0,0,0,18,Low,NO,Social Factor,Community Engagement,Low Priority
2019,SCH_065,Banaskantha,Urban,Female,General,5,Very Low,98.1,27.84,Low,Medium,Yes,Graduate,Yes,No,No,No,7,Primary,No,0,1,0,26,Low,NO,Travel Constraint,Provide Transport,Low Priority
2020,SCH_167,Navsari,Rural,Male,General,1,Low,60.5,6.8,High,Low,Yes,Illiterate,Yes,Yes,No,No,3,Illiterate,No,0,1,1,28,Low,NO,Academic Disengagement,Counselling Support,Low Priority
2019,SCH_116,Sabarkantha,Tribal,Female,OBC,9,Medium,83.8,1.44,High,Medium,Yes,Primary,No,Yes,Yes,No,4,Illiterate,Yes,1,0,0,34,Low,NO,Social Factor,Community Engagement,Low Priority
2021,SCH_005,Bhavnagar,Rural,Male,ST,10,Very Low,44.0,4.19,Low,Medium,No,Secondary,Yes,Yes,No,No,6,Graduate,Yes,1,0,1,49,Medium,NO,Academic Disengagement,Counselling Support,Monitor
2023,SCH_058,Amreli,Tribal,Female,OBC,5,Low,52.6,15.71,Low,Medium,No,Primary,Yes,Yes,No,No,2,Illiterate,No,0,1,1,42,Medium,NO,Academic Disengagement,Counselling Support,Monitor
2021,SCH_149,Junagadh,Rural,Female,OBC,2,Low,73.4,27.69,Low,Medium,Yes,Illiterate,Yes,Yes,No,No,3,Secondary,No,0,1,0,23,Low,NO,Travel Constraint,Provide Transport,Low Priority
2019,SCH_164,Navsari,Rural,Female,OBC,4,Very Low,65.4,7.15,Low,Low,No,Secondary,Yes,No,No,No,6,Illiterate,No,0,1,1,56,Medium,NO,Academic Disengagement,Counselling Support,Monitor
2024,SCH_130,Patan,Tribal,Male,ST,10,High,77.7,8.7,Medium,High,Yes,Illiterate,Yes,Yes,No,No,8,Illiterate,Yes,1,1,0,32,Low,NO,Travel Constraint,Provide Transport,Low Priority
2021,SCH_102,Navsari,Rural,Male,General,12,Low,77.6,15.94,High,Medium,No,Secondary,Yes,Yes,No,Yes,7,Illiterate,Yes,1,1,0,38,Low,NO,Travel Constraint,Provide Transport,Low Priority
2023,SCH_073,Rajkot,Urban,Female,OBC,3,Low,92.8,0.28,Medium,Medium,No,Illiterate,No,Yes,Yes,Yes,3,Primary,Yes,0,0,0,28,Low,NO,Social Factor,Community Engagement,Low Priority
2024,SCH_131,Vadodara,Rural,Female,SC,3,Very Low,66.3,10.07,Low,Medium,Yes,Graduate,No,Yes,Yes,No,2,Illiterate,Yes,0,1,1,57,Medium,NO,Academic Disengagement,Counselling Support,Monitor
2020,SCH_012,Valsad,Urban,Male,ST,3,Medium,81.7,27.75,Low,High,No,Primary,Yes,No,No,No,7,Secondary,Yes,0,1,0,28,Low,NO,Travel Constraint,Provide Transport,Low Priority
2021,SCH_045,Mehsana,Rural,Female,OBC,6,Low,93.3,2.86,Medium,Medium,Yes,Illiterate,Yes,Yes,No,No,6,Primary,No,0,0,0,14,Low,NO,Social Factor,Community Engagement,Low Priority
2025,SCH_074,Valsad,Rural,Male,SC,9,Very Low,53.6,8.94,Low,High,Yes,Primary,No,Yes,No,No,6,Primary,No,1,1,1,54,Medium,NO,Academic Disengagement,Counselling Support,Monitor
2025,SCH_113,Mehsana,Rural,Male,OBC,6,Very Low,91.1,2.21,Medium,Medium,Yes,Primary,Yes,No,No,No,5,Illiterate,Yes,0,0,0,20,Low,NO,Economic Pressure,Provide Scholarship,Low Priority
2025,SCH_139,Dahod,Tribal,Female,OBC,9,Low,40.2,0.7,High,Medium,Yes,Illiterate,Yes,Yes,No,No,2,Secondary,No,1,0,1,54,Medium,NO,Academic Disengagement,Counselling Support,Monitor
2022,SCH_124,Morbi,Rural,Male,General,10,Medium,79.5,11.91,High,Low,No,Illiterate,Yes,Yes,No,No,4,Secondary,No,1,1,0,33,Low,NO,Travel Constraint,Provide Transport,Low Priority
2025,SCH_107,Junagadh,Tribal,Female,OBC,3,Low,62.8,6.71,Low,Medium,Yes,Primary,Yes,Yes,No,No,8,Primary,No,0,1,1,42,Medium,NO,Academic Disengagement,Counselling Support,Monitor
2023,SCH_018,Mehsana,Rural,Female,OBC,8,Medium,86.3,22.88,Medium,High,Yes,Graduate,Yes,Yes,Yes,No,4,Primary,No,0,1,0,11,Low,NO,Travel Constraint,Provide Transport,Low Priority
2025,SCH_176,Bhavnagar,Rural,Female,SC,9,Medium,43.5,10.1,Medium,Low,Yes,Primary,No,Yes,No,No,7,Illiterate,No,1,1,1,57,Medium,NO,Academic Disengagement,Counselling Support,Monitor
2019,SCH_005,Morbi,Urban,Male,General,5,High,43.8,2.88,High,High,Yes,Primary,No,No,Yes,No,8,Primary,No,0,0,1,36,Low,NO,Academic Disengagement,Counselling Support,Low Priority
2021,SCH_175,Anand,Rural,Female,OBC,12,Very Low,69.9,26.44,Medium,Low,No,Primary,Yes,Yes,No,No,2,Graduate,Yes,1,1,1,60,Medium,NO,Academic Disengagement,Counselling Support,Monitor
2023,SCH_020,Sabarkantha,Urban,Male,SC,4,Low,68.1,2.77,Medium,Medium,Yes,Illiterate,Yes,No,No,No,7,Graduate,No,0,0,1,17,Low,NO,Academic Disengagement,Counselling Support,Low Priority
2025,SCH_029,Anand,Urban,Female,General,11,High,99.9,22.22,Low,Medium,Yes,Secondary,Yes,No,No,No,8,Graduate,Yes,1,1,0,36,Low,NO,Travel Constraint,Provide Transport,Low Priority
2025,SCH_143,Mehsana,Urban,Male,OBC,5,High,66.8,0.16,Medium,Medium,No,Graduate,No,No,No,No,5,Primary,Yes,0,0,1,23,Low,NO,Academic Disengagement,Counselling Support,Low Priority
2025,SCH_162,Junagadh,Rural,Male,General,2,Very Low,72.6,16.48,Low,Medium,Yes,Illiterate,No,No,No,No,4,Primary,Yes,0,1,0,35,Low,NO,Travel Constraint,Provide Transport,Low Priority
2022,SCH_086,Junagadh,Tribal,Female,OBC,3,High,78.1,3.22,Medium,Medium,No,Illiterate,Yes,Yes,No,No,4,Graduate,No,0,0,0,13,Low,NO,Social Factor,Community Engagement,Low Priority
2019,SCH_055,Bhavnagar,Urban,Female,OBC,12,Low,99.8,21.31,High,High,Yes,Primary,Yes,No,No,No,2,Primary,Yes,1,1,0,38,Low,NO,Travel Constraint,Provide Transport,Low Priority
2022,SCH_148,Amreli,Rural,Female,OBC,7,Medium,72.9,6.32,High,Low,No,Graduate,Yes,No,No,No,5,Illiterate,No,0,1,0,24,Low,NO,Travel Constraint,Provide Transport,Low Priority
2019,SCH_077,Banaskantha,Rural,Male,OBC,6,Low,57.1,5.8,Medium,Medium,No,Primary,Yes,No,No,No,2,Illiterate,Yes,0,1,1,28,Low,NO,Academic Disengagement,Counselling Support,Low Priority
2019,SCH_167,Dahod,Tribal,Female,General,12,Medium,68.6,24.12,Low,High,Yes,Illiterate,Yes,Yes,No,No,6,Secondary,Yes,1,1,1,54,Medium,NO,Academic Disengagement,Counselling Support,Monitor
2022,SCH_003,Amreli,Urban,Male,SC,4,Very Low,67.2,12.01,High,Medium,No,Primary,Yes,No,No,No,5,Secondary,No,0,1,1,28,Low,NO,Academic Disengagement,Counselling Support,Low Priority
2019,SCH_086,Jamnagar,Rural,Male,General,6,Low,87.5,1.86,Low,Medium,No,Primary,Yes,Yes,No,Yes,6,Illiterate,Yes,0,0,0,24,Low,NO,Social Factor,Community Engagement,Low Priority
2021,SCH_161,Surat,Urban,Male,General,7,Low,97.1,20.71,Medium,High,Yes,Primary,No,Yes,No,No,7,Primary,Yes,0,1,0,17,Low,NO,Travel Constraint,Provide Transport,Low Priority
2022,SCH_178,Gandhinagar,Tribal,Male,SC,1,Very Low,49.7,23.52,Low,Low,No,Primary,Yes,No,No,No,7,Illiterate,No,0,1,1,61,Medium,NO,Academic Disengagement,Counselling Support,Monitor
2024,SCH_081,Mehsana,Rural,Male,SC,12,Low,89.6,2.47,High,Medium,Yes,Illiterate,No,No,No,No,8,Primary,No,1,0,0,18,Low,NO,Social Factor,Community Engagement,Low Priority
2024,SCH_105,Navsari,Urban,Female,OBC,3,High,99.7,19.06,High,Medium,Yes,Secondary,Yes,No,No,No,7,Secondary,Yes,0,1,0,9,Low,NO,Travel Constraint,Provide Transport,Low Priority
2022,SCH_134,Bhavnagar,Urban,Male,OBC,5,Very Low,92.9,18.61,Medium,Medium,Yes,Illiterate,Yes,No,No,No,6,Primary,No,0,1,0,20,Low,NO,Travel Constraint,Provide Transport,Low Priority
2022,SCH_143,Vadodara,Urban,Female,SC,6,Low,53.8,15.53,Medium,Low,Yes,Graduate,No,Yes,No,Yes,4,Illiterate,No,0,1,1,43,Medium,NO,Academic Disengagement,Counselling Support,Monitor
2024,SCH_135,Junagadh,Urban,Female,OBC,11,Low,49.4,2.93,Medium,Low,Yes,Primary,No,No,No,No,3,Primary,No,1,0,1,31,Low,NO,Academic Disengagement,Counselling Support,Low Priority
2024,SCH_175,Bharuch,Urban,Female,ST,10,Medium,76.3,3.81,Low,Medium,Yes,Primary,Yes,No,No,No,3,Primary,No,1,0,0,34,Low,NO,Social Factor,Community Engagement,Low Priority
2021,SCH_071,Morbi,Rural,Female,General,3,Medium,45.5,21.82,Medium,Medium,Yes,Secondary,Yes,No,No,No,7,Secondary,No,0,1,1,39,Low,NO,Academic Disengagement,Counselling Support,Low Priority
2021,SCH_095,Rajkot,Urban,Male,SC,9,Low,47.8,25.79,Medium,Medium,Yes,Primary,Yes,Yes,Yes,No,4,Illiterate,No,1,1,1,45,Medium,NO,Academic Disengagement,Counselling Support,Monitor
2022,SCH_108,Navsari,Urban,Male,OBC,7,Low,41.2,3.74,Medium,High,Yes,Illiterate,Yes,No,No,No,7,Graduate,Yes,0,0,1,21,Low,NO,Academic Disengagement,Counselling Support,Low Priority
2025,SCH_116,Jamnagar,Rural,Male,General,6,High,92.9,12.33,Low,Low,Yes,Illiterate,Yes,No,No,No,3,Illiterate,Yes,0,1,0,30,Low,NO,Travel Constraint,Provide Transport,Low Priority
2025,SCH_155,Kutch,Urban,Female,General,7,High,49.8,25.51,Low,Medium,No,Graduate,Yes,No,Yes,No,7,Primary,Yes,0,1,1,45,Medium,NO,Academic Disengagement,Counselling Support,Monitor
2019,SCH_154,Valsad,Urban,Male,OBC,8,Medium,64.9,14.61,High,Low,No,Secondary,Yes,Yes,Yes,No,4,Illiterate,No,0,1,1,54,Medium,NO,Academic Disengagement,Counselling Support,Monitor
2023,SCH_052,Valsad,Tribal,Male,OBC,11,Low,55.4,17.84,Low,Low,No,Secondary,Yes,No,No,No,6,Graduate,Yes,1,1,1,56,Medium,NO,Academic Disengagement,Counselling Support,Monitor
2024,SCH_122,Surat,Rural,Female,OBC,5,High,59.3,17.1,Low,Medium,No,Illiterate,Yes,Yes,Yes,No,6,Primary,No,0,1,1,49,Medium,NO,Academic Disengagement,Counselling Support,Monitor
2025,SCH_011,Mehsana,Rural,Male,SC,1,Medium,82.3,6.51,Low,High,Yes,Graduate,Yes,Yes,No,No,8,Illiterate,No,0,1,0,28,Low,NO,Travel Constraint,Provide Transport,Low Priority
2022,SCH_023,Surat,Tribal,Female,ST,3,Low,75.4,23.62,Medium,High,Yes,Illiterate,Yes,No,No,No,2,Primary,Yes,0,1,0,30,Low,NO,Travel Constraint,Provide Transport,Low Priority
2023,SCH_068,Bhavnagar,Tribal,Male,SC,5,High,44.7,8.83,High,Medium,Yes,Secondary,Yes,Yes,No,Yes,3,Secondary,Yes,0,1,1,43,Medium,NO,Academic Disengagement,Counselling Support,Monitor
2021,SCH_004,Mehsana,Rural,Male,OBC,9,Medium,58.4,17.7,Low,Low,No,Primary,No,No,No,No,3,Primary,Yes,1,1,1,54,Medium,NO,Academic Disengagement,Counselling Support,Monitor
2025,SCH_039,Banaskantha,Rural,Male,General,7,Low,69.8,14.92,Low,Medium,No,Primary,Yes,Yes,No,No,7,Primary,No,0,1,1,44,Medium,NO,Academic Disengagement,Counselling Support,Monitor
2023,SCH_009,Gandhinagar,Urban,Female,OBC,8,Very Low,94.2,3.74,High,High,Yes,Illiterate,Yes,Yes,Yes,No,8,Primary,Yes,0,0,0,20,Low,NO,Economic Pressure,Provide Scholarship,Low Priority
2024,SCH_169,Morbi,Rural,Male,OBC,7,Low,61.3,12.88,Low,Low,Yes,Illiterate,Yes,Yes,No,No,8,Secondary,Yes,0,1,1,43,Medium,NO,Academic Disengagement,Counselling Support,Monitor
2020,SCH_089,Anand,Urban,Male,General,9,High,67.8,5.63,High,Medium,Yes,Illiterate,Yes,No,No,No,2,Illiterate,Yes,1,1,1,35,Low,NO,Academic Disengagement,Counselling Support,Low Priority
2019,SCH_111,Amreli,Urban,Female,ST,12,Low,84.4,26.84,Medium,Low,No,Illiterate,Yes,Yes,No,No,3,Illiterate,No,1,1,0,42,Medium,NO,Travel Constraint,Provide Transport,Monitor
2025,SCH_037,Anand,Urban,Female,General,6,Very Low,73.9,0.39,Medium,Low,No,Secondary,Yes,Yes,No,No,2,Graduate,No,0,0,0,46,Medium,NO,Economic Pressure,Provide Scholarship,Monitor
2025,SCH_042,Sabarkantha,Rural,Female,ST,1,Very Low,55.5,9.31,High,Medium,Yes,Secondary,No,No,No,No,7,Primary,Yes,0,1,1,42,Medium,NO,Academic Disengagement,Counselling Support,Monitor
2022,SCH_143,Valsad,Urban,Male,SC,12,Medium,69.6,1.74,Medium,Medium,No,Secondary,Yes,No,No,No,4,Secondary,Yes,1,0,1,31,Low,NO,Academic Disengagement,Counselling Support,Low Priority
2025,SCH_149,Anand,Urban,Female,OBC,4,Very Low,42.4,5.99,Medium,Medium,Yes,Illiterate,No,Yes,No,No,6,Secondary,No,0,1,1,27,Low,NO,Academic Disengagement,Counselling Support,Low Priority
2019,SCH_042,Junagadh,Rural,Male,SC,1,Very Low,58.6,27.51,Medium,Low,Yes,Primary,Yes,No,Yes,Yes,2,Graduate,No,0,1,1,60,Medium,NO,Academic Disengagement,Counselling Support,Monitor
2022,SCH_161,Navsari,Rural,Male,ST,11,Medium,54.7,16.35,Medium,Medium,Yes,Illiterate,Yes,No,Yes,No,2,Illiterate,Yes,1,1,1,56,Medium,NO,Academic Disengagement,Counselling Support,Monitor
2020,SCH_177,Valsad,Urban,Female,General,11,Medium,41.6,16.47,Medium,Medium,No,Graduate,Yes,Yes,No,No,3,Primary,No,1,1,1,47,Medium,NO,Academic Disengagement,Counselling Support,Monitor
2019,SCH_105,Navsari,Urban,Male,General,10,High,75.2,17.71,Low,Medium,No,Graduate,Yes,No,Yes,No,8,Graduate,Yes,1,1,0,40,Low,NO,Travel Constraint,Provide Transport,Low Priority
2022,SCH_155,Dahod,Rural,Female,General,5,Medium,77.0,25.08,Medium,Medium,No,Primary,Yes,No,Yes,No,4,Secondary,Yes,0,1,0,28,Low,NO,Travel Constraint,Provide Transport,Low Priority
2021,SCH_145,Patan,Rural,Male,General,5,Low,60.1,9.45,Medium,Medium,Yes,Graduate,Yes,No,No,No,6,Primary,No,0,1,1,19,Low,NO,Academic Disengagement,Counselling Support,Low Priority
2023,SCH_134,Rajkot,Rural,Female,General,2,Low,58.1,8.3,Medium,Medium,Yes,Primary,No,No,No,No,4,Primary,No,0,1,1,32,Low,NO,Academic Disengagement,Counselling Support,Low Priority
2020,SCH_061,Navsari,Rural,Male,General,3,Very Low,41.3,12.25,Low,Medium,Yes,Secondary,Yes,Yes,No,No,4,Secondary,Yes,0,1,1,32,Low,NO,Academic Disengagement,Counselling Support,Low Priority
2021,SCH_071,Rajkot,Rural,Male,SC,8,Medium,72.5,11.1,Medium,High,Yes,Secondary,Yes,No,No,No,7,Primary,Yes,0,1,0,21,Low,NO,Travel Constraint,Provide Transport,Low Priority
2022,SCH_138,Patan,Rural,Male,SC,3,Very Low,67.7,23.67,Medium,Medium,Yes,Illiterate,No,No,No,No,3,Primary,Yes,0,1,1,34,Low,NO,Academic Disengagement,Counselling Support,Low Priority
2025,SCH_012,Junagadh,Tribal,Female,SC,1,Medium,44.1,27.95,Low,Medium,No,Illiterate,No,No,Yes,No,5,Illiterate,Yes,0,1,1,53,Medium,NO,Academic Disengagement,Counselling Support,Monitor
2021,SCH_050,Dahod,Tribal,Female,General,1,High,50.9,11.33,Medium,Low,Yes,Secondary,Yes,No,No,No,7,Graduate,No,0,1,1,43,Medium,NO,Academic Disengagement,Counselling Support,Monitor
2020,SCH_082,Kutch,Tribal,Female,General,4,High,42.7,25.7,High,Low,Yes,Secondary,No,No,No,No,4,Secondary,No,0,1,1,43,Medium,NO,Academic Disengagement,Counselling Support,Monitor
2022,SCH_102,Navsari,Urban,Male,OBC,1,High,73.8,13.0,Medium,Medium,No,Secondary,Yes,Yes,No,No,7,Primary,Yes,0,1,0,17,Low,NO,Travel Constraint,Provide Transport,Low Priority
2021,SCH_177,Vadodara,Urban,Male,General,10,Low,95.5,2.62,High,Low,Yes,Illiterate,Yes,Yes,No,No,4,Primary,Yes,1,0,0,13,Low,NO,Social Factor,Community Engagement,Low Priority
2020,SCH_152,Mehsana,Rural,Female,SC,9,Low,40.3,3.52,High,Medium,Yes,Primary,No,Yes,No,No,2,Illiterate,No,1,0,1,43,Medium,NO,Academic Disengagement,Counselling Support,Monitor
2023,SCH_161,Valsad,Rural,Male,ST,9,Very Low,93.6,10.58,Low,Low,Yes,Secondary,Yes,No,No,No,7,Illiterate,No,1,1,0,43,Medium,NO,Travel Constraint,Provide Transport,Monitor
2019,SCH_037,Banaskantha,Urban,Male,ST,1,Low,51.8,24.48,Medium,High,Yes,Primary,No,No,No,No,7,Secondary,Yes,0,1,1,37,Low,NO,Academic Disengagement,Counselling Support,Low Priority
2022,SCH_073,Junagadh,Urban,Female,OBC,6,Low,66.6,27.93,Medium,Low,Yes,Illiterate,No,Yes,No,No,7,Illiterate,No,0,1,1,43,Medium,NO,Academic Disengagement,Counselling Support,Monitor
2024,SCH_122,Ahmedabad,Urban,Female,SC,2,High,93.9,4.94,High,High,Yes,Illiterate,Yes,Yes,No,No,8,Illiterate,Yes,0,0,0,18,Low,NO,Social Factor,Community Engagement,Low Priority
2020,SCH_077,Jamnagar,Urban,Male,SC,7,Low,66.3,12.5,High,Low,No,Graduate,Yes,Yes,No,No,2,Illiterate,Yes,0,1,1,24,Low,NO,Academic Disengagement,Counselling Support,Low Priority
2024,SCH_060,Dahod,Urban,Male,General,12,Low,46.2,19.24,High,Medium,No,Secondary,Yes,Yes,Yes,No,3,Secondary,Yes,1,1,1,38,Low,NO,Academic Disengagement,Counselling Support,Low Priority
2019,SCH_039,Valsad,Tribal,Male,SC,3,Very Low,70.9,18.24,High,High,Yes,Secondary,Yes,No,No,No,7,Illiterate,No,0,1,0,30,Low,NO,Travel Constraint,Provide Transport,Low Priority
2019,SCH_028,Mehsana,Rural,Female,OBC,2,High,44.6,4.93,Low,High,Yes,Primary,Yes,No,No,No,2,Secondary,No,0,0,1,24,Low,NO,Academic Disengagement,Counselling Support,Low Priority
2019,SCH_006,Banaskantha,Urban,Male,SC,5,Low,93.2,3.09,Medium,High,Yes,Illiterate,No,No,No,No,7,Primary,No,0,0,0,15,Low,NO,Social Factor,Community Engagement,Low Priority
2021,SCH_004,Junagadh,Tribal,Male,General,9,Low,87.5,13.45,Medium,Medium,Yes,Graduate,Yes,Yes,No,No,6,Primary,No,1,1,0,35,Low,NO,Travel Constraint,Provide Transport,Low Priority
2019,SCH_155,Valsad,Urban,Female,SC,2,Low,53.4,9.15,High,Low,Yes,Primary,Yes,No,No,Yes,5,Illiterate,Yes,0,1,1,36,Low,NO,Academic Disengagement,Counselling Support,Low Priority
2019,SCH_034,Bhavnagar,Tribal,Female,ST,6,High,67.0,21.48,High,Low,No,Graduate,No,Yes,No,No,3,Primary,Yes,0,1,1,36,Low,NO,Academic Disengagement,Counselling Support,Low Priority
2024,SCH_066,Patan,Urban,Female,SC,3,Very Low,55.8,22.43,Low,Medium,Yes,Primary,Yes,Yes,Yes,No,8,Primary,No,0,1,1,36,Low,NO,Academic Disengagement,Counselling Support,Low Priority
2025,SCH_062,Navsari,Urban,Male,SC,2,Low,63.2,10.22,Medium,Low,Yes,Illiterate,Yes,Yes,No,Yes,5,Illiterate,No,0,1,1,26,Low,NO,Academic Disengagement,Counselling Support,Low Priority
2021,SCH_038,Banaskantha,Rural,Female,SC,1,Very Low,80.3,16.91,Medium,Medium,No,Secondary,Yes,Yes,No,Yes,2,Graduate,Yes,0,1,0,28,Low,NO,Travel Constraint,Provide Transport,Low Priority
2019,SCH_163,Ahmedabad,Tribal,Male,OBC,4,High,48.3,11.44,Medium,Low,Yes,Primary,No,Yes,No,No,2,Illiterate,No,0,1,1,27,Low,NO,Academic Disengagement,Counselling Support,Low Priority
2021,SCH_127,Dahod,Rural,Female,OBC,7,High,65.4,15.36,High,High,Yes,Graduate,No,Yes,No,No,5,Illiterate,No,0,1,1,33,Low,NO,Academic Disengagement,Counselling Support,Low Priority
2025,SCH_163,Junagadh,Tribal,Male,General,1,High,75.0,18.92,Low,Medium,Yes,Illiterate,No,No,No,No,8,Secondary,No,0,1,0,36,Low,NO,Travel Constraint,Provide Transport,Low Priority
2021,SCH_035,Jamnagar,Urban,Female,General,10,Low,90.5,26.94,Low,Medium,No,Primary,Yes,No,Yes,Yes,6,Illiterate,No,1,1,0,45,Medium,NO,Travel Constraint,Provide Transport,Monitor
2022,SCH_071,Amreli,Urban,Male,OBC,11,Very Low,79.1,26.07,Medium,Medium,No,Primary,Yes,No,Yes,No,3,Primary,Yes,1,1,0,37,Low,NO,Travel Constraint,Provide Transport,Low Priority
2022,SCH_045,Vadodara,Rural,Male,General,5,Very Low,54.2,16.9,High,Low,Yes,Secondary,Yes,Yes,No,No,7,Secondary,Yes,0,1,1,38,Low,NO,Academic Disengagement,Counselling Support,Low Priority
2022,SCH_166,Vadodara,Urban,Female,OBC,8,High,51.6,13.59,Low,Medium,No,Primary,Yes,Yes,No,No,5,Primary,No,0,1,1,41,Medium,NO,Academic Disengagement,Counselling Support,Monitor
2025,SCH_156,Rajkot,Rural,Female,General,5,Medium,80.1,7.16,Medium,Low,No,Secondary,Yes,Yes,No,No,3,Graduate,Yes,0,1,0,34,Low,NO,Travel Constraint,Provide Transport,Low Priority
2025,SCH_039,Gandhinagar,Tribal,Male,OBC,6,Very Low,42.6,18.38,High,Medium,No,Secondary,Yes,Yes,No,No,4,Primary,No,0,1,1,43,Medium,NO,Academic Disengagement,Counselling Support,Monitor
2020,SCH_108,Morbi,Urban,Male,SC,9,Low,43.5,27.51,Low,Low,No,Primary,Yes,Yes,No,No,8,Secondary,Yes,1,1,1,60,Medium,NO,Academic Disengagement,Counselling Support,Monitor
2020,SCH_157,Bharuch,Urban,Female,SC,11,Low,52.0,20.76,Medium,Low,Yes,Primary,No,Yes,No,No,3,Illiterate,No,1,1,1,53,Medium,NO,Academic Disengagement,Counselling Support,Monitor
2021,SCH_013,Patan,Tribal,Male,General,9,Very Low,67.8,4.02,Low,Medium,Yes,Primary,Yes,Yes,No,No,7,Primary,No,1,0,1,49,Medium,NO,Academic Disengagement,Counselling Support,Monitor
2024,SCH_021,Bharuch,Tribal,Male,OBC,3,Medium,86.3,11.06,Medium,Low,Yes,Primary,Yes,No,No,Yes,3,Illiterate,No,0,1,0,33,Low,NO,Travel Constraint,Provide Transport,Low Priority
2021,SCH_052,Banaskantha,Rural,Male,SC,8,Medium,53.9,5.69,High,High,Yes,Primary,No,No,No,No,6,Secondary,No,0,1,1,28,Low,NO,Academic Disengagement,Counselling Support,Low Priority
2022,SCH_171,Dahod,Tribal,Male,OBC,9,Medium,44.3,20.07,Low,Medium,Yes,Illiterate,Yes,Yes,No,No,5,Graduate,No,1,1,1,43,Medium,NO,Academic Disengagement,Counselling Support,Monitor
2019,SCH_041,Ahmedabad,Rural,Male,General,12,High,66.4,9.53,High,High,Yes,Illiterate,Yes,No,No,No,5,Secondary,No,1,1,1,41,Medium,NO,Academic Disengagement,Counselling Support,Monitor
2021,SCH_158,Anand,Rural,Male,SC,5,Low,97.5,20.54,Low,High,Yes,Illiterate,Yes,Yes,No,No,3,Illiterate,Yes,0,1,0,24,Low,NO,Travel Constraint,Provide Transport,Low Priority
2024,SCH_084,Anand,Rural,Female,SC,11,Medium,94.9,7.08,Medium,Medium,Yes,Illiterate,No,Yes,Yes,No,8,Secondary,Yes,1,1,0,35,Low,NO,Travel Constraint,Provide Transport,Low Priority
2022,SCH_034,Ahmedabad,Rural,Male,General,10,Medium,70.5,2.36,Low,Medium,No,Illiterate,Yes,Yes,Yes,No,6,Primary,No,1,0,0,44,Medium,NO,Social Factor,Community Engagement,Monitor
2019,SCH_002,Surat,Urban,Female,OBC,7,Medium,58.4,15.23,High,Low,No,Illiterate,Yes,No,No,No,6,Illiterate,No,0,1,1,37,Low,NO,Academic Disengagement,Counselling Support,Low Priority
2023,SCH_050,Patan,Rural,Female,General,7,Medium,86.1,15.92,High,High,Yes,Secondary,Yes,Yes,Yes,No,2,Primary,No,0,1,0,28,Low,NO,Travel Constraint,Provide Transport,Low Priority
2022,SCH_112,Anand,Rural,Female,OBC,3,Low,76.3,5.77,High,Medium,No,Graduate,No,No,No,No,6,Illiterate,No,0,1,0,25,Low,NO,Travel Constraint,Provide Transport,Low Priority
2021,SCH_080,Navsari,Rural,Male,OBC,2,Medium,64.4,5.5,High,Medium,No,Primary,No,No,No,Yes,7,Secondary,Yes,0,1,1,25,Low,NO,Academic Disengagement,Counselling Support,Low Priority
2021,SCH_159,Gandhinagar,Rural,Female,General,5,Low,92.3,25.87,Medium,Medium,No,Illiterate,Yes,Yes,No,No,7,Illiterate,No,0,1,0,18,Low,NO,Travel Constraint,Provide Transport,Low Priority
2023,SCH_064,Patan,Urban,Female,SC,9,Medium,65.0,24.11,Medium,Medium,Yes,Illiterate,Yes,No,No,No,8,Primary,No,1,1,1,40,Low,NO,Academic Disengagement,Counselling Support,Low Priority
2022,SCH_038,Morbi,Urban,Male,General,2,High,79.3,23.85,Medium,Medium,Yes,Primary,Yes,No,Yes,No,2,Primary,Yes,0,1,0,25,Low,NO,Travel Constraint,Provide Transport,Low Priority
2022,SCH_177,Banaskantha,Rural,Male,SC,9,Low,70.7,16.43,Medium,Medium,No,Primary,Yes,Yes,No,No,5,Graduate,No,1,1,0,49,Medium,NO,Travel Constraint,Provide Transport,Monitor
2024,SCH_106,Junagadh,Rural,Female,OBC,7,Low,81.0,22.17,Low,Medium,Yes,Graduate,No,No,No,No,7,Primary,No,0,1,0,26,Low,NO,Travel Constraint,Provide Transport,Low Priority
2025,SCH_084,Sabarkantha,Urban,Male,OBC,7,Low,55.0,26.47,Medium,Low,Yes,Secondary,No,Yes,No,No,4,Graduate,Yes,0,1,1,35,Low,NO,Academic Disengagement,Counselling Support,Low Priority
2023,SCH_168,Gandhinagar,Rural,Male,ST,5,Low,89.3,18.95,Medium,Medium,No,Secondary,Yes,No,No,No,3,Graduate,No,0,1,0,25,Low,NO,Travel Constraint,Provide Transport,Low Priority
2021,SCH_063,Dahod,Rural,Male,SC,3,Low,72.1,24.54,High,Medium,Yes,Graduate,Yes,Yes,No,No,3,Illiterate,No,0,1,0,23,Low,NO,Travel Constraint,Provide Transport,Low Priority
2021,SCH_110,Kutch,Tribal,Male,General,8,Medium,98.8,10.94,High,High,No,Secondary,Yes,No,No,No,8,Primary,Yes,0,1,0,28,Low,NO,Travel Constraint,Provide Transport,Low Priority
2024,SCH_026,Morbi,Urban,Female,OBC,7,Very Low,60.6,14.47,Low,Medium,Yes,Graduate,Yes,Yes,No,No,2,Graduate,No,0,1,1,51,Medium,NO,Academic Disengagement,Counselling Support,Monitor
2019,SCH_090,Amreli,Tribal,Female,OBC,1,Very Low,57.7,18.98,Low,High,Yes,Secondary,Yes,Yes,No,No,5,Primary,Yes,0,1,1,56,Medium,NO,Academic Disengagement,Counselling Support,Monitor
2025,SCH_084,Kutch,Tribal,Male,OBC,3,Very Low,52.3,27.36,Low,High,Yes,Secondary,No,No,No,No,5,Secondary,Yes,0,1,1,38,Low,NO,Academic Disengagement,Counselling Support,Low Priority
2019,SCH_149,Jamnagar,Urban,Female,SC,9,Medium,75.6,11.71,Medium,High,Yes,Primary,No,Yes,No,No,7,Illiterate,No,1,1,0,26,Low,NO,Travel Constraint,Provide Transport,Low Priority
2020,SCH_078,Bhavnagar,Urban,Male,SC,12,Medium,44.5,11.44,Medium,Low,Yes,Secondary,No,Yes,No,No,8,Primary,No,1,1,1,40,Low,NO,Academic Disengagement,Counselling Support,Low Priority
2023,SCH_079,Amreli,Rural,Male,SC,10,Very Low,95.1,18.81,Medium,Low,Yes,Primary,Yes,Yes,Yes,No,3,Illiterate,No,1,1,0,56,Medium,NO,Travel Constraint,Provide Transport,Monitor
2019,SCH_119,Kutch,Urban,Female,General,11,Low,99.2,7.86,Medium,High,Yes,Illiterate,Yes,Yes,No,No,6,Primary,Yes,1,1,0,38,Low,NO,Travel Constraint,Provide Transport,Low Priority
2023,SCH_011,Sabarkantha,Rural,Male,OBC,11,Very Low,65.9,23.14,High,High,Yes,Illiterate,Yes,Yes,Yes,No,3,Graduate,Yes,1,1,1,61,Medium,NO,Academic Disengagement,Counselling Support,Monitor
2020,SCH_141,Mehsana,Urban,Male,OBC,11,Very Low,54.0,21.96,Medium,Low,Yes,Graduate,Yes,Yes,No,No,4,Secondary,No,1,1,1,34,Low,NO,Academic Disengagement,Counselling Support,Low Priority
2022,SCH_139,Valsad,Tribal,Male,SC,2,Low,45.9,22.15,High,Medium,Yes,Graduate,Yes,Yes,Yes,No,2,Secondary,Yes,0,1,1,39,Low,NO,Academic Disengagement,Counselling Support,Low Priority
2019,SCH_031,Bhavnagar,Urban,Female,General,1,Very Low,70.4,18.78,Medium,Low,No,Primary,No,Yes,No,Yes,5,Primary,Yes,0,1,0,43,Medium,NO,Travel Constraint,Provide Transport,Monitor
2020,SCH_053,Bharuch,Rural,Female,OBC,2,Low,83.7,21.32,Low,High,No,Secondary,Yes,No,No,No,5,Secondary,No,0,1,0,26,Low,NO,Travel Constraint,Provide Transport,Low Priority
2020,SCH_066,Valsad,Urban,Female,ST,9,Very Low,99.8,25.9,Medium,High,Yes,Illiterate,Yes,No,No,No,3,Secondary,No,1,1,0,38,Low,NO,Travel Constraint,Provide Transport,Low Priority
2024,SCH_148,Bhavnagar,Rural,Male,OBC,1,Medium,96.7,21.4,Low,High,Yes,Illiterate,Yes,Yes,No,No,8,Illiterate,No,0,1,0,30,Low,NO,Travel Constraint,Provide Transport,Low Priority
2020,SCH_154,Amreli,Tribal,Female,ST,5,Very Low,49.8,22.18,Low,Medium,No,Illiterate,Yes,Yes,No,No,6,Secondary,Yes,0,1,1,43,Medium,NO,Academic Disengagement,Counselling Support,Monitor
2025,SCH_140,Bharuch,Rural,Male,OBC,2,Medium,94.0,13.81,Medium,Medium,Yes,Primary,Yes,No,No,No,8,Primary,No,0,1,0,9,Low,NO,Travel Constraint,Provide Transport,Low Priority
2021,SCH_056,Vadodara,Rural,Female,ST,3,Very Low,89.0,5.22,High,High,No,Primary,Yes,No,No,No,4,Primary,No,0,1,0,39,Low,NO,Travel Constraint,Provide Transport,Low Priority
2020,SCH_052,Jamnagar,Rural,Male,OBC,6,Very Low,79.8,11.78,Low,Medium,Yes,Primary,Yes,Yes,No,No,5,Illiterate,No,0,1,0,31,Low,NO,Travel Constraint,Provide Transport,Low Priority
2021,SCH_099,Vadodara,Rural,Female,General,6,Medium,52.6,0.79,Medium,Medium,Yes,Graduate,Yes,Yes,Yes,No,6,Illiterate,No,0,0,1,31,Low,NO,Academic Disengagement,Counselling Support,Low Priority
2019,SCH_100,Bharuch,Urban,Female,OBC,2,Very Low,66.2,26.84,Medium,Low,No,Graduate,Yes,Yes,Yes,No,3,Secondary,Yes,0,1,1,43,Medium,NO,Academic Disengagement,Counselling Support,Monitor
2025,SCH_075,Vadodara,Rural,Male,OBC,6,Very Low,64.7,9.19,High,Medium,No,Illiterate,No,Yes,Yes,No,8,Illiterate,No,0,1,1,46,Medium,NO,Academic Disengagement,Counselling Support,Monitor
2021,SCH_077,Bhavnagar,Rural,Female,ST,1,Low,63.5,20.71,High,High,Yes,Illiterate,Yes,No,No,No,7,Illiterate,Yes,0,1,1,32,Low,NO,Academic Disengagement,Counselling Support,Low Priority
2021,SCH_106,Surat,Rural,Female,SC,8,Very Low,59.9,9.32,Medium,Medium,No,Secondary,No,No,No,No,5,Illiterate,Yes,0,1,1,43,Medium,NO,Academic Disengagement,Counselling Support,Monitor
2020,SCH_137,Navsari,Rural,Female,OBC,9,Low,51.8,6.08,High,Medium,Yes,Graduate,Yes,Yes,No,No,7,Illiterate,No,1,1,1,33,Low,NO,Academic Disengagement,Counselling Support,Low Priority
2020,SCH_173,Ahmedabad,Rural,Female,OBC,2,Very Low,82.7,23.47,Medium,High,No,Illiterate,No,No,Yes,No,8,Primary,No,0,1,0,39,Low,NO,Travel Constraint,Provide Transport,Low Priority
2023,SCH_095,Valsad,Rural,Female,General,4,Low,45.4,5.13,Medium,Low,Yes,Illiterate,No,No,No,No,7,Primary,No,0,1,1,36,Low,NO,Academic Disengagement,Counselling Support,Low Priority
2021,SCH_058,Sabarkantha,Rural,Female,SC,3,Medium,95.6,18.7,Medium,Medium,No,Illiterate,No,No,No,No,4,Illiterate,No,0,1,0,15,Low,NO,Travel Constraint,Provide Transport,Low Priority
2025,SCH_176,Mehsana,Rural,Male,General,6,Very Low,75.3,16.75,Medium,Medium,No,Graduate,No,No,No,No,6,Graduate,Yes,0,1,0,33,Low,NO,Travel Constraint,Provide Transport,Low Priority
2024,SCH_050,Vadodara,Rural,Female,ST,4,Low,81.5,22.17,High,Medium,Yes,Primary,Yes,Yes,No,No,2,Illiterate,Yes,0,1,0,37,Low,NO,Travel Constraint,Provide Transport,Low Priority
2019,SCH_065,Dahod,Urban,Male,OBC,4,Low,42.4,15.38,High,Medium,Yes,Illiterate,Yes,Yes,No,No,6,Secondary,No,0,1,1,31,Low,NO,Academic Disengagement,Counselling Support,Low Priority
2020,SCH_005,Bhavnagar,Rural,Male,OBC,7,Very Low,74.9,14.41,Medium,Low,Yes,Illiterate,No,No,No,No,4,Primary,Yes,0,1,0,24,Low,NO,Travel Constraint,Provide Transport,Low Priority
2022,SCH_036,Sabarkantha,Urban,Female,SC,5,Medium,56.6,6.15,Medium,Low,No,Secondary,Yes,No,No,No,7,Primary,Yes,0,1,1,32,Low,NO,Academic Disengagement,Counselling Support,Low Priority
2019,SCH_114,Surat,Urban,Female,General,12,Very Low,43.1,4.01,Medium,Medium,Yes,Illiterate,Yes,Yes,No,No,6,Illiterate,No,1,0,1,37,Low,NO,Academic Disengagement,Counselling Support,Low Priority
2023,SCH_092,Rajkot,Rural,Female,General,5,Very Low,79.1,5.99,Medium,High,No,Secondary,Yes,Yes,No,No,4,Secondary,No,0,1,0,20,Low,NO,Travel Constraint,Provide Transport,Low Priority
2025,SCH_144,Junagadh,Urban,Female,General,8,Low,78.2,17.05,Medium,Medium,Yes,Secondary,Yes,Yes,No,No,4,Secondary,No,0,1,0,12,Low,NO,Travel Constraint,Provide Transport,Low Priority
2025,SCH_092,Sabarkantha,Tribal,Male,General,2,Low,66.1,15.45,Low,Medium,No,Graduate,No,Yes,No,No,4,Primary,Yes,0,1,1,31,Low,NO,Academic Disengagement,Counselling Support,Low Priority
2020,SCH_037,Morbi,Tribal,Female,ST,10,Very Low,91.7,2.6,Low,High,No,Secondary,Yes,Yes,No,No,2,Graduate,No,1,0,0,48,Medium,NO,Economic Pressure,Provide Scholarship,Monitor
2020,SCH_020,Banaskantha,Rural,Female,General,7,Low,71.3,6.71,Low,Low,Yes,Secondary,Yes,Yes,No,No,8,Primary,No,0,1,0,30,Low,NO,Travel Constraint,Provide Transport,Low Priority
2020,SCH_057,Anand,Rural,Female,General,6,High,67.2,7.77,Medium,High,No,Illiterate,Yes,Yes,No,No,6,Primary,No,0,1,1,28,Low,NO,Academic Disengagement,Counselling Support,Low Priority
2020,SCH_140,Navsari,Rural,Male,General,7,High,53.2,26.89,Low,Medium,Yes,Graduate,No,Yes,No,No,4,Graduate,Yes,0,1,1,27,Low,NO,Academic Disengagement,Counselling Support,Low Priority
2024,SCH_173,Kutch,Tribal,Male,ST,5,Low,66.2,24.26,Low,Medium,Yes,Secondary,Yes,No,Yes,No,2,Secondary,No,0,1,1,49,Medium,NO,Academic Disengagement,Counselling Support,Monitor
2025,SCH_139,Junagadh,Urban,Female,General,10,Medium,80.7,5.38,High,High,Yes,Illiterate,Yes,No,No,No,3,Secondary,No,1,1,0,36,Low,NO,Travel Constraint,Provide Transport,Low Priority
2019,SCH_180,Gandhinagar,Rural,Male,ST,10,Medium,50.0,27.17,Medium,Medium,No,Secondary,Yes,No,No,No,4,Primary,Yes,1,1,1,49,Medium,NO,Academic Disengagement,Counselling Support,Monitor
2020,SCH_164,Kutch,Urban,Female,SC,7,Medium,94.5,1.99,High,High,Yes,Secondary,Yes,No,Yes,No,4,Illiterate,No,0,0,0,27,Low,NO,Social Factor,Community Engagement,Low Priority
2020,SCH_136,Bhavnagar,Urban,Male,General,1,Medium,98.4,3.34,Medium,High,No,Primary,Yes,Yes,No,No,6,Secondary,Yes,0,0,0,21,Low,NO,Social Factor,Community Engagement,Low Priority
2025,SCH_087,Jamnagar,Tribal,Female,SC,5,Medium,96.6,18.16,Medium,Medium,Yes,Primary,No,Yes,No,No,2,Primary,No,0,1,0,32,Low,NO,Travel Constraint,Provide Transport,Low Priority
2025,SCH_164,Banaskantha,Rural,Male,General,1,Medium,85.7,16.87,Low,High,Yes,Graduate,Yes,No,No,No,7,Illiterate,Yes,0,1,0,26,Low,NO,Travel Constraint,Provide Transport,Low Priority
2022,SCH_166,Junagadh,Urban,Female,OBC,5,Medium,88.4,15.78,Medium,Medium,No,Primary,No,Yes,No,No,2,Illiterate,Yes,0,1,0,13,Low,NO,Travel Constraint,Provide Transport,Low Priority
2023,SCH_127,Amreli,Rural,Male,SC,6,Low,68.5,5.73,Medium,Medium,Yes,Graduate,Yes,Yes,No,No,5,Primary,Yes,0,1,1,34,Low,NO,Academic Disengagement,Counselling Support,Low Priority
2019,SCH_044,Dahod,Tribal,Female,OBC,9,Low,52.8,23.15,Low,High,Yes,Primary,Yes,No,No,No,3,Secondary,Yes,1,1,1,60,Medium,NO,Academic Disengagement,Counselling Support,Monitor
2023,SCH_001,Ahmedabad,Tribal,Male,OBC,12,High,62.0,10.03,Low,Medium,No,Primary,Yes,No,No,No,2,Primary,Yes,1,1,1,56,Medium,NO,Academic Disengagement,Counselling Support,Monitor
2022,SCH_039,Kutch,Tribal,Female,General,9,Medium,82.3,1.45,Medium,High,Yes,Primary,Yes,No,No,No,5,Illiterate,Yes,1,0,0,34,Low,NO,Social Factor,Community Engagement,Low Priority
2024,SCH_168,Rajkot,Tribal,Female,General,1,Low,82.3,0.33,Low,Low,Yes,Illiterate,Yes,Yes,No,No,6,Illiterate,Yes,0,0,0,35,Low,NO,Social Factor,Community Engagement,Low Priority
2024,SCH_020,Mehsana,Tribal,Male,OBC,6,Low,89.3,6.86,Medium,Low,Yes,Illiterate,Yes,Yes,No,No,2,Primary,No,0,1,0,15,Low,NO,Travel Constraint,Provide Transport,Low Priority
2023,SCH_005,Morbi,Tribal,Female,SC,5,Medium,76.6,11.72,Medium,Medium,No,Primary,Yes,No,Yes,Yes,6,Primary,No,0,1,0,32,Low,NO,Travel Constraint,Provide Transport,Low Priority
2023,SCH_026,Navsari,Rural,Female,OBC,12,High,94.9,9.93,Medium,Medium,Yes,Secondary,No,Yes,No,No,8,Primary,No,1,1,0,34,Low,NO,Travel Constraint,Provide Transport,Low Priority
2023,SCH_087,Anand,Tribal,Female,General,3,Medium,46.5,2.22,High,High,Yes,Primary,Yes,Yes,No,No,3,Primary,Yes,0,0,1,33,Low,NO,Academic Disengagement,Counselling Support,Low Priority
2022,SCH_153,Banaskantha,Tribal,Female,OBC,8,Medium,83.5,2.59,Medium,Medium,Yes,Secondary,Yes,Yes,Yes,No,2,Secondary,Yes,0,0,0,28,Low,NO,Social Factor,Community Engagement,Low Priority
2025,SCH_175,Ahmedabad,Tribal,Female,OBC,5,Low,52.0,12.45,Low,Low,No,Illiterate,Yes,Yes,No,No,8,Illiterate,Yes,0,1,1,45,Medium,NO,Academic Disengagement,Counselling Support,Monitor
2019,SCH_121,Patan,Urban,Male,SC,9,Medium,50.9,21.42,Medium,Medium,No,Graduate,Yes,Yes,No,No,8,Illiterate,No,1,1,1,31,Low,NO,Academic Disengagement,Counselling Support,Low Priority
2023,SCH_050,Kutch,Urban,Female,OBC,12,Low,64.1,6.28,Low,High,Yes,Graduate,Yes,No,No,No,7,Secondary,No,1,1,1,52,Medium,NO,Academic Disengagement,Counselling Support,Monitor
2025,SCH_034,Jamnagar,Rural,Female,OBC,10,Medium,91.6,12.94,High,High,Yes,Illiterate,No,No,No,No,2,Illiterate,No,1,1,0,36,Low,NO,Travel Constraint,Provide Transport,Low Priority
2022,SCH_083,Jamnagar,Rural,Female,ST,10,Medium,77.1,26.4,Medium,Medium,No,Illiterate,Yes,Yes,No,Yes,8,Graduate,Yes,1,1,0,38,Low,NO,Travel Constraint,Provide Transport,Low Priority
2019,SCH_149,Amreli,Tribal,Female,OBC,7,Very Low,63.8,2.08,High,Medium,Yes,Illiterate,No,Yes,No,No,5,Secondary,Yes,0,0,1,32,Low,NO,Academic Disengagement,Counselling Support,Low Priority
2025,SCH_077,Mehsana,Tribal,Female,SC,2,High,68.0,3.87,Medium,High,Yes,Illiterate,Yes,Yes,No,No,7,Primary,No,0,0,1,33,Low,NO,Academic Disengagement,Counselling Support,Low Priority
2022,SCH_028,Anand,Urban,Male,OBC,2,Low,57.2,2.19,High,Medium,Yes,Illiterate,Yes,Yes,Yes,No,4,Secondary,No,0,0,1,34,Low,NO,Academic Disengagement,Counselling Support,Low Priority
2021,SCH_075,Surat,Rural,Male,General,2,Very Low,65.3,26.43,Low,High,Yes,Graduate,Yes,Yes,No,No,5,Graduate,No,0,1,1,47,Medium,NO,Academic Disengagement,Counselling Support,Monitor
2024,SCH_024,Dahod,Tribal,Male,OBC,11,High,99.9,21.03,High,Medium,Yes,Illiterate,Yes,No,Yes,No,8,Primary,No,1,1,0,42,Medium,NO,Travel Constraint,Provide Transport,Monitor
2025,SCH_017,Bhavnagar,Tribal,Female,General,6,Very Low,96.7,11.88,Medium,Medium,Yes,Illiterate,No,No,No,No,4,Graduate,Yes,0,1,0,21,Low,NO,Travel Constraint,Provide Transport,Low Priority
2021,SCH_146,Anand,Rural,Female,OBC,7,Low,98.5,6.1,Medium,Low,No,Primary,Yes,No,No,No,5,Primary,No,0,1,0,33,Low,NO,Travel Constraint,Provide Transport,Low Priority
2022,SCH_087,Vadodara,Urban,Female,ST,2,Low,97.2,26.65,Medium,Medium,Yes,Primary,Yes,Yes,No,No,7,Illiterate,No,0,1,0,26,Low,NO,Travel Constraint,Provide Transport,Low Priority
2024,SCH_157,Mehsana,Tribal,Male,General,11,Low,58.0,4.86,Low,Low,Yes,Secondary,Yes,Yes,Yes,Yes,7,Primary,Yes,1,0,1,71,High,YES,Academic Disengagement,Counselling Support,Immediate
2023,SCH_114,Kutch,Tribal,Male,OBC,4,High,72.2,12.15,Low,Medium,Yes,Secondary,Yes,Yes,No,No,5,Primary,No,0,1,0,28,Low,NO,Travel Constraint,Provide Transport,Low Priority
2022,SCH_069,Kutch,Tribal,Female,OBC,7,Low,52.1,1.79,Low,Medium,No,Primary,No,No,No,No,3,Illiterate,No,0,0,1,34,Low,NO,Academic Disengagement,Counselling Support,Low Priority
2021,SCH_157,Jamnagar,Rural,Male,General,4,Very Low,40.7,4.59,Low,Medium,Yes,Secondary,Yes,Yes,No,No,4,Secondary,No,0,0,1,28,Low,NO,Academic Disengagement,Counselling Support,Low Priority
2022,SCH_064,Ahmedabad,Rural,Male,ST,7,Low,50.9,16.45,Medium,Low,Yes,Secondary,No,Yes,Yes,No,6,Primary,Yes,0,1,1,47,Medium,NO,Academic Disengagement,Counselling Support,Monitor
2024,SCH_095,Mehsana,Rural,Male,SC,6,Low,44.8,19.01,Medium,High,No,Illiterate,Yes,Yes,No,Yes,5,Illiterate,Yes,0,1,1,38,Low,NO,Academic Disengagement,Counselling Support,Low Priority
2025,SCH_015,Rajkot,Tribal,Female,OBC,3,Very Low,79.4,22.92,High,Low,Yes,Illiterate,Yes,No,No,No,3,Primary,No,0,1,0,31,Low,NO,Travel Constraint,Provide Transport,Low Priority
2022,SCH_063,Bharuch,Tribal,Female,OBC,9,High,67.6,8.83,Low,High,No,Secondary,No,Yes,No,No,7,Primary,No,1,1,1,56,Medium,NO,Academic Disengagement,Counselling Support,Monitor
2021,SCH_145,Sabarkantha,Tribal,Female,General,7,Low,51.2,15.76,Medium,Medium,Yes,Illiterate,No,No,No,No,3,Primary,No,0,1,1,36,Low,NO,Academic Disengagement,Counselling Support,Low Priority
2022,SCH_002,Banaskantha,Urban,Female,General,6,Low,41.2,19.48,Low,Low,Yes,Primary,Yes,Yes,No,No,3,Illiterate,Yes,0,1,1,40,Low,NO,Academic Disengagement,Counselling Support,Low Priority
2021,SCH_054,Junagadh,Rural,Male,ST,12,High,46.3,9.5,Medium,Medium,No,Primary,No,Yes,No,Yes,7,Primary,No,1,1,1,41,Medium,NO,Academic Disengagement,Counselling Support,Monitor
2024,SCH_167,Ahmedabad,Urban,Female,General,1,Low,99.4,4.79,Low,High,Yes,Secondary,Yes,Yes,No,No,7,Illiterate,No,0,0,0,17,Low,NO,Social Factor,Community Engagement,Low Priority
2019,SCH_076,Morbi,Tribal,Male,ST,3,Low,97.5,13.11,Low,High,Yes,Primary,Yes,No,No,No,2,Primary,No,0,1,0,36,Low,NO,Travel Constraint,Provide Transport,Low Priority
2019,SCH_009,Dahod,Tribal,Male,SC,9,Low,66.4,1.27,High,Low,Yes,Primary,No,No,No,No,2,Illiterate,Yes,1,0,1,51,Medium,NO,Academic Disengagement,Counselling Support,Monitor
2019,SCH_034,Rajkot,Rural,Male,General,10,Low,74.6,24.11,Low,High,Yes,Primary,No,No,No,No,8,Primary,No,1,1,0,43,Medium,NO,Travel Constraint,Provide Transport,Monitor
2021,SCH_103,Rajkot,Urban,Male,General,6,Low,63.0,23.11,Medium,Low,No,Illiterate,Yes,Yes,No,Yes,7,Secondary,Yes,0,1,1,26,Low,NO,Academic Disengagement,Counselling Support,Low Priority
2025,SCH_037,Bhavnagar,Tribal,Male,SC,8,Low,56.7,15.27,Medium,Medium,Yes,Illiterate,Yes,No,No,No,2,Secondary,No,0,1,1,41,Medium,NO,Academic Disengagement,Counselling Support,Monitor
2021,SCH_084,Banaskantha,Rural,Male,ST,7,Medium,87.0,22.74,Medium,High,Yes,Primary,Yes,Yes,No,No,5,Secondary,No,0,1,0,24,Low,NO,Travel Constraint,Provide Transport,Low Priority
2024,SCH_135,Bharuch,Tribal,Female,SC,9,Low,42.5,4.66,Low,High,Yes,Graduate,Yes,Yes,No,No,2,Illiterate,Yes,1,0,1,62,Medium,NO,Academic Disengagement,Counselling Support,Monitor
2021,SCH_075,Mehsana,Rural,Male,General,4,Very Low,66.6,5.22,Low,Medium,Yes,Illiterate,No,Yes,No,No,5,Illiterate,No,0,1,1,35,Low,NO,Academic Disengagement,Counselling Support,Low Priority
2022,SCH_152,Bharuch,Rural,Female,OBC,4,Very Low,46.0,21.81,Medium,High,Yes,Illiterate,No,Yes,No,No,7,Secondary,Yes,0,1,1,43,Medium,NO,Academic Disengagement,Counselling Support,Monitor
2022,SCH_001,Gandhinagar,Urban,Female,General,10,Very Low,91.8,3.99,Medium,Low,Yes,Secondary,Yes,No,No,No,8,Illiterate,No,1,0,0,24,Low,NO,Economic Pressure,Provide Scholarship,Low Priority
2025,SCH_035,Valsad,Rural,Male,SC,11,Low,63.5,27.29,Low,Medium,No,Graduate,Yes,No,No,Yes,4,Primary,No,1,1,1,49,Medium,NO,Academic Disengagement,Counselling Support,Monitor
2024,SCH_097,Ahmedabad,Rural,Female,OBC,6,Very Low,59.0,13.62,Medium,Medium,No,Primary,Yes,Yes,Yes,No,4,Graduate,No,0,1,1,41,Medium,NO,Academic Disengagement,Counselling Support,Monitor
2019,SCH_098,Patan,Tribal,Female,OBC,1,Low,49.8,9.15,Medium,Medium,No,Primary,Yes,Yes,No,No,2,Illiterate,No,0,1,1,45,Medium,NO,Academic Disengagement,Counselling Support,Monitor
2020,SCH_061,Gandhinagar,Rural,Male,OBC,2,Medium,57.1,20.97,Low,High,Yes,Primary,Yes,Yes,Yes,No,2,Primary,No,0,1,1,44,Medium,NO,Academic Disengagement,Counselling Support,Monitor
2021,SCH_080,Sabarkantha,Rural,Male,General,2,Medium,47.6,10.91,Low,High,Yes,Primary,Yes,Yes,No,No,5,Secondary,No,0,1,1,33,Low,NO,Academic Disengagement,Counselling Support,Low Priority
2021,SCH_180,Rajkot,Urban,Female,OBC,2,Medium,73.1,5.32,Medium,Low,No,Illiterate,No,No,No,No,5,Illiterate,No,0,1,0,22,Low,NO,Travel Constraint,Provide Transport,Low Priority
2023,SCH_035,Junagadh,Tribal,Male,OBC,4,Very Low,75.4,27.25,Low,High,Yes,Primary,Yes,Yes,No,No,8,Secondary,No,0,1,0,28,Low,NO,Travel Constraint,Provide Transport,Low Priority
2022,SCH_131,Sabarkantha,Rural,Male,SC,1,Medium,61.7,21.1,High,Low,Yes,Illiterate,Yes,Yes,No,No,3,Graduate,Yes,0,1,1,32,Low,NO,Academic Disengagement,Counselling Support,Low Priority
2022,SCH_069,Patan,Rural,Female,General,5,High,94.1,25.87,High,Medium,No,Secondary,Yes,No,No,No,6,Illiterate,No,0,1,0,12,Low,NO,Travel Constraint,Provide Transport,Low Priority
2025,SCH_088,Anand,Rural,Female,OBC,8,Very Low,45.1,17.43,High,Low,No,Illiterate,Yes,Yes,No,No,3,Illiterate,No,0,1,1,51,Medium,NO,Academic Disengagement,Counselling Support,Monitor
2024,SCH_065,Gandhinagar,Urban,Male,OBC,4,Low,53.3,3.59,Medium,High,No,Graduate,Yes,Yes,No,No,7,Illiterate,Yes,0,0,1,16,Low,NO,Academic Disengagement,Counselling Support,Low Priority
2025,SCH_162,Dahod,Urban,Male,OBC,4,High,48.9,18.94,Low,High,No,Secondary,Yes,Yes,No,No,8,Secondary,No,0,1,1,37,Low,NO,Academic Disengagement,Counselling Support,Low Priority
2025,SCH_055,Banaskantha,Urban,Female,OBC,7,Low,97.8,10.59,Low,Medium,No,Secondary,Yes,Yes,No,No,2,Secondary,Yes,0,1,0,34,Low,NO,Travel Constraint,Provide Transport,Low Priority
2024,SCH_123,Vadodara,Rural,Male,General,7,Medium,91.0,0.51,Medium,Low,Yes,Illiterate,Yes,Yes,No,No,7,Illiterate,Yes,0,0,0,7,Low,NO,Social Factor,Community Engagement,Low Priority
2025,SCH_025,Ahmedabad,Rural,Female,General,3,High,47.7,12.35,Medium,Medium,Yes,Primary,Yes,No,No,No,3,Graduate,Yes,0,1,1,30,Low,NO,Academic Disengagement,Counselling Support,Low Priority
2025,SCH_007,Gandhinagar,Urban,Male,SC,7,Medium,66.9,3.51,High,High,No,Secondary,Yes,Yes,No,No,5,Illiterate,No,0,0,1,20,Low,NO,Academic Disengagement,Counselling Support,Low Priority
2024,SCH_111,Surat,Tribal,Male,OBC,9,High,88.5,9.89,Low,Medium,No,Primary,No,No,No,No,2,Primary,No,1,1,0,27,Low,NO,Travel Constraint,Provide Transport,Low Priority
2023,SCH_027,Kutch,Rural,Male,OBC,5,Very Low,66.5,26.47,Medium,Low,Yes,Primary,Yes,Yes,No,No,2,Primary,No,0,1,1,48,Medium,NO,Academic Disengagement,Counselling Support,Monitor
2019,SCH_040,Bhavnagar,Tribal,Female,ST,9,High,47.9,24.36,Medium,Medium,Yes,Secondary,Yes,No,No,Yes,7,Illiterate,Yes,1,1,1,59,Medium,NO,Academic Disengagement,Counselling Support,Monitor
2024,SCH_024,Surat,Urban,Male,OBC,6,Very Low,74.8,13.43,Low,Low,No,Graduate,Yes,No,No,No,4,Primary,Yes,0,1,0,36,Low,NO,Travel Constraint,Provide Transport,Low Priority
2025,SCH_050,Navsari,Tribal,Male,General,12,Low,73.0,6.33,Low,Medium,No,Primary,Yes,No,No,No,5,Illiterate,No,1,1,0,34,Low,NO,Travel Constraint,Provide Transport,Low Priority
2024,SCH_065,Rajkot,Tribal,Female,OBC,2,Low,79.0,9.77,Medium,Medium,Yes,Primary,Yes,No,No,No,3,Illiterate,Yes,0,1,0,14,Low,NO,Travel Constraint,Provide Transport,Low Priority
2020,SCH_101,Jamnagar,Rural,Male,ST,9,High,48.1,3.79,High,Medium,No,Secondary,Yes,Yes,No,No,3,Primary,No,1,0,1,43,Medium,NO,Academic Disengagement,Counselling Support,Monitor
2021,SCH_175,Rajkot,Urban,Male,OBC,8,High,49.5,16.46,Medium,Medium,No,Primary,Yes,Yes,Yes,No,5,Illiterate,Yes,0,1,1,37,Low,NO,Academic Disengagement,Counselling Support,Low Priority
2025,SCH_015,Navsari,Rural,Female,OBC,5,High,93.7,10.73,High,Low,Yes,Primary,Yes,No,No,No,2,Primary,No,0,1,0,25,Low,NO,Travel Constraint,Provide Transport,Low Priority
2021,SCH_038,Patan,Tribal,Female,OBC,10,High,56.1,16.49,Low,Low,No,Secondary,No,Yes,No,Yes,8,Secondary,No,1,1,1,55,Medium,NO,Academic Disengagement,Counselling Support,Monitor
2019,SCH_019,Junagadh,Rural,Female,OBC,10,Very Low,90.1,10.96,Low,Medium,No,Illiterate,Yes,Yes,No,No,4,Secondary,Yes,1,1,0,49,Medium,NO,Travel Constraint,Provide Transport,Monitor
2023,SCH_132,Ahmedabad,Tribal,Female,General,5,Medium,49.6,13.23,Low,Medium,Yes,Secondary,Yes,Yes,Yes,No,2,Secondary,Yes,0,1,1,32,Low,NO,Academic Disengagement,Counselling Support,Low Priority
2019,SCH_103,Anand,Rural,Male,General,1,Low,86.2,4.62,High,High,Yes,Secondary,Yes,Yes,No,No,4,Illiterate,Yes,0,0,0,15,Low,NO,Social Factor,Community Engagement,Low Priority
2024,SCH_030,Morbi,Rural,Male,SC,7,Low,80.0,25.6,Medium,Low,Yes,Graduate,No,No,No,No,3,Graduate,Yes,0,1,0,16,Low,NO,Travel Constraint,Provide Transport,Low Priority
2025,SCH_135,Patan,Urban,Female,General,7,Low,96.4,19.04,Medium,High,Yes,Secondary,Yes,Yes,No,No,8,Graduate,No,0,1,0,17,Low,NO,Travel Constraint,Provide Transport,Low Priority
2021,SCH_143,Dahod,Urban,Male,SC,2,Very Low,61.9,19.04,Medium,High,No,Primary,Yes,Yes,No,No,2,Secondary,No,0,1,1,30,Low,NO,Academic Disengagement,Counselling Support,Low Priority
2019,SCH_052,Patan,Urban,Female,SC,1,Low,80.5,0.33,Medium,Low,No,Secondary,Yes,Yes,No,Yes,3,Illiterate,Yes,0,0,0,22,Low,NO,Social Factor,Community Engagement,Low Priority
2025,SCH_171,Anand,Urban,Male,OBC,5,Low,81.9,1.29,Medium,Medium,No,Primary,Yes,No,No,No,3,Secondary,No,0,0,0,16,Low,NO,Social Factor,Community Engagement,Low Priority
2024,SCH_075,Anand,Urban,Male,SC,5,Medium,83.4,20.41,Medium,Medium,Yes,Secondary,Yes,No,No,No,2,Primary,No,0,1,0,6,Low,NO,Travel Constraint,Provide Transport,Low Priority
2022,SCH_128,Kutch,Urban,Female,General,7,Very Low,55.9,2.98,High,Medium,Yes,Primary,No,No,No,No,7,Illiterate,No,0,0,1,35,Low,NO,Academic Disengagement,Counselling Support,Low Priority
2024,SCH_115,Mehsana,Rural,Female,SC,4,High,82.3,6.62,Low,Low,Yes,Illiterate,Yes,Yes,No,No,4,Graduate,No,0,1,0,26,Low,NO,Travel Constraint,Provide Transport,Low Priority
2024,SCH_178,Bhavnagar,Tribal,Female,ST,1,Low,80.8,2.97,Medium,Medium,Yes,Illiterate,Yes,No,No,No,7,Secondary,No,0,0,0,23,Low,NO,Social Factor,Community Engagement,Low Priority
2021,SCH_116,Banaskantha,Rural,Male,ST,5,Medium,70.6,5.17,Medium,High,No,Secondary,Yes,No,No,No,8,Secondary,Yes,0,1,0,35,Low,NO,Travel Constraint,Provide Transport,Low Priority
2021,SCH_073,Junagadh,Rural,Female,General,6,High,76.2,21.72,High,Medium,Yes,Secondary,Yes,No,No,No,2,Illiterate,No,0,1,0,19,Low,NO,Travel Constraint,Provide Transport,Low Priority
2022,SCH_137,Anand,Tribal,Male,SC,3,Medium,47.8,14.44,Low,Medium,No,Secondary,Yes,Yes,No,No,4,Primary,No,0,1,1,55,Medium,NO,Academic Disengagement,Counselling Support,Monitor
2023,SCH_143,Gandhinagar,Urban,Male,OBC,5,Low,68.2,4.85,Medium,Low,Yes,Primary,Yes,Yes,No,No,5,Secondary,No,0,0,1,27,Low,NO,Academic Disengagement,Counselling Support,Low Priority
2020,SCH_098,Rajkot,Rural,Female,ST,11,Low,50.8,24.3,Medium,Medium,No,Primary,Yes,Yes,Yes,No,2,Graduate,No,1,1,1,62,Medium,NO,Academic Disengagement,Counselling Support,Monitor
2020,SCH_107,Jamnagar,Rural,Male,ST,1,Medium,65.1,6.28,Low,Low,No,Primary,Yes,Yes,No,No,8,Secondary,No,0,1,1,42,Medium,NO,Academic Disengagement,Counselling Support,Monitor
2024,SCH_147,Valsad,Rural,Female,OBC,2,Very Low,49.8,9.53,High,Medium,No,Secondary,Yes,Yes,No,No,8,Primary,No,0,1,1,41,Medium,NO,Academic Disengagement,Counselling Support,Monitor
2019,SCH_110,Ahmedabad,Rural,Female,General,3,Low,45.0,14.99,High,High,Yes,Primary,Yes,Yes,No,No,7,Illiterate,No,0,1,1,22,Low,NO,Academic Disengagement,Counselling Support,Low Priority
2019,SCH_073,Surat,Rural,Male,OBC,2,Low,50.6,16.63,High,Low,Yes,Secondary,No,No,Yes,No,4,Primary,No,0,1,1,43,Medium,NO,Academic Disengagement,Counselling Support,Monitor
2021,SCH_177,Navsari,Rural,Male,OBC,4,Very Low,84.7,11.56,Medium,Low,No,Secondary,Yes,No,No,Yes,7,Primary,No,0,1,0,39,Low,NO,Travel Constraint,Provide Transport,Low Priority
2022,SCH_168,Junagadh,Rural,Male,General,8,High,49.6,3.03,High,Medium,Yes,Secondary,Yes,Yes,No,No,4,Primary,No,0,0,1,22,Low,NO,Academic Disengagement,Counselling Support,Low Priority
2022,SCH_106,Rajkot,Rural,Male,OBC,6,Very Low,65.0,12.34,Medium,High,Yes,Illiterate,No,No,Yes,No,4,Primary,Yes,0,1,1,47,Medium,NO,Academic Disengagement,Counselling Support,Monitor
2020,SCH_009,Valsad,Urban,Female,OBC,10,Medium,75.5,16.07,Medium,Low,Yes,Illiterate,Yes,Yes,Yes,No,7,Illiterate,Yes,1,1,0,39,Low,NO,Travel Constraint,Provide Transport,Low Priority
2021,SCH_150,Vadodara,Rural,Female,ST,2,High,58.7,20.17,Medium,Medium,No,Illiterate,Yes,Yes,No,No,5,Secondary,No,0,1,1,35,Low,NO,Academic Disengagement,Counselling Support,Low Priority
2025,SCH_071,Jamnagar,Rural,Female,SC,1,High,78.3,22.26,Medium,Medium,No,Illiterate,No,Yes,No,No,4,Illiterate,No,0,1,0,24,Low,NO,Travel Constraint,Provide Transport,Low Priority
2022,SCH_088,Vadodara,Urban,Male,OBC,8,Low,69.3,26.3,Medium,High,Yes,Illiterate,Yes,No,No,No,8,Primary,No,0,1,1,20,Low,NO,Academic Disengagement,Counselling Support,Low Priority
2023,SCH_018,Anand,Urban,Female,SC,12,Low,76.9,17.42,Low,Medium,Yes,Graduate,No,No,No,No,4,Graduate,Yes,1,1,0,32,Low,NO,Travel Constraint,Provide Transport,Low Priority
2025,SCH_134,Anand,Rural,Male,SC,9,Low,63.4,2.05,Medium,High,No,Illiterate,Yes,No,Yes,No,5,Illiterate,Yes,1,0,1,54,Medium,NO,Academic Disengagement,Counselling Support,Monitor
2020,SCH_156,Bhavnagar,Urban,Male,OBC,5,Low,74.5,5.17,Medium,Medium,No,Graduate,Yes,Yes,Yes,No,8,Primary,No,0,1,0,18,Low,NO,Travel Constraint,Provide Transport,Low Priority
2024,SCH_085,Junagadh,Tribal,Female,SC,2,High,43.3,1.42,High,High,Yes,Secondary,Yes,Yes,No,No,4,Illiterate,No,0,0,1,36,Low,NO,Academic Disengagement,Counselling Support,Low Priority
2023,SCH_106,Amreli,Rural,Male,ST,11,Very Low,56.8,1.15,Low,Low,Yes,Secondary,No,Yes,No,No,6,Secondary,Yes,1,0,1,63,Medium,NO,Academic Disengagement,Counselling Support,Monitor
2023,SCH_024,Sabarkantha,Rural,Male,ST,5,Low,44.7,23.87,Medium,Medium,Yes,Illiterate,Yes,No,No,No,6,Primary,No,0,1,1,36,Low,NO,Academic Disengagement,Counselling Support,Low Priority
2025,SCH_145,Jamnagar,Rural,Male,SC,4,Low,60.6,0.87,High,Medium,Yes,Primary,Yes,No,No,No,5,Primary,Yes,0,0,1,13,Low,NO,Academic Disengagement,Counselling Support,Low Priority
2020,SCH_056,Mehsana,Rural,Male,SC,11,Low,98.7,9.45,Medium,Medium,No,Secondary,Yes,Yes,Yes,No,5,Illiterate,No,1,1,0,37,Low,NO,Travel Constraint,Provide Transport,Low Priority
2022,SCH_128,Junagadh,Tribal,Male,OBC,9,Very Low,92.9,21.76,Low,High,Yes,Primary,No,Yes,No,Yes,4,Secondary,No,1,1,0,38,Low,NO,Travel Constraint,Provide Transport,Low Priority
2021,SCH_054,Jamnagar,Tribal,Male,OBC,6,Very Low,53.1,1.95,High,Medium,Yes,Primary,Yes,Yes,No,No,4,Graduate,No,0,0,1,28,Low,NO,Academic Disengagement,Counselling Support,Low Priority
2025,SCH_096,Ahmedabad,Tribal,Male,SC,6,High,98.7,13.05,Medium,Medium,No,Illiterate,Yes,Yes,No,No,7,Illiterate,No,0,1,0,17,Low,NO,Travel Constraint,Provide Transport,Low Priority
2019,SCH_025,Valsad,Rural,Female,OBC,2,Very Low,99.7,16.07,Medium,Medium,No,Illiterate,Yes,Yes,No,No,5,Primary,No,0,1,0,31,Low,NO,Travel Constraint,Provide Transport,Low Priority
2025,SCH_119,Banaskantha,Rural,Female,General,12,Very Low,96.5,1.06,Medium,Medium,Yes,Graduate,Yes,Yes,No,No,2,Illiterate,No,1,0,0,32,Low,NO,Economic Pressure,Provide Scholarship,Low Priority
2021,SCH_080,Patan,Tribal,Female,OBC,8,High,97.7,3.95,Low,Medium,No,Secondary,Yes,No,No,No,5,Secondary,No,0,0,0,28,Low,NO,Social Factor,Community Engagement,Low Priority
2021,SCH_046,Bharuch,Rural,Male,ST,2,Low,43.3,26.84,Medium,Medium,No,Secondary,Yes,No,No,No,4,Secondary,No,0,1,1,41,Medium,NO,Academic Disengagement,Counselling Support,Monitor
2019,SCH_124,Patan,Rural,Male,General,1,Low,87.1,15.78,Low,Low,Yes,Illiterate,Yes,Yes,No,No,8,Illiterate,No,0,1,0,30,Low,NO,Travel Constraint,Provide Transport,Low Priority
2023,SCH_138,Banaskantha,Rural,Male,SC,5,Very Low,53.1,8.82,High,Low,Yes,Secondary,Yes,Yes,No,No,6,Secondary,Yes,0,1,1,47,Medium,NO,Academic Disengagement,Counselling Support,Monitor
2020,SCH_144,Rajkot,Urban,Male,OBC,3,Very Low,53.3,0.24,High,Medium,No,Graduate,Yes,No,No,No,5,Primary,No,0,0,1,28,Low,NO,Academic Disengagement,Counselling Support,Low Priority
2022,SCH_085,Bhavnagar,Rural,Male,OBC,5,Medium,94.9,22.28,High,Medium,No,Secondary,Yes,Yes,Yes,No,3,Primary,Yes,0,1,0,26,Low,NO,Travel Constraint,Provide Transport,Low Priority
2020,SCH_128,Morbi,Rural,Female,General,11,Very Low,84.0,17.89,High,Medium,No,Illiterate,No,No,No,No,3,Secondary,No,1,1,0,41,Medium,NO,Travel Constraint,Provide Transport,Monitor
2024,SCH_123,Kutch,Urban,Female,OBC,2,Low,65.5,17.62,Medium,Low,Yes,Graduate,Yes,No,No,No,3,Illiterate,No,0,1,1,35,Low,NO,Academic Disengagement,Counselling Support,Low Priority
2022,SCH_093,Bharuch,Rural,Male,SC,11,Very Low,82.3,6.19,Low,Medium,Yes,Secondary,Yes,No,No,Yes,6,Illiterate,No,1,1,0,46,Medium,NO,Travel Constraint,Provide Transport,Monitor
2019,SCH_107,Mehsana,Tribal,Male,SC,4,Medium,69.5,9.01,Medium,Medium,No,Primary,Yes,Yes,No,No,8,Secondary,Yes,0,1,1,24,Low,NO,Academic Disengagement,Counselling Support,Low Priority
2019,SCH_038,Valsad,Urban,Male,OBC,5,High,56.4,26.62,Medium,Medium,No,Secondary,No,Yes,No,No,5,Primary,Yes,0,1,1,27,Low,NO,Academic Disengagement,Counselling Support,Low Priority
2023,SCH_148,Vadodara,Urban,Male,OBC,10,Medium,57.4,23.89,Medium,Medium,Yes,Illiterate,No,No,No,Yes,5,Illiterate,Yes,1,1,1,40,Low,NO,Academic Disengagement,Counselling Support,Low Priority
2021,SCH_104,Morbi,Rural,Male,OBC,1,Low,55.6,15.14,Medium,High,No,Secondary,Yes,No,No,No,4,Illiterate,No,0,1,1,41,Medium,NO,Academic Disengagement,Counselling Support,Monitor
2022,SCH_161,Bhavnagar,Urban,Female,OBC,4,Low,86.3,4.05,Medium,Medium,Yes,Graduate,Yes,No,No,No,7,Illiterate,No,0,0,0,7,Low,NO,Social Factor,Community Engagement,Low Priority
2025,SCH_012,Surat,Urban,Female,OBC,7,Medium,56.7,8.93,Medium,Medium,No,Graduate,No,No,No,No,3,Illiterate,No,0,1,1,34,Low,NO,Academic Disengagement,Counselling Support,Low Priority
2019,SCH_166,Kutch,Urban,Female,General,8,Low,40.2,5.9,Low,Medium,No,Graduate,No,Yes,Yes,No,7,Secondary,No,0,1,1,54,Medium,NO,Academic Disengagement,Counselling Support,Monitor
2020,SCH_080,Kutch,Tribal,Female,OBC,6,High,92.8,19.22,Medium,Medium,No,Illiterate,Yes,No,No,No,5,Illiterate,No,0,1,0,18,Low,NO,Travel Constraint,Provide Transport,Low Priority
2024,SCH_097,Dahod,Urban,Male,OBC,10,High,41.7,16.44,Medium,Low,Yes,Secondary,Yes,No,No,No,2,Primary,No,1,1,1,53,Medium,NO,Academic Disengagement,Counselling Support,Monitor
2020,SCH_169,Mehsana,Rural,Female,General,1,Medium,60.9,23.61,Medium,High,Yes,Graduate,Yes,No,No,No,6,Graduate,No,0,1,1,32,Low,NO,Academic Disengagement,Counselling Support,Low Priority
2022,SCH_100,Surat,Rural,Female,ST,9,Very Low,55.1,18.06,Medium,High,No,Primary,No,Yes,No,No,2,Primary,No,1,1,1,61,Medium,NO,Academic Disengagement,Counselling Support,Monitor
2023,SCH_049,Navsari,Urban,Female,OBC,11,Low,41.2,26.55,High,Low,No,Illiterate,No,Yes,No,No,3,Secondary,No,1,1,1,41,Medium,NO,Academic Disengagement,Counselling Support,Monitor
2021,SCH_124,Ahmedabad,Tribal,Female,OBC,2,Low,66.6,11.97,Medium,High,Yes,Secondary,No,Yes,Yes,No,6,Primary,No,0,1,1,45,Medium,NO,Academic Disengagement,Counselling Support,Monitor
2020,SCH_044,Gandhinagar,Urban,Female,ST,12,High,79.6,13.43,Medium,Medium,Yes,Illiterate,Yes,Yes,No,No,6,Primary,Yes,1,1,0,26,Low,NO,Travel Constraint,Provide Transport,Low Priority
2024,SCH_172,Surat,Rural,Female,SC,1,Very Low,70.2,2.65,High,Medium,Yes,Illiterate,No,No,No,No,2,Illiterate,No,0,0,0,23,Low,NO,Economic Pressure,Provide Scholarship,Low Priority
2022,SCH_027,Sabarkantha,Urban,Female,OBC,6,Medium,83.4,16.96,High,High,No,Illiterate,No,Yes,No,No,5,Secondary,No,0,1,0,10,Low,NO,Travel Constraint,Provide Transport,Low Priority
2023,SCH_021,Bhavnagar,Rural,Female,OBC,7,Medium,56.2,23.62,High,Medium,Yes,Primary,Yes,No,No,Yes,3,Primary,No,0,1,1,24,Low,NO,Academic Disengagement,Counselling Support,Low Priority
2023,SCH_054,Rajkot,Rural,Female,ST,5,Low,90.3,4.24,Medium,High,No,Graduate,No,Yes,No,No,6,Secondary,No,0,0,0,32,Low,NO,Social Factor,Community Engagement,Low Priority
2022,SCH_015,Bharuch,Rural,Female,General,4,Low,79.0,2.46,High,Medium,Yes,Primary,Yes,Yes,No,No,5,Secondary,Yes,0,0,0,9,Low,NO,Social Factor,Community Engagement,Low Priority
2021,SCH_021,Patan,Rural,Female,SC,11,Medium,73.7,0.28,Low,Low,No,Primary,Yes,No,No,No,7,Secondary,Yes,1,0,0,38,Low,NO,Social Factor,Community Engagement,Low Priority
2022,SCH_050,Surat,Rural,Male,OBC,1,Very Low,47.7,1.49,High,Medium,No,Primary,Yes,Yes,No,No,2,Illiterate,Yes,0,0,1,35,Low,NO,Academic Disengagement,Counselling Support,Low Priority
2025,SCH_129,Gandhinagar,Rural,Male,ST,12,Very Low,54.5,8.3,High,Medium,Yes,Graduate,Yes,Yes,No,Yes,8,Primary,Yes,1,1,1,48,Medium,NO,Academic Disengagement,Counselling Support,Monitor
2024,SCH_123,Gandhinagar,Rural,Male,SC,12,Medium,64.2,24.66,Medium,Low,No,Primary,No,Yes,No,No,3,Secondary,Yes,1,1,1,43,Medium,NO,Academic Disengagement,Counselling Support,Monitor
2024,SCH_129,Rajkot,Rural,Male,OBC,7,Medium,92.5,0.72,Medium,Medium,Yes,Graduate,Yes,No,No,No,6,Secondary,No,0,0,0,14,Low,NO,Social Factor,Community Engagement,Low Priority
2019,SCH_077,Kutch,Urban,Female,General,9,Low,66.4,5.97,Medium,Medium,Yes,Graduate,Yes,No,No,No,4,Illiterate,No,1,1,1,41,Medium,NO,Academic Disengagement,Counselling Support,Monitor
2019,SCH_140,Navsari,Urban,Male,OBC,11,Very Low,44.1,16.21,Medium,Medium,Yes,Graduate,Yes,Yes,No,No,8,Secondary,No,1,1,1,37,Low,NO,Academic Disengagement,Counselling Support,Low Priority
2020,SCH_069,Navsari,Urban,Male,SC,12,Low,96.2,22.52,Medium,High,Yes,Illiterate,Yes,No,No,No,4,Secondary,No,1,1,0,24,Low,NO,Travel Constraint,Provide Transport,Low Priority
2024,SCH_107,Ahmedabad,Rural,Female,SC,3,Medium,46.6,18.18,Medium,Low,No,Primary,No,Yes,No,No,2,Illiterate,No,0,1,1,40,Low,NO,Academic Disengagement,Counselling Support,Low Priority
2021,SCH_005,Amreli,Urban,Male,ST,12,Medium,44.6,16.4,High,Low,No,Illiterate,Yes,No,Yes,No,6,Illiterate,No,1,1,1,61,Medium,NO,Academic Disengagement,Counselling Support,Monitor
2025,SCH_045,Jamnagar,Tribal,Female,SC,8,Low,57.8,2.76,High,Medium,Yes,Graduate,No,Yes,No,No,6,Secondary,No,0,0,1,36,Low,NO,Academic Disengagement,Counselling Support,Low Priority
2023,SCH_164,Amreli,Urban,Male,General,2,Low,62.3,14.11,Low,High,Yes,Illiterate,Yes,Yes,No,No,8,Graduate,Yes,0,1,1,30,Low,NO,Academic Disengagement,Counselling Support,Low Priority
2021,SCH_099,Sabarkantha,Urban,Male,General,9,Low,78.5,11.2,Medium,High,Yes,Illiterate,No,Yes,No,No,3,Illiterate,No,1,1,0,28,Low,NO,Travel Constraint,Provide Transport,Low Priority
2021,SCH_081,Rajkot,Urban,Male,OBC,1,Very Low,62.6,17.55,Low,Medium,Yes,Primary,No,No,No,No,8,Primary,Yes,0,1,1,27,Low,NO,Academic Disengagement,Counselling Support,Low Priority
2022,SCH_096,Gandhinagar,Rural,Female,OBC,10,Low,73.0,8.74,Low,Medium,Yes,Illiterate,Yes,No,No,No,4,Graduate,Yes,1,1,0,40,Low,NO,Travel Constraint,Provide Transport,Low Priority
2025,SCH_115,Kutch,Urban,Female,General,8,High,93.1,2.23,Low,Low,No,Primary,Yes,Yes,No,No,7,Primary,No,0,0,0,36,Low,NO,Social Factor,Community Engagement,Low Priority
2020,SCH_085,Bharuch,Rural,Male,SC,9,Low,98.0,22.98,Medium,Medium,No,Graduate,Yes,No,No,No,7,Illiterate,No,1,1,0,32,Low,NO,Travel Constraint,Provide Transport,Low Priority
2025,SCH_006,Junagadh,Urban,Male,ST,5,Medium,94.5,26.87,Low,Medium,Yes,Illiterate,Yes,Yes,No,No,7,Illiterate,No,0,1,0,28,Low,NO,Travel Constraint,Provide Transport,Low Priority
2022,SCH_061,Bharuch,Rural,Female,OBC,9,High,84.1,25.49,Medium,Low,Yes,Illiterate,Yes,Yes,Yes,Yes,3,Illiterate,Yes,1,1,0,50,Medium,NO,Travel Constraint,Provide Transport,Monitor
2020,SCH_146,Morbi,Urban,Male,OBC,4,Very Low,78.6,18.11,Medium,Medium,Yes,Secondary,Yes,Yes,No,No,3,Illiterate,No,0,1,0,26,Low,NO,Travel Constraint,Provide Transport,Low Priority
2020,SCH_132,Surat,Rural,Female,ST,8,Low,65.5,23.2,High,Medium,Yes,Primary,Yes,Yes,No,No,5,Graduate,Yes,0,1,1,36,Low,NO,Academic Disengagement,Counselling Support,Low Priority
2022,SCH_019,Jamnagar,Rural,Female,OBC,2,Low,53.8,20.43,Medium,High,Yes,Primary,Yes,Yes,No,No,2,Illiterate,Yes,0,1,1,28,Low,NO,Academic Disengagement,Counselling Support,Low Priority
2023,SCH_022,Sabarkantha,Urban,Male,ST,8,Low,81.7,10.53,Medium,Low,Yes,Graduate,Yes,No,No,No,4,Primary,Yes,0,1,0,18,Low,NO,Travel Constraint,Provide Transport,Low Priority
2020,SCH_129,Sabarkantha,Tribal,Male,ST,9,High,88.8,20.03,High,Medium,Yes,Secondary,No,Yes,No,No,7,Secondary,Yes,1,1,0,20,Low,NO,Travel Constraint,Provide Transport,Low Priority
2020,SCH_024,Mehsana,Urban,Male,SC,7,Low,81.0,23.77,Medium,Medium,Yes,Graduate,Yes,No,No,No,3,Primary,No,0,1,0,11,Low,NO,Travel Constraint,Provide Transport,Low Priority
2022,SCH_115,Vadodara,Rural,Male,ST,3,Low,61.5,14.27,Low,Medium,Yes,Primary,Yes,Yes,No,No,4,Secondary,No,0,1,1,36,Low,NO,Academic Disengagement,Counselling Support,Low Priority
2021,SCH_023,Bhavnagar,Tribal,Female,ST,2,Low,54.9,10.68,Medium,Low,Yes,Illiterate,Yes,Yes,No,No,7,Illiterate,Yes,0,1,1,38,Low,NO,Academic Disengagement,Counselling Support,Low Priority
2019,SCH_006,Valsad,Rural,Male,ST,9,Low,94.4,22.19,Medium,Medium,No,Primary,Yes,Yes,Yes,No,6,Illiterate,Yes,1,1,0,47,Medium,NO,Travel Constraint,Provide Transport,Monitor
2025,SCH_137,Amreli,Rural,Female,OBC,5,Medium,86.4,18.08,Medium,Medium,Yes,Secondary,Yes,No,Yes,Yes,7,Secondary,No,0,1,0,28,Low,NO,Travel Constraint,Provide Transport,Low Priority
2021,SCH_021,Junagadh,Tribal,Male,OBC,7,Very Low,79.6,12.53,Medium,Medium,Yes,Illiterate,Yes,Yes,No,No,7,Primary,Yes,0,1,0,24,Low,NO,Travel Constraint,Provide Transport,Low Priority
2023,SCH_132,Patan,Tribal,Male,OBC,10,Low,88.0,23.56,High,High,Yes,Graduate,No,Yes,No,No,7,Secondary,Yes,1,1,0,30,Low,NO,Travel Constraint,Provide Transport,Low Priority
2021,SCH_180,Gandhinagar,Urban,Female,SC,3,Very Low,56.3,1.85,High,Medium,Yes,Primary,Yes,Yes,Yes,No,7,Secondary,Yes,0,0,1,28,Low,NO,Academic Disengagement,Counselling Support,Low Priority
2025,SCH_051,Banaskantha,Urban,Male,General,11,Low,90.8,6.15,Low,Medium,Yes,Illiterate,Yes,Yes,No,No,8,Primary,No,1,1,0,28,Low,NO,Travel Constraint,Provide Transport,Low Priority
2023,SCH_151,Vadodara,Tribal,Male,General,7,Very Low,84.6,5.87,Medium,Medium,Yes,Illiterate,No,Yes,No,No,4,Illiterate,No,0,1,0,16,Low,NO,Travel Constraint,Provide Transport,Low Priority
2024,SCH_071,Surat,Urban,Female,General,8,Low,48.9,17.31,Medium,Low,Yes,Graduate,Yes,Yes,No,Yes,3,Secondary,No,0,1,1,28,Low,NO,Academic Disengagement,Counselling Support,Low Priority
2020,SCH_084,Morbi,Rural,Male,SC,2,Low,89.2,4.12,High,Low,Yes,Secondary,Yes,Yes,Yes,No,3,Graduate,Yes,0,0,0,30,Low,NO,Social Factor,Community Engagement,Low Priority
2021,SCH_105,Morbi,Urban,Female,OBC,11,Low,82.9,22.1,Medium,Low,Yes,Illiterate,Yes,Yes,Yes,No,7,Illiterate,Yes,1,1,0,30,Low,NO,Travel Constraint,Provide Transport,Low Priority
2021,SCH_056,Ahmedabad,Urban,Female,General,7,Medium,62.1,2.63,High,Medium,Yes,Graduate,Yes,No,No,No,5,Illiterate,Yes,0,0,1,24,Low,NO,Academic Disengagement,Counselling Support,Low Priority
2019,SCH_018,Gandhinagar,Urban,Male,SC,7,Low,96.0,9.98,Low,Medium,No,Graduate,Yes,No,No,No,2,Primary,No,0,1,0,28,Low,NO,Travel Constraint,Provide Transport,Low Priority
2024,SCH_077,Mehsana,Urban,Female,ST,11,Medium,88.3,24.97,High,High,Yes,Illiterate,Yes,No,No,No,8,Illiterate,Yes,1,1,0,34,Low,NO,Travel Constraint,Provide Transport,Low Priority
2022,SCH_053,Banaskantha,Rural,Female,ST,10,Low,62.8,26.47,Low,Medium,No,Graduate,No,Yes,Yes,No,6,Illiterate,No,1,1,1,54,Medium,NO,Academic Disengagement,Counselling Support,Monitor
2020,SCH_081,Anand,Tribal,Male,ST,10,Very Low,98.1,7.43,Medium,Low,Yes,Graduate,No,No,Yes,No,2,Graduate,No,1,1,0,55,Medium,NO,Travel Constraint,Provide Transport,Monitor
2025,SCH_157,Kutch,Urban,Female,OBC,2,High,86.4,26.64,Medium,Low,Yes,Primary,Yes,No,No,No,2,Illiterate,No,0,1,0,22,Low,NO,Travel Constraint,Provide Transport,Low Priority
2022,SCH_146,Anand,Rural,Female,ST,4,Low,82.5,9.19,Low,Low,Yes,Illiterate,Yes,Yes,Yes,No,3,Illiterate,No,0,1,0,46,Medium,NO,Travel Constraint,Provide Transport,Monitor
2025,SCH_054,Amreli,Urban,Male,OBC,6,Medium,88.6,4.86,Medium,Low,Yes,Graduate,Yes,No,No,No,8,Primary,No,0,0,0,18,Low,NO,Social Factor,Community Engagement,Low Priority
2023,SCH_053,Vadodara,Rural,Female,ST,7,High,92.1,9.74,Medium,Low,Yes,Illiterate,No,Yes,No,No,4,Graduate,No,0,1,0,31,Low,NO,Travel Constraint,Provide Transport,Low Priority
2025,SCH_172,Mehsana,Urban,Male,OBC,2,Low,53.8,22.02,Medium,Low,Yes,Primary,Yes,Yes,No,No,2,Illiterate,No,0,1,1,33,Low,NO,Academic Disengagement,Counselling Support,Low Priority
2019,SCH_059,Jamnagar,Tribal,Male,ST,10,Medium,46.1,25.75,Medium,Low,Yes,Primary,Yes,Yes,No,No,7,Secondary,No,1,1,1,46,Medium,NO,Academic Disengagement,Counselling Support,Monitor
2023,SCH_167,Anand,Urban,Male,ST,12,Medium,65.0,27.59,High,Low,No,Secondary,No,Yes,No,No,3,Illiterate,No,1,1,1,39,Low,NO,Academic Disengagement,Counselling Support,Low Priority
2025,SCH_144,Ahmedabad,Rural,Male,General,4,Very Low,81.9,12.67,Medium,Medium,Yes,Primary,Yes,No,No,No,2,Primary,No,0,1,0,16,Low,NO,Travel Constraint,Provide Transport,Low Priority
2020,SCH_027,Sabarkantha,Rural,Male,ST,10,High,59.5,0.21,Low,Low,Yes,Primary,Yes,Yes,No,No,3,Illiterate,Yes,1,0,1,50,Medium,NO,Academic Disengagement,Counselling Support,Monitor
2020,SCH_049,Valsad,Urban,Female,SC,1,Low,51.9,5.87,High,Low,No,Primary,Yes,Yes,No,No,6,Illiterate,No,0,1,1,41,Medium,NO,Academic Disengagement,Counselling Support,Monitor
2025,SCH_019,Rajkot,Urban,Male,OBC,2,Low,81.8,3.67,Low,High,Yes,Graduate,Yes,Yes,Yes,No,8,Graduate,No,0,0,0,33,Low,NO,Social Factor,Community Engagement,Low Priority
2024,SCH_101,Jamnagar,Rural,Female,General,1,High,47.2,25.57,Medium,Medium,No,Primary,No,No,Yes,No,8,Graduate,No,0,1,1,53,Medium,NO,Academic Disengagement,Counselling Support,Monitor
2024,SCH_071,Morbi,Rural,Male,OBC,10,Medium,52.8,8.99,Medium,Medium,No,Graduate,No,No,Yes,No,6,Illiterate,No,1,1,1,50,Medium,NO,Academic Disengagement,Counselling Support,Monitor
2020,SCH_071,Kutch,Tribal,Male,General,2,High,72.0,1.89,High,High,No,Secondary,No,Yes,Yes,No,3,Primary,No,0,0,0,32,Low,NO,Social Factor,Community Engagement,Low Priority
2021,SCH_018,Banaskantha,Tribal,Female,SC,1,Low,61.9,15.66,Low,Medium,Yes,Primary,No,Yes,No,No,6,Primary,No,0,1,1,56,Medium,NO,Academic Disengagement,Counselling Support,Monitor
2020,SCH_178,Ahmedabad,Tribal,Female,SC,12,Very Low,74.0,8.5,High,Medium,Yes,Secondary,Yes,Yes,No,No,5,Illiterate,Yes,1,1,0,48,Medium,NO,Travel Constraint,Provide Transport,Monitor
2022,SCH_088,Dahod,Rural,Male,General,5,High,78.8,2.53,High,Medium,No,Illiterate,Yes,No,No,No,6,Illiterate,No,0,0,0,15,Low,NO,Social Factor,Community Engagement,Low Priority
2024,SCH_105,Amreli,Rural,Male,OBC,7,Very Low,43.4,24.3,High,High,Yes,Primary,Yes,No,Yes,No,5,Secondary,Yes,0,1,1,38,Low,NO,Academic Disengagement,Counselling Support,Low Priority
2022,SCH_037,Dahod,Rural,Male,OBC,12,Medium,56.8,22.6,Medium,Medium,Yes,Primary,Yes,No,No,No,2,Illiterate,Yes,1,1,1,42,Medium,NO,Academic Disengagement,Counselling Support,Monitor
2020,SCH_076,Sabarkantha,Urban,Male,OBC,7,Medium,44.2,9.98,Low,Low,Yes,Illiterate,Yes,Yes,No,No,8,Graduate,No,0,1,1,33,Low,NO,Academic Disengagement,Counselling Support,Low Priority
2022,SCH_136,Banaskantha,Urban,Male,ST,10,Very Low,93.8,13.85,High,Medium,No,Secondary,No,Yes,No,Yes,3,Secondary,No,1,1,0,36,Low,NO,Travel Constraint,Provide Transport,Low Priority
2022,SCH_114,Anand,Rural,Female,OBC,4,Medium,56.0,2.25,Medium,Medium,Yes,Illiterate,No,No,No,No,6,Primary,No,0,0,1,22,Low,NO,Academic Disengagement,Counselling Support,Low Priority
2019,SCH_066,Valsad,Tribal,Female,ST,2,Low,71.5,15.6,Medium,Medium,No,Secondary,Yes,Yes,No,No,4,Primary,No,0,1,0,26,Low,NO,Travel Constraint,Provide Transport,Low Priority
2019,SCH_072,Amreli,Rural,Male,ST,8,Medium,86.0,0.96,Low,High,Yes,Illiterate,No,No,No,No,3,Primary,Yes,0,0,0,21,Low,NO,Social Factor,Community Engagement,Low Priority
2025,SCH_008,Banaskantha,Urban,Male,SC,4,Very Low,90.5,19.79,Medium,Medium,Yes,Graduate,No,Yes,No,No,7,Primary,No,0,1,0,37,Low,NO,Travel Constraint,Provide Transport,Low Priority
2019,SCH_006,Bhavnagar,Rural,Male,General,7,Low,93.4,19.93,Medium,Medium,Yes,Primary,Yes,Yes,Yes,No,6,Illiterate,No,0,1,0,39,Low,NO,Travel Constraint,Provide Transport,Low Priority
2019,SCH_168,Jamnagar,Rural,Female,ST,1,Very Low,91.7,20.19,Medium,Medium,No,Secondary,Yes,No,No,No,5,Secondary,No,0,1,0,28,Low,NO,Travel Constraint,Provide Transport,Low Priority
2020,SCH_165,Banaskantha,Rural,Female,ST,6,Very Low,48.0,21.04,Low,High,Yes,Illiterate,Yes,No,No,No,2,Primary,No,0,1,1,60,Medium,NO,Academic Disengagement,Counselling Support,Monitor
2025,SCH_018,Valsad,Rural,Male,OBC,11,Medium,45.0,0.45,Low,Medium,Yes,Illiterate,Yes,Yes,No,No,7,Illiterate,No,1,0,1,46,Medium,NO,Academic Disengagement,Counselling Support,Monitor
2023,SCH_066,Sabarkantha,Tribal,Female,OBC,8,Low,48.0,11.08,Medium,Medium,Yes,Secondary,No,Yes,No,No,5,Illiterate,No,0,1,1,35,Low,NO,Academic Disengagement,Counselling Support,Low Priority
2022,SCH_128,Gandhinagar,Urban,Male,General,1,Very Low,86.7,15.43,Low,Low,Yes,Primary,Yes,Yes,No,No,2,Primary,No,0,1,0,36,Low,NO,Travel Constraint,Provide Transport,Low Priority
2025,SCH_167,Anand,Tribal,Male,OBC,10,Medium,46.9,0.51,Medium,Low,Yes,Secondary,Yes,Yes,No,No,6,Primary,Yes,1,0,1,40,Low,NO,Academic Disengagement,Counselling Support,Low Priority
2023,SCH_096,Bhavnagar,Rural,Male,General,2,Low,86.1,4.5,Medium,Medium,No,Graduate,Yes,No,Yes,No,3,Secondary,Yes,0,0,0,21,Low,NO,Social Factor,Community Engagement,Low Priority
2025,SCH_131,Bharuch,Urban,Male,ST,8,High,93.0,5.23,High,Low,Yes,Primary,No,No,Yes,No,3,Graduate,No,0,1,0,42,Medium,NO,Travel Constraint,Provide Transport,Monitor
2019,SCH_171,Amreli,Rural,Male,OBC,7,High,88.5,8.37,Medium,Medium,No,Graduate,Yes,No,No,No,5,Graduate,No,0,1,0,21,Low,NO,Travel Constraint,Provide Transport,Low Priority
2021,SCH_064,Bharuch,Rural,Male,OBC,10,Medium,64.7,9.1,Medium,High,Yes,Illiterate,Yes,Yes,Yes,No,3,Secondary,Yes,1,1,1,55,Medium,NO,Academic Disengagement,Counselling Support,Monitor
2023,SCH_100,Navsari,Tribal,Male,OBC,5,High,40.1,18.64,Medium,High,No,Secondary,Yes,Yes,No,No,8,Illiterate,Yes,0,1,1,30,Low,NO,Academic Disengagement,Counselling Support,Low Priority
2023,SCH_058,Rajkot,Rural,Male,SC,9,Low,43.0,16.98,High,High,Yes,Primary,Yes,Yes,Yes,No,3,Primary,Yes,1,1,1,44,Medium,NO,Academic Disengagement,Counselling Support,Monitor
2021,SCH_030,Vadodara,Rural,Female,SC,3,Medium,88.9,8.07,High,High,No,Primary,Yes,Yes,No,No,4,Illiterate,Yes,0,1,0,28,Low,NO,Travel Constraint,Provide Transport,Low Priority
2022,SCH_047,Banaskantha,Tribal,Female,ST,9,Medium,80.4,20.77,High,Medium,Yes,Illiterate,No,No,No,No,8,Illiterate,Yes,1,1,0,47,Medium,NO,Travel Constraint,Provide Transport,Monitor
2021,SCH_132,Bhavnagar,Urban,Male,OBC,7,Medium,99.9,12.78,Medium,High,Yes,Illiterate,Yes,No,No,No,2,Primary,No,0,1,0,16,Low,NO,Travel Constraint,Provide Transport,Low Priority
2023,SCH_002,Ahmedabad,Rural,Male,General,8,Very Low,53.6,22.24,Medium,Low,Yes,Primary,Yes,No,No,No,4,Secondary,No,0,1,1,41,Medium,NO,Academic Disengagement,Counselling Support,Monitor
2022,SCH_060,Navsari,Urban,Female,OBC,6,Low,53.3,3.17,Low,Medium,No,Illiterate,No,Yes,No,Yes,3,Secondary,Yes,0,0,1,21,Low,NO,Academic Disengagement,Counselling Support,Low Priority
2020,SCH_021,Vadodara,Urban,Male,General,9,Medium,98.1,24.64,Low,Medium,No,Primary,Yes,Yes,No,No,3,Secondary,No,1,1,0,35,Low,NO,Travel Constraint,Provide Transport,Low Priority
2024,SCH_158,Surat,Tribal,Male,OBC,8,Very Low,71.6,3.54,High,High,Yes,Illiterate,Yes,No,No,No,5,Primary,No,0,0,0,15,Low,NO,Economic Pressure,Provide Scholarship,Low Priority
2019,SCH_179,Sabarkantha,Tribal,Female,OBC,8,Very Low,92.7,7.84,Medium,High,Yes,Illiterate,No,Yes,No,No,8,Illiterate,No,0,1,0,26,Low,NO,Travel Constraint,Provide Transport,Low Priority
2025,SCH_093,Mehsana,Rural,Male,SC,8,High,97.2,17.97,Medium,High,Yes,Graduate,No,No,No,No,2,Illiterate,Yes,0,1,0,12,Low,NO,Travel Constraint,Provide Transport,Low Priority
2020,SCH_002,Surat,Urban,Female,OBC,12,Low,89.0,23.89,Low,Medium,Yes,Illiterate,Yes,Yes,No,No,6,Secondary,No,1,1,0,22,Low,NO,Travel Constraint,Provide Transport,Low Priority
2020,SCH_178,Surat,Rural,Female,OBC,10,Very Low,89.6,17.34,Low,Medium,No,Illiterate,Yes,Yes,Yes,No,4,Primary,Yes,1,1,0,50,Medium,NO,Travel Constraint,Provide Transport,Monitor
2023,SCH_168,Ahmedabad,Tribal,Male,General,9,Low,52.2,23.98,Medium,Medium,Yes,Primary,Yes,Yes,Yes,No,4,Graduate,Yes,1,1,1,45,Medium,NO,Academic Disengagement,Counselling Support,Monitor
2019,SCH_115,Junagadh,Tribal,Male,OBC,4,Very Low,67.6,11.1,Low,Low,Yes,Illiterate,No,Yes,No,No,6,Primary,No,0,1,1,55,Medium,NO,Academic Disengagement,Counselling Support,Monitor
2024,SCH_025,Dahod,Tribal,Female,OBC,2,Medium,97.8,6.18,Medium,Low,Yes,Primary,No,No,No,No,5,Secondary,No,0,1,0,26,Low,NO,Travel Constraint,Provide Transport,Low Priority
2020,SCH_036,Valsad,Rural,Male,OBC,10,Low,97.7,17.87,High,Low,Yes,Secondary,Yes,Yes,No,No,5,Primary,Yes,1,1,0,28,Low,NO,Travel Constraint,Provide Transport,Low Priority
2023,SCH_167,Surat,Tribal,Male,OBC,11,Medium,68.5,17.19,Medium,High,Yes,Graduate,No,Yes,No,No,6,Illiterate,No,1,1,1,48,Medium,NO,Academic Disengagement,Counselling Support,Monitor
2025,SCH_020,Bharuch,Urban,Female,OBC,5,Medium,92.4,18.95,High,Medium,No,Illiterate,Yes,Yes,No,No,3,Illiterate,Yes,0,1,0,10,Low,NO,Travel Constraint,Provide Transport,Low Priority
2024,SCH_114,Bhavnagar,Urban,Male,General,2,Low,46.3,19.71,Low,Medium,Yes,Graduate,Yes,No,No,No,7,Illiterate,No,0,1,1,23,Low,NO,Academic Disengagement,Counselling Support,Low Priority
2024,SCH_092,Junagadh,Urban,Male,SC,1,Medium,62.0,9.51,Medium,Low,Yes,Primary,Yes,No,No,No,3,Illiterate,Yes,0,1,1,37,Low,NO,Academic Disengagement,Counselling Support,Low Priority
2021,SCH_125,Rajkot,Rural,Female,SC,11,High,52.8,2.43,High,Medium,Yes,Graduate,No,Yes,No,No,3,Primary,No,1,0,1,56,Medium,NO,Academic Disengagement,Counselling Support,Monitor
2023,SCH_089,Surat,Urban,Male,OBC,3,Medium,62.0,8.76,High,Low,Yes,Secondary,Yes,No,No,No,3,Primary,No,0,1,1,39,Low,NO,Academic Disengagement,Counselling Support,Low Priority
2020,SCH_143,Navsari,Urban,Female,OBC,9,Low,94.8,5.4,Medium,Low,No,Primary,Yes,Yes,No,No,7,Illiterate,No,1,1,0,27,Low,NO,Travel Constraint,Provide Transport,Low Priority
2024,SCH_169,Jamnagar,Urban,Male,OBC,2,Medium,82.1,6.43,High,Low,No,Secondary,Yes,Yes,No,No,8,Primary,Yes,0,1,0,26,Low,NO,Travel Constraint,Provide Transport,Low Priority
2022,SCH_136,Mehsana,Rural,Female,General,4,Very Low,55.0,7.7,Medium,High,No,Secondary,Yes,Yes,No,No,2,Illiterate,No,0,1,1,33,Low,NO,Academic Disengagement,Counselling Support,Low Priority
2019,SCH_015,Junagadh,Urban,Male,SC,2,Very Low,90.9,6.55,High,Low,No,Primary,Yes,No,No,No,4,Secondary,No,0,1,0,32,Low,NO,Travel Constraint,Provide Transport,Low Priority
2025,SCH_051,Vadodara,Rural,Female,OBC,12,Very Low,58.3,9.47,Low,High,No,Secondary,Yes,Yes,No,No,7,Illiterate,Yes,1,1,1,55,Medium,NO,Academic Disengagement,Counselling Support,Monitor
2023,SCH_153,Sabarkantha,Urban,Male,General,7,Medium,57.4,15.07,Medium,Low,Yes,Graduate,Yes,Yes,No,No,8,Secondary,No,0,1,1,21,Low,NO,Academic Disengagement,Counselling Support,Low Priority
2020,SCH_013,Valsad,Rural,Female,OBC,3,High,81.7,10.22,Low,Medium,No,Graduate,No,Yes,Yes,No,2,Secondary,Yes,0,1,0,27,Low,NO,Travel Constraint,Provide Transport,Low Priority
2024,SCH_106,Navsari,Rural,Female,SC,2,Low,84.3,25.87,High,Medium,No,Secondary,Yes,No,No,No,2,Illiterate,No,0,1,0,16,Low,NO,Travel Constraint,Provide Transport,Low Priority
2023,SCH_079,Vadodara,Tribal,Female,SC,10,Very Low,82.1,10.09,Low,Low,Yes,Primary,No,Yes,No,No,2,Primary,No,1,1,0,48,Medium,NO,Travel Constraint,Provide Transport,Monitor
2024,SCH_065,Navsari,Tribal,Male,OBC,4,Medium,64.3,21.66,High,Medium,Yes,Primary,Yes,Yes,Yes,No,8,Graduate,Yes,0,1,1,50,Medium,NO,Academic Disengagement,Counselling Support,Monitor
2020,SCH_077,Bharuch,Urban,Male,OBC,5,Very Low,56.8,26.61,Medium,High,No,Graduate,Yes,No,Yes,Yes,7,Secondary,No,0,1,1,52,Medium,NO,Academic Disengagement,Counselling Support,Monitor
2020,SCH_091,Jamnagar,Rural,Female,SC,3,Low,46.6,3.96,Medium,Low,Yes,Primary,No,Yes,No,No,2,Illiterate,No,0,0,1,27,Low,NO,Academic Disengagement,Counselling Support,Low Priority
2019,SCH_114,Valsad,Rural,Female,General,11,High,43.2,8.57,Low,Medium,Yes,Graduate,Yes,Yes,No,No,3,Primary,No,1,1,1,54,Medium,NO,Academic Disengagement,Counselling Support,Monitor
2019,SCH_165,Patan,Rural,Female,OBC,8,High,74.7,11.82,Low,Low,Yes,Illiterate,Yes,No,No,No,6,Illiterate,Yes,0,1,0,41,Medium,NO,Travel Constraint,Provide Transport,Monitor
2020,SCH_097,Valsad,Rural,Male,General,10,Medium,84.7,9.1,Medium,Medium,No,Illiterate,No,Yes,No,Yes,5,Secondary,Yes,1,1,0,20,Low,NO,Travel Constraint,Provide Transport,Low Priority
2023,SCH_031,Ahmedabad,Rural,Male,ST,11,High,92.8,8.98,Medium,Low,Yes,Illiterate,Yes,No,No,No,7,Illiterate,Yes,1,1,0,22,Low,NO,Travel Constraint,Provide Transport,Low Priority
2025,SCH_024,Ahmedabad,Urban,Female,OBC,1,Medium,86.0,13.59,Low,High,No,Graduate,No,No,Yes,No,4,Illiterate,Yes,0,1,0,28,Low,NO,Travel Constraint,Provide Transport,Low Priority
2025,SCH_179,Amreli,Tribal,Female,OBC,7,High,50.8,2.88,Low,High,Yes,Primary,Yes,Yes,No,No,4,Illiterate,No,0,0,1,41,Medium,NO,Academic Disengagement,Counselling Support,Monitor
2025,SCH_062,Ahmedabad,Rural,Female,ST,10,Low,56.8,4.49,Low,Low,Yes,Illiterate,Yes,No,No,No,6,Secondary,No,1,0,1,41,Medium,NO,Academic Disengagement,Counselling Support,Monitor
2022,SCH_047,Sabarkantha,Urban,Female,ST,1,Very Low,56.8,19.81,Low,Medium,Yes,Illiterate,No,Yes,No,No,8,Illiterate,No,0,1,1,50,Medium,NO,Academic Disengagement,Counselling Support,Monitor
2019,SCH_025,Vadodara,Rural,Female,OBC,8,Medium,96.6,20.98,High,Medium,No,Primary,No,No,No,No,8,Primary,Yes,0,1,0,33,Low,NO,Travel Constraint,Provide Transport,Low Priority
2023,SCH_127,Bharuch,Urban,Female,ST,4,High,61.2,9.0,High,Low,Yes,Illiterate,No,Yes,No,No,6,Secondary,Yes,0,1,1,28,Low,NO,Academic Disengagement,Counselling Support,Low Priority
2025,SCH_109,Navsari,Urban,Female,ST,9,Very Low,91.7,6.36,Medium,Medium,No,Secondary,Yes,Yes,No,No,8,Illiterate,Yes,1,1,0,45,Medium,NO,Travel Constraint,Provide Transport,Monitor
2021,SCH_056,Anand,Rural,Male,General,9,Very Low,66.3,1.38,High,Low,Yes,Secondary,Yes,No,No,No,2,Secondary,Yes,1,0,1,28,Low,NO,Academic Disengagement,Counselling Support,Low Priority
2023,SCH_016,Gandhinagar,Urban,Male,OBC,3,Very Low,63.9,10.16,Low,Medium,Yes,Primary,No,Yes,No,No,4,Secondary,No,0,1,1,34,Low,NO,Academic Disengagement,Counselling Support,Low Priority
2025,SCH_154,Sabarkantha,Rural,Female,SC,11,Low,86.7,3.45,Low,Medium,No,Illiterate,Yes,Yes,No,No,7,Illiterate,No,1,0,0,28,Low,NO,Social Factor,Community Engagement,Low Priority
2022,SCH_159,Banaskantha,Rural,Male,OBC,3,High,71.9,20.73,High,Medium,No,Primary,Yes,No,Yes,No,4,Primary,Yes,0,1,0,28,Low,NO,Travel Constraint,Provide Transport,Low Priority
2025,SCH_032,Sabarkantha,Urban,Male,OBC,8,Low,91.1,26.49,Low,Medium,Yes,Primary,No,No,Yes,No,2,Graduate,No,0,1,0,31,Low,NO,Travel Constraint,Provide Transport,Low Priority
2022,SCH_089,Patan,Rural,Female,ST,5,Very Low,87.8,8.29,High,Low,No,Primary,Yes,No,No,No,7,Illiterate,No,0,1,0,48,Medium,NO,Travel Constraint,Provide Transport,Monitor
2025,SCH_017,Vadodara,Urban,Female,OBC,8,Low,90.0,3.37,Medium,Medium,No,Secondary,No,Yes,No,No,3,Illiterate,Yes,0,0,0,14,Low,NO,Social Factor,Community Engagement,Low Priority
2020,SCH_120,Dahod,Urban,Male,General,12,Low,57.7,7.27,High,High,Yes,Illiterate,Yes,No,No,No,2,Primary,Yes,1,1,1,26,Low,NO,Academic Disengagement,Counselling Support,Low Priority
2024,SCH_105,Morbi,Urban,Male,SC,7,Very Low,88.8,12.11,High,High,No,Secondary,Yes,Yes,No,No,6,Primary,No,0,1,0,41,Medium,NO,Travel Constraint,Provide Transport,Monitor
2019,SCH_124,Dahod,Rural,Male,OBC,10,Low,98.3,0.18,High,Low,No,Primary,Yes,No,No,No,3,Primary,Yes,1,0,0,26,Low,NO,Social Factor,Community Engagement,Low Priority
2021,SCH_151,Amreli,Urban,Male,OBC,1,Low,97.6,27.59,Low,High,Yes,Primary,Yes,Yes,No,No,4,Primary,No,0,1,0,21,Low,NO,Travel Constraint,Provide Transport,Low Priority
2019,SCH_125,Jamnagar,Urban,Male,OBC,9,Very Low,95.4,23.98,Medium,Low,No,Illiterate,No,Yes,No,No,8,Primary,No,1,1,0,42,Medium,NO,Travel Constraint,Provide Transport,Monitor
2024,SCH_069,Bhavnagar,Rural,Female,OBC,7,High,92.7,18.24,Medium,Medium,Yes,Primary,Yes,Yes,No,No,4,Illiterate,Yes,0,1,0,11,Low,NO,Travel Constraint,Provide Transport,Low Priority
2021,SCH_044,Ahmedabad,Urban,Female,SC,10,High,80.0,15.75,Low,Medium,Yes,Illiterate,Yes,Yes,Yes,No,3,Primary,Yes,1,1,0,36,Low,NO,Travel Constraint,Provide Transport,Low Priority
2021,SCH_127,Patan,Tribal,Male,ST,12,Very Low,73.1,16.57,Medium,High,Yes,Illiterate,Yes,No,No,No,5,Illiterate,Yes,1,1,0,40,Low,NO,Travel Constraint,Provide Transport,Low Priority
2021,SCH_038,Morbi,Tribal,Male,OBC,3,Low,88.5,17.63,Low,Medium,Yes,Illiterate,Yes,Yes,No,No,8,Illiterate,No,0,1,0,28,Low,NO,Travel Constraint,Provide Transport,Low Priority
2025,SCH_146,Gandhinagar,Rural,Male,ST,1,Medium,60.0,3.53,Low,Medium,No,Graduate,Yes,No,No,No,3,Secondary,Yes,0,0,1,37,Low,NO,Academic Disengagement,Counselling Support,Low Priority
2020,SCH_139,Valsad,Urban,Male,SC,10,Low,51.6,22.03,Low,Low,Yes,Secondary,Yes,Yes,No,No,8,Primary,No,1,1,1,41,Medium,NO,Academic Disengagement,Counselling Support,Monitor
2023,SCH_072,Rajkot,Rural,Male,OBC,7,High,76.0,23.88,Low,High,Yes,Primary,Yes,No,No,No,4,Illiterate,No,0,1,0,19,Low,NO,Travel Constraint,Provide Transport,Low Priority
2025,SCH_113,Banaskantha,Tribal,Male,SC,6,Low,53.3,24.95,Low,Low,Yes,Graduate,Yes,Yes,No,No,4,Illiterate,No,0,1,1,47,Medium,NO,Academic Disengagement,Counselling Support,Monitor
2025,SCH_040,Anand,Rural,Male,SC,9,Low,77.7,14.22,Medium,Medium,Yes,Primary,No,No,No,No,3,Primary,No,1,1,0,22,Low,NO,Travel Constraint,Provide Transport,Low Priority
2024,SCH_171,Bhavnagar,Rural,Female,ST,11,Very Low,85.1,16.34,Low,High,Yes,Illiterate,Yes,No,Yes,No,6,Primary,No,1,1,0,55,Medium,NO,Travel Constraint,Provide Transport,Monitor
2025,SCH_124,Navsari,Urban,Female,OBC,2,Low,79.4,17.66,Medium,High,Yes,Illiterate,No,No,No,No,6,Illiterate,No,0,1,0,18,Low,NO,Travel Constraint,Provide Transport,Low Priority
2020,SCH_012,Dahod,Urban,Male,OBC,4,High,94.3,19.73,Medium,Low,Yes,Illiterate,Yes,Yes,No,No,4,Illiterate,No,0,1,0,18,Low,NO,Travel Constraint,Provide Transport,Low Priority
2023,SCH_146,Anand,Urban,Male,General,8,Low,54.1,7.35,Medium,Low,Yes,Graduate,No,No,No,No,5,Secondary,No,0,1,1,24,Low,NO,Academic Disengagement,Counselling Support,Low Priority
2022,SCH_091,Jamnagar,Urban,Male,ST,4,Very Low,69.8,11.6,Low,Low,Yes,Secondary,Yes,Yes,No,No,2,Graduate,Yes,0,1,1,41,Medium,NO,Academic Disengagement,Counselling Support,Monitor
2020,SCH_048,Kutch,Urban,Female,SC,5,Medium,49.9,20.77,Medium,High,No,Illiterate,Yes,Yes,Yes,No,6,Primary,No,0,1,1,38,Low,NO,Academic Disengagement,Counselling Support,Low Priority
2019,SCH_137,Navsari,Urban,Male,OBC,7,Medium,78.5,16.12,High,Medium,Yes,Graduate,Yes,Yes,No,No,7,Illiterate,No,0,1,0,6,Low,NO,Travel Constraint,Provide Transport,Low Priority
2023,SCH_083,Amreli,Tribal,Male,General,8,Very Low,75.4,0.23,Medium,Low,No,Graduate,No,No,No,No,7,Illiterate,No,0,0,0,30,Low,NO,Economic Pressure,Provide Scholarship,Low Priority
2025,SCH_124,Jamnagar,Rural,Male,OBC,6,Medium,72.7,23.71,High,Medium,Yes,Secondary,No,No,No,No,5,Primary,No,0,1,0,20,Low,NO,Travel Constraint,Provide Transport,Low Priority
2020,SCH_087,Banaskantha,Rural,Male,OBC,7,Low,75.5,13.05,Low,Low,Yes,Secondary,Yes,Yes,No,No,4,Illiterate,No,0,1,0,41,Medium,NO,Travel Constraint,Provide Transport,Monitor
2022,SCH_099,Junagadh,Rural,Male,SC,12,Medium,97.9,3.15,Medium,High,Yes,Graduate,No,No,No,No,8,Primary,Yes,1,0,0,23,Low,NO,Social Factor,Community Engagement,Low Priority
2019,SCH_002,Banaskantha,Tribal,Female,SC,6,Very Low,99.4,17.41,Medium,Medium,No,Illiterate,Yes,Yes,No,No,5,Secondary,No,0,1,0,38,Low,NO,Travel Constraint,Provide Transport,Low Priority
2023,SCH_047,Navsari,Urban,Female,General,8,Low,57.2,27.27,Low,Medium,Yes,Illiterate,Yes,No,No,No,7,Secondary,No,0,1,1,27,Low,NO,Academic Disengagement,Counselling Support,Low Priority
2021,SCH_008,Bhavnagar,Urban,Male,OBC,4,Medium,41.4,19.34,Medium,Medium,Yes,Illiterate,No,No,No,No,8,Primary,No,0,1,1,17,Low,NO,Academic Disengagement,Counselling Support,Low Priority
2019,SCH_051,Sabarkantha,Tribal,Male,ST,9,Low,70.1,7.42,Low,Medium,No,Primary,Yes,No,Yes,No,5,Graduate,No,1,1,0,57,Medium,NO,Travel Constraint,Provide Transport,Monitor
2022,SCH_173,Navsari,Urban,Male,General,9,High,91.7,19.07,Medium,Medium,Yes,Secondary,Yes,No,No,No,2,Secondary,Yes,1,1,0,21,Low,NO,Travel Constraint,Provide Transport,Low Priority
2020,SCH_008,Morbi,Urban,Male,SC,6,Medium,56.4,10.24,High,Medium,No,Secondary,Yes,No,No,No,5,Primary,No,0,1,1,18,Low,NO,Academic Disengagement,Counselling Support,Low Priority
2022,SCH_112,Rajkot,Rural,Female,OBC,2,Low,92.1,3.92,Medium,Medium,Yes,Primary,No,Yes,No,No,5,Illiterate,No,0,0,0,15,Low,NO,Social Factor,Community Engagement,Low Priority
2021,SCH_071,Dahod,Urban,Female,OBC,2,Very Low,71.6,6.66,Medium,Medium,Yes,Primary,Yes,No,No,No,8,Illiterate,No,0,1,0,32,Low,NO,Travel Constraint,Provide Transport,Low Priority
2024,SCH_060,Mehsana,Urban,Male,SC,11,Low,59.1,20.37,Low,Low,No,Secondary,Yes,Yes,No,No,8,Primary,No,1,1,1,51,Medium,NO,Academic Disengagement,Counselling Support,Monitor
2020,SCH_156,Amreli,Rural,Female,SC,7,Low,49.0,24.96,High,Medium,No,Illiterate,No,Yes,No,No,5,Illiterate,No,0,1,1,36,Low,NO,Academic Disengagement,Counselling Support,Low Priority
2023,SCH_005,Vadodara,Rural,Male,General,3,High,74.6,4.44,Low,Medium,No,Illiterate,Yes,Yes,No,No,6,Illiterate,No,0,0,0,17,Low,NO,Social Factor,Community Engagement,Low Priority
2022,SCH_016,Gandhinagar,Rural,Female,General,9,Very Low,63.2,16.07,High,High,Yes,Secondary,Yes,Yes,No,No,7,Graduate,Yes,1,1,1,46,Medium,NO,Academic Disengagement,Counselling Support,Monitor
2021,SCH_044,Anand,Tribal,Male,General,8,Low,44.1,9.85,High,Medium,Yes,Graduate,No,Yes,No,No,7,Primary,Yes,0,1,1,38,Low,NO,Academic Disengagement,Counselling Support,Low Priority
2025,SCH_113,Morbi,Urban,Female,General,5,Low,46.1,19.18,Medium,Low,No,Primary,Yes,Yes,No,No,7,Secondary,No,0,1,1,33,Low,NO,Academic Disengagement,Counselling Support,Low Priority
2019,SCH_096,Sabarkantha,Urban,Male,OBC,4,High,47.7,4.14,Medium,Low,Yes,Illiterate,Yes,Yes,No,No,3,Graduate,Yes,0,0,1,18,Low,NO,Academic Disengagement,Counselling Support,Low Priority
2024,SCH_010,Vadodara,Urban,Female,SC,8,Very Low,41.0,23.19,Medium,High,No,Secondary,Yes,Yes,No,No,6,Illiterate,No,0,1,1,41,Medium,NO,Academic Disengagement,Counselling Support,Monitor
2024,SCH_136,Rajkot,Rural,Female,SC,10,Low,59.6,3.56,Low,High,No,Illiterate,Yes,No,No,No,8,Illiterate,Yes,1,0,1,50,Medium,NO,Academic Disengagement,Counselling Support,Monitor
2020,SCH_162,Jamnagar,Urban,Male,ST,5,Low,43.3,3.39,Medium,High,Yes,Illiterate,No,No,No,No,2,Graduate,Yes,0,0,1,30,Low,NO,Academic Disengagement,Counselling Support,Low Priority
2021,SCH_072,Bharuch,Urban,Female,General,5,Medium,41.6,27.35,Medium,Medium,No,Secondary,No,Yes,No,No,5,Secondary,No,0,1,1,36,Low,NO,Academic Disengagement,Counselling Support,Low Priority
2019,SCH_127,Navsari,Tribal,Female,General,7,Medium,42.4,19.52,Medium,Medium,Yes,Secondary,No,No,No,No,5,Illiterate,No,0,1,1,45,Medium,NO,Academic Disengagement,Counselling Support,Monitor
2020,SCH_025,Vadodara,Rural,Female,General,5,High,52.7,23.31,Medium,Medium,Yes,Primary,Yes,Yes,No,No,2,Primary,Yes,0,1,1,37,Low,NO,Academic Disengagement,Counselling Support,Low Priority
2024,SCH_125,Amreli,Rural,Male,General,12,Very Low,60.4,3.48,Low,Low,No,Graduate,Yes,No,No,No,6,Primary,No,1,0,1,54,Medium,NO,Academic Disengagement,Counselling Support,Monitor
2024,SCH_017,Ahmedabad,Urban,Male,ST,12,Low,65.5,23.04,Medium,Medium,Yes,Illiterate,Yes,Yes,Yes,No,4,Illiterate,No,1,1,1,51,Medium,NO,Academic Disengagement,Counselling Support,Monitor
2020,SCH_067,Morbi,Rural,Female,ST,5,Very Low,95.4,11.27,Low,Medium,No,Illiterate,No,Yes,No,No,8,Primary,Yes,0,1,0,31,Low,NO,Travel Constraint,Provide Transport,Low Priority
2024,SCH_005,Valsad,Rural,Male,OBC,7,Low,96.2,2.83,Medium,Medium,Yes,Primary,Yes,No,No,No,5,Illiterate,Yes,0,0,0,18,Low,NO,Social Factor,Community Engagement,Low Priority
2024,SCH_039,Amreli,Urban,Female,OBC,3,Medium,68.5,4.02,High,High,No,Graduate,Yes,Yes,No,No,6,Illiterate,No,0,0,1,27,Low,NO,Academic Disengagement,Counselling Support,Low Priority
2025,SCH_022,Dahod,Urban,Female,General,11,Very Low,68.2,17.77,Low,Low,Yes,Primary,Yes,No,No,No,5,Secondary,Yes,1,1,1,53,Medium,NO,Academic Disengagement,Counselling Support,Monitor
2023,SCH_020,Navsari,Rural,Male,OBC,5,Low,68.1,19.22,High,Medium,Yes,Primary,No,No,Yes,No,4,Illiterate,No,0,1,1,31,Low,NO,Academic Disengagement,Counselling Support,Low Priority
2022,SCH_148,Sabarkantha,Tribal,Male,OBC,11,Very Low,49.0,2.12,Medium,Medium,Yes,Graduate,Yes,Yes,No,No,4,Secondary,No,1,0,1,45,Medium,NO,Academic Disengagement,Counselling Support,Monitor
2022,SCH_160,Junagadh,Tribal,Female,General,11,Low,52.4,21.31,Medium,Medium,No,Primary,Yes,Yes,No,No,8,Illiterate,No,1,1,1,38,Low,NO,Academic Disengagement,Counselling Support,Low Priority
2020,SCH_131,Sabarkantha,Urban,Female,OBC,6,Medium,82.9,27.43,High,Medium,No,Secondary,No,Yes,No,No,8,Illiterate,No,0,1,0,18,Low,NO,Travel Constraint,Provide Transport,Low Priority
2019,SCH_066,Jamnagar,Urban,Female,SC,12,Medium,92.3,24.94,Medium,Medium,Yes,Illiterate,Yes,No,No,No,7,Illiterate,Yes,1,1,0,28,Low,NO,Travel Constraint,Provide Transport,Low Priority
2019,SCH_119,Kutch,Tribal,Male,General,9,Medium,58.6,18.1,High,Medium,Yes,Graduate,Yes,Yes,Yes,No,4,Graduate,Yes,1,1,1,56,Medium,NO,Academic Disengagement,Counselling Support,Monitor
2025,SCH_053,Kutch,Urban,Male,ST,2,Medium,61.0,10.05,Medium,High,No,Illiterate,No,Yes,No,No,3,Graduate,No,0,1,1,35,Low,NO,Academic Disengagement,Counselling Support,Low Priority
2025,SCH_018,Ahmedabad,Urban,Male,SC,7,Medium,86.6,19.19,High,Medium,No,Primary,No,Yes,No,No,2,Graduate,No,0,1,0,18,Low,NO,Travel Constraint,Provide Transport,Low Priority
2025,SCH_141,Dahod,Tribal,Female,OBC,8,Medium,71.5,18.68,High,Medium,No,Illiterate,Yes,No,No,No,8,Secondary,Yes,0,1,0,34,Low,NO,Travel Constraint,Provide Transport,Low Priority
2022,SCH_034,Banaskantha,Rural,Male,SC,7,Medium,86.4,23.23,Medium,Low,No,Primary,Yes,Yes,Yes,No,6,Illiterate,Yes,0,1,0,35,Low,NO,Travel Constraint,Provide Transport,Low Priority
2025,SCH_180,Anand,Rural,Female,OBC,7,Very Low,77.2,8.84,Medium,Medium,No,Graduate,Yes,No,Yes,No,2,Illiterate,Yes,0,1,0,43,Medium,NO,Travel Constraint,Provide Transport,Monitor
2023,SCH_068,Navsari,Tribal,Male,General,2,Very Low,50.8,15.67,Medium,Medium,Yes,Primary,Yes,No,Yes,No,6,Primary,Yes,0,1,1,49,Medium,NO,Academic Disengagement,Counselling Support,Monitor
2019,SCH_180,Junagadh,Rural,Male,OBC,9,Medium,89.4,10.97,Medium,High,Yes,Illiterate,No,No,No,No,7,Illiterate,No,1,1,0,22,Low,NO,Travel Constraint,Provide Transport,Low Priority
2022,SCH_055,Rajkot,Rural,Female,OBC,7,Very Low,84.1,16.04,Medium,High,No,Illiterate,No,No,No,Yes,4,Primary,No,0,1,0,28,Low,NO,Travel Constraint,Provide Transport,Low Priority
2024,SCH_175,Amreli,Tribal,Male,OBC,8,Very Low,64.7,23.95,Low,High,No,Graduate,Yes,Yes,Yes,No,2,Graduate,Yes,0,1,1,56,Medium,NO,Academic Disengagement,Counselling Support,Monitor
2021,SCH_073,Gandhinagar,Rural,Female,ST,7,High,57.2,26.94,Medium,Low,Yes,Graduate,Yes,No,No,No,2,Illiterate,No,0,1,1,45,Medium,NO,Academic Disengagement,Counselling Support,Monitor
2023,SCH_052,Dahod,Urban,Female,ST,11,Low,44.0,1.77,Medium,Low,Yes,Secondary,Yes,Yes,Yes,Yes,4,Secondary,Yes,1,0,1,51,Medium,NO,Academic Disengagement,Counselling Support,Monitor
2021,SCH_032,Banaskantha,Tribal,Female,SC,1,Very Low,95.1,21.91,Medium,High,Yes,Graduate,No,Yes,No,No,4,Primary,Yes,0,1,0,43,Medium,NO,Travel Constraint,Provide Transport,Monitor
2022,SCH_177,Valsad,Tribal,Female,General,2,Low,58.2,5.28,High,High,No,Illiterate,Yes,No,No,No,3,Illiterate,Yes,0,1,1,41,Medium,NO,Academic Disengagement,Counselling Support,Monitor
2021,SCH_157,Rajkot,Tribal,Female,OBC,4,Low,70.5,16.94,Medium,High,Yes,Graduate,Yes,Yes,No,No,2,Primary,Yes,0,1,0,26,Low,NO,Travel Constraint,Provide Transport,Low Priority
2025,SCH_140,Amreli,Rural,Male,SC,2,Very Low,58.0,12.96,Medium,Medium,Yes,Secondary,No,Yes,No,No,5,Illiterate,No,0,1,1,28,Low,NO,Academic Disengagement,Counselling Support,Low Priority
2022,SCH_048,Banaskantha,Rural,Female,General,11,Very Low,45.1,17.02,Medium,Medium,Yes,Graduate,Yes,No,No,No,2,Primary,No,1,1,1,54,Medium,NO,Academic Disengagement,Counselling Support,Monitor
2024,SCH_126,Bharuch,Urban,Male,SC,7,Medium,61.9,27.53,High,Low,No,Secondary,Yes,Yes,No,No,2,Secondary,Yes,0,1,1,31,Low,NO,Academic Disengagement,Counselling Support,Low Priority
2019,SCH_010,Jamnagar,Rural,Male,OBC,2,Very Low,64.7,13.16,Medium,Medium,Yes,Illiterate,No,Yes,No,No,8,Primary,No,0,1,1,34,Low,NO,Academic Disengagement,Counselling Support,Low Priority
2020,SCH_133,Patan,Urban,Female,ST,1,High,97.6,21.94,Low,Medium,No,Illiterate,Yes,Yes,Yes,No,3,Illiterate,No,0,1,0,33,Low,NO,Travel Constraint,Provide Transport,Low Priority
2024,SCH_156,Surat,Urban,Male,General,4,High,63.7,10.13,Medium,Low,No,Graduate,Yes,No,No,No,6,Secondary,No,0,1,1,36,Low,NO,Academic Disengagement,Counselling Support,Low Priority
2022,SCH_008,Valsad,Urban,Male,General,7,Low,90.1,5.8,High,Medium,No,Secondary,Yes,Yes,Yes,No,7,Illiterate,No,0,1,0,27,Low,NO,Travel Constraint,Provide Transport,Low Priority
2024,SCH_030,Bharuch,Rural,Female,OBC,8,Very Low,48.5,17.19,High,High,Yes,Illiterate,Yes,Yes,No,No,8,Illiterate,Yes,0,1,1,31,Low,NO,Academic Disengagement,Counselling Support,Low Priority
2022,SCH_084,Bhavnagar,Rural,Male,OBC,7,Low,72.7,21.5,High,High,Yes,Graduate,Yes,No,No,No,3,Illiterate,No,0,1,0,32,Low,NO,Travel Constraint,Provide Transport,Low Priority
2020,SCH_159,Morbi,Rural,Female,OBC,1,Very Low,99.6,25.51,High,Medium,Yes,Primary,Yes,Yes,No,No,7,Illiterate,Yes,0,1,0,18,Low,NO,Travel Constraint,Provide Transport,Low Priority
2019,SCH_098,Ahmedabad,Rural,Male,OBC,12,Medium,61.9,9.89,High,Medium,No,Graduate,No,No,No,No,3,Primary,No,1,1,1,42,Medium,NO,Academic Disengagement,Counselling Support,Monitor
2023,SCH_106,Navsari,Tribal,Male,ST,1,Low,45.5,14.33,Low,Low,No,Illiterate,No,No,No,No,3,Illiterate,Yes,0,1,1,42,Medium,NO,Academic Disengagement,Counselling Support,Monitor
2025,SCH_123,Banaskantha,Tribal,Male,OBC,8,Low,98.2,2.59,Low,Medium,No,Secondary,No,No,No,Yes,5,Secondary,No,0,0,0,34,Low,NO,Social Factor,Community Engagement,Low Priority
2019,SCH_177,Gandhinagar,Urban,Female,General,4,Very Low,59.3,9.12,Low,Medium,Yes,Secondary,No,Yes,No,No,2,Primary,Yes,0,1,1,54,Medium,NO,Academic Disengagement,Counselling Support,Monitor
2021,SCH_032,Jamnagar,Urban,Female,ST,9,Medium,91.0,10.69,High,Medium,Yes,Secondary,Yes,Yes,No,Yes,5,Graduate,No,1,1,0,22,Low,NO,Travel Constraint,Provide Transport,Low Priority
2025,SCH_054,Rajkot,Urban,Male,General,2,Medium,84.7,1.09,Medium,Medium,Yes,Primary,No,No,No,No,2,Secondary,Yes,0,0,0,22,Low,NO,Social Factor,Community Engagement,Low Priority
2021,SCH_057,Kutch,Urban,Male,SC,4,Medium,92.2,4.63,Medium,Medium,No,Secondary,Yes,No,Yes,No,5,Primary,No,0,0,0,25,Low,NO,Social Factor,Community Engagement,Low Priority
2022,SCH_020,Patan,Tribal,Male,OBC,2,Low,78.6,2.56,Medium,Medium,Yes,Primary,Yes,Yes,No,Yes,4,Illiterate,No,0,0,0,16,Low,NO,Social Factor,Community Engagement,Low Priority
2022,SCH_167,Rajkot,Rural,Female,General,6,Very Low,75.2,12.88,Medium,Low,Yes,Illiterate,Yes,Yes,No,No,8,Illiterate,No,0,1,0,37,Low,NO,Travel Constraint,Provide Transport,Low Priority
2023,SCH_115,Rajkot,Tribal,Male,General,3,Low,49.6,20.15,Medium,Low,Yes,Graduate,Yes,Yes,Yes,No,2,Primary,No,0,1,1,43,Medium,NO,Academic Disengagement,Counselling Support,Monitor
2024,SCH_161,Navsari,Urban,Female,OBC,4,Medium,92.2,20.9,Low,High,Yes,Secondary,Yes,Yes,No,No,4,Secondary,No,0,1,0,18,Low,NO,Travel Constraint,Provide Transport,Low Priority
2024,SCH_040,Junagadh,Urban,Male,ST,3,Low,60.4,0.78,Medium,High,Yes,Graduate,No,No,Yes,Yes,5,Secondary,No,0,0,1,37,Low,NO,Academic Disengagement,Counselling Support,Low Priority
2020,SCH_126,Amreli,Rural,Male,SC,11,High,88.9,22.2,High,Medium,Yes,Secondary,Yes,Yes,No,No,4,Primary,No,1,1,0,23,Low,NO,Travel Constraint,Provide Transport,Low Priority
2023,SCH_153,Mehsana,Urban,Female,ST,5,Low,66.7,14.19,Low,Medium,Yes,Primary,Yes,No,No,No,7,Illiterate,No,0,1,1,45,Medium,NO,Academic Disengagement,Counselling Support,Monitor
2019,SCH_168,Surat,Rural,Female,OBC,8,High,78.7,21.44,High,Low,No,Secondary,No,Yes,No,No,2,Primary,No,0,1,0,27,Low,NO,Travel Constraint,Provide Transport,Low Priority
2019,SCH_136,Dahod,Urban,Female,SC,7,Very Low,47.2,8.65,Medium,Low,Yes,Graduate,Yes,No,No,No,6,Graduate,No,0,1,1,40,Low,NO,Academic Disengagement,Counselling Support,Low Priority
2022,SCH_073,Vadodara,Rural,Male,SC,6,Very Low,43.6,9.81,Low,Medium,Yes,Primary,Yes,Yes,No,No,2,Secondary,Yes,0,1,1,35,Low,NO,Academic Disengagement,Counselling Support,Low Priority
2019,SCH_016,Bharuch,Rural,Male,General,9,Medium,85.5,2.83,Low,Low,Yes,Secondary,Yes,No,No,No,7,Graduate,Yes,1,0,0,28,Low,NO,Social Factor,Community Engagement,Low Priority
2025,SCH_072,Bhavnagar,Urban,Male,ST,12,High,99.9,16.56,High,High,Yes,Secondary,Yes,No,No,No,2,Primary,No,1,1,0,45,Medium,NO,Travel Constraint,Provide Transport,Monitor
2025,SCH_054,Banaskantha,Rural,Male,General,6,Low,80.0,20.31,Low,Medium,Yes,Secondary,No,No,No,Yes,8,Illiterate,Yes,0,1,0,24,Low,NO,Travel Constraint,Provide Transport,Low Priority
2019,SCH_166,Patan,Rural,Male,OBC,3,Very Low,65.7,26.97,High,Medium,No,Primary,Yes,No,Yes,No,4,Illiterate,No,0,1,1,51,Medium,NO,Academic Disengagement,Counselling Support,Monitor
2025,SCH_131,Banaskantha,Rural,Female,SC,3,Low,95.7,7.11,Medium,High,No,Illiterate,Yes,No,Yes,No,3,Illiterate,Yes,0,1,0,33,Low,NO,Travel Constraint,Provide Transport,Low Priority
2023,SCH_014,Vadodara,Urban,Male,General,8,Low,57.9,9.78,High,Low,Yes,Secondary,Yes,No,No,No,6,Primary,Yes,0,1,1,28,Low,NO,Academic Disengagement,Counselling Support,Low Priority
2019,SCH_010,Amreli,Tribal,Male,General,6,Very Low,70.6,18.32,Medium,Medium,No,Graduate,No,No,Yes,No,2,Secondary,No,0,1,0,51,Medium,NO,Travel Constraint,Provide Transport,Monitor
2019,SCH_160,Junagadh,Tribal,Male,OBC,1,Medium,55.7,1.52,Low,Medium,Yes,Secondary,Yes,Yes,No,Yes,2,Illiterate,No,0,0,1,42,Medium,NO,Academic Disengagement,Counselling Support,Monitor
2022,SCH_081,Banaskantha,Urban,Male,SC,5,Low,79.0,19.5,Low,Medium,Yes,Secondary,Yes,Yes,Yes,No,6,Primary,No,0,1,0,23,Low,NO,Travel Constraint,Provide Transport,Low Priority
2023,SCH_037,Morbi,Rural,Male,General,3,High,46.6,27.51,Low,Low,Yes,Primary,Yes,No,No,Yes,2,Illiterate,Yes,0,1,1,41,Medium,NO,Academic Disengagement,Counselling Support,Monitor
2023,SCH_162,Amreli,Rural,Male,SC,2,High,87.8,9.55,Medium,Medium,Yes,Primary,No,Yes,No,No,5,Illiterate,No,0,1,0,16,Low,NO,Travel Constraint,Provide Transport,Low Priority
2019,SCH_125,Junagadh,Rural,Female,ST,7,Low,42.7,1.06,Low,Medium,Yes,Secondary,Yes,No,No,No,5,Secondary,No,0,0,1,24,Low,NO,Academic Disengagement,Counselling Support,Low Priority
2023,SCH_168,Navsari,Rural,Female,SC,10,Medium,52.7,24.97,Medium,Medium,Yes,Primary,Yes,No,No,No,4,Secondary,No,1,1,1,46,Medium,NO,Academic Disengagement,Counselling Support,Monitor
2021,SCH_039,Navsari,Urban,Male,General,2,Very Low,57.7,12.79,High,Medium,No,Illiterate,Yes,No,No,No,5,Secondary,No,0,1,1,23,Low,NO,Academic Disengagement,Counselling Support,Low Priority
2025,SCH_087,Surat,Urban,Female,OBC,8,Very Low,92.5,12.27,Low,Low,No,Primary,Yes,No,No,No,5,Primary,No,0,1,0,42,Medium,NO,Travel Constraint,Provide Transport,Monitor
2020,SCH_075,Bharuch,Rural,Female,ST,10,Medium,41.8,19.86,Medium,Low,Yes,Primary,No,Yes,No,No,6,Secondary,Yes,1,1,1,56,Medium,NO,Academic Disengagement,Counselling Support,Monitor
2024,SCH_046,Mehsana,Tribal,Male,OBC,4,Low,58.9,13.66,High,Medium,Yes,Secondary,Yes,No,Yes,No,4,Illiterate,Yes,0,1,1,40,Low,NO,Academic Disengagement,Counselling Support,Low Priority
2020,SCH_110,Kutch,Rural,Male,SC,9,Low,42.6,16.64,Medium,Medium,No,Graduate,Yes,No,No,No,5,Primary,No,1,1,1,36,Low,NO,Academic Disengagement,Counselling Support,Low Priority
2024,SCH_092,Kutch,Rural,Male,OBC,8,High,98.8,22.36,Low,High,Yes,Primary,Yes,No,No,No,8,Primary,No,0,1,0,26,Low,NO,Travel Constraint,Provide Transport,Low Priority
2022,SCH_128,Surat,Tribal,Male,General,8,Low,45.3,26.76,Medium,Medium,Yes,Primary,Yes,Yes,No,No,4,Secondary,Yes,0,1,1,27,Low,NO,Academic Disengagement,Counselling Support,Low Priority
2019,SCH_130,Patan,Rural,Male,OBC,9,Very Low,88.4,9.59,High,Medium,Yes,Graduate,No,No,Yes,No,3,Illiterate,No,1,1,0,48,Medium,NO,Travel Constraint,Provide Transport,Monitor
2025,SCH_008,Kutch,Urban,Male,SC,1,Low,74.8,19.79,Medium,Low,No,Illiterate,No,Yes,No,No,4,Secondary,Yes,0,1,0,17,Low,NO,Travel Constraint,Provide Transport,Low Priority
2019,SCH_050,Rajkot,Rural,Male,General,11,Low,88.5,3.4,High,Medium,No,Illiterate,No,Yes,No,No,6,Primary,No,1,0,0,21,Low,NO,Social Factor,Community Engagement,Low Priority
2022,SCH_121,Banaskantha,Urban,Male,SC,3,Medium,59.3,10.28,Medium,Low,No,Graduate,No,Yes,No,No,3,Secondary,No,0,1,1,30,Low,NO,Academic Disengagement,Counselling Support,Low Priority
2021,SCH_083,Banaskantha,Urban,Male,OBC,7,Very Low,54.5,11.44,Medium,High,No,Secondary,Yes,No,No,No,3,Illiterate,Yes,0,1,1,24,Low,NO,Academic Disengagement,Counselling Support,Low Priority
2023,SCH_135,Junagadh,Rural,Female,OBC,6,Low,69.7,27.47,High,Low,Yes,Primary,Yes,No,No,No,8,Primary,Yes,0,1,1,34,Low,NO,Academic Disengagement,Counselling Support,Low Priority
2025,SCH_041,Dahod,Tribal,Female,OBC,6,Low,92.6,23.83,Medium,Medium,Yes,Illiterate,Yes,No,No,No,6,Illiterate,Yes,0,1,0,22,Low,NO,Travel Constraint,Provide Transport,Low Priority
2022,SCH_152,Dahod,Rural,Male,General,7,Very Low,94.4,6.62,Medium,Medium,Yes,Secondary,No,No,No,Yes,2,Graduate,No,0,1,0,33,Low,NO,Travel Constraint,Provide Transport,Low Priority
2019,SCH_101,Bharuch,Tribal,Male,OBC,6,High,58.4,19.09,Low,High,Yes,Illiterate,Yes,Yes,Yes,No,8,Primary,No,0,1,1,57,Medium,NO,Academic Disengagement,Counselling Support,Monitor
2019,SCH_090,Navsari,Urban,Female,OBC,1,Low,87.1,22.2,Medium,High,No,Primary,Yes,Yes,No,Yes,2,Secondary,Yes,0,1,0,22,Low,NO,Travel Constraint,Provide Transport,Low Priority
2025,SCH_027,Valsad,Rural,Female,SC,2,High,84.6,23.78,High,Medium,Yes,Secondary,Yes,Yes,No,No,3,Illiterate,No,0,1,0,19,Low,NO,Travel Constraint,Provide Transport,Low Priority
2020,SCH_082,Vadodara,Rural,Male,SC,1,High,69.7,25.28,Low,High,No,Illiterate,Yes,Yes,Yes,No,2,Secondary,No,0,1,1,40,Low,NO,Academic Disengagement,Counselling Support,Low Priority
2022,SCH_143,Banaskantha,Rural,Male,OBC,12,Low,54.9,25.04,High,High,No,Illiterate,Yes,No,No,No,8,Illiterate,No,1,1,1,54,Medium,NO,Academic Disengagement,Counselling Support,Monitor
2024,SCH_060,Morbi,Urban,Male,OBC,7,Low,91.8,1.24,High,Medium,No,Graduate,Yes,No,No,No,7,Primary,No,0,0,0,16,Low,NO,Social Factor,Community Engagement,Low Priority
2022,SCH_143,Jamnagar,Urban,Male,SC,5,Low,91.1,6.43,Medium,Medium,Yes,Secondary,Yes,No,No,No,5,Primary,Yes,0,1,0,5,Low,NO,Travel Constraint,Provide Transport,Low Priority
2022,SCH_179,Amreli,Tribal,Male,OBC,3,Medium,46.8,20.36,Low,Low,No,Illiterate,No,Yes,No,No,7,Illiterate,No,0,1,1,44,Medium,NO,Academic Disengagement,Counselling Support,Monitor
2025,SCH_113,Vadodara,Rural,Male,General,4,Medium,45.8,4.89,Medium,Low,Yes,Secondary,No,No,No,No,2,Illiterate,No,0,0,1,39,Low,NO,Academic Disengagement,Counselling Support,Low Priority
2021,SCH_006,Ahmedabad,Rural,Female,OBC,12,Very Low,58.6,3.39,Medium,Low,No,Primary,Yes,No,No,No,7,Primary,No,1,0,1,48,Medium,NO,Academic Disengagement,Counselling Support,Monitor
2020,SCH_034,Bharuch,Urban,Female,OBC,11,Medium,60.4,21.81,Medium,Medium,Yes,Illiterate,Yes,Yes,No,No,7,Illiterate,Yes,1,1,1,40,Low,NO,Academic Disengagement,Counselling Support,Low Priority
2025,SCH_033,Ahmedabad,Rural,Male,ST,5,High,76.8,24.93,High,Medium,Yes,Illiterate,Yes,Yes,No,No,2,Illiterate,Yes,0,1,0,27,Low,NO,Travel Constraint,Provide Transport,Low Priority
2023,SCH_034,Kutch,Urban,Female,SC,9,High,53.1,22.59,Medium,Medium,Yes,Secondary,Yes,No,No,No,4,Illiterate,No,1,1,1,47,Medium,NO,Academic Disengagement,Counselling Support,Monitor
2021,SCH_004,Anand,Urban,Male,SC,8,Very Low,49.4,27.92,Medium,High,No,Illiterate,No,Yes,No,No,5,Secondary,No,0,1,1,41,Medium,NO,Academic Disengagement,Counselling Support,Monitor
2020,SCH_120,Sabarkantha,Rural,Male,OBC,3,Medium,52.6,17.11,Medium,Medium,Yes,Secondary,No,Yes,No,No,8,Illiterate,No,0,1,1,36,Low,NO,Academic Disengagement,Counselling Support,Low Priority
2021,SCH_074,Rajkot,Urban,Male,SC,11,Low,56.8,3.21,Low,Medium,Yes,Primary,Yes,No,No,No,3,Primary,No,1,0,1,48,Medium,NO,Academic Disengagement,Counselling Support,Monitor
2023,SCH_059,Gandhinagar,Urban,Female,OBC,12,Very Low,84.9,16.29,Low,High,Yes,Secondary,Yes,Yes,Yes,No,7,Secondary,No,1,1,0,40,Low,NO,Travel Constraint,Provide Transport,Low Priority
2019,SCH_010,Dahod,Rural,Female,General,6,Medium,43.3,4.69,Low,Medium,No,Graduate,Yes,No,No,No,4,Primary,No,0,0,1,36,Low,NO,Academic Disengagement,Counselling Support,Low Priority
2023,SCH_097,Patan,Rural,Male,OBC,8,High,67.7,21.72,Medium,Medium,Yes,Secondary,No,Yes,No,No,6,Illiterate,No,0,1,1,33,Low,NO,Academic Disengagement,Counselling Support,Low Priority
2020,SCH_047,Rajkot,Urban,Male,ST,1,Low,53.9,9.53,Low,Low,Yes,Graduate,Yes,No,No,No,3,Primary,Yes,0,1,1,44,Medium,NO,Academic Disengagement,Counselling Support,Monitor
2024,SCH_025,Vadodara,Urban,Male,OBC,9,Low,61.6,26.8,Low,High,No,Graduate,Yes,No,No,No,8,Illiterate,No,1,1,1,48,Medium,NO,Academic Disengagement,Counselling Support,Monitor
2021,SCH_019,Bhavnagar,Urban,Male,General,1,Low,68.0,13.18,Medium,Medium,Yes,Graduate,No,Yes,No,No,6,Secondary,No,0,1,1,19,Low,NO,Academic Disengagement,Counselling Support,Low Priority
2021,SCH_100,Kutch,Urban,Female,SC,3,Medium,83.6,26.84,Medium,High,Yes,Secondary,Yes,Yes,No,No,2,Primary,No,0,1,0,25,Low,NO,Travel Constraint,Provide Transport,Low Priority
2023,SCH_102,Dahod,Tribal,Female,OBC,10,Very Low,53.7,15.02,Low,Medium,No,Secondary,Yes,Yes,No,No,8,Secondary,No,1,1,1,61,Medium,NO,Academic Disengagement,Counselling Support,Monitor
2020,SCH_086,Gandhinagar,Rural,Female,OBC,3,High,90.0,26.55,Low,Medium,No,Primary,No,Yes,No,No,7,Illiterate,Yes,0,1,0,28,Low,NO,Travel Constraint,Provide Transport,Low Priority
2022,SCH_005,Surat,Tribal,Male,OBC,4,High,51.8,1.59,Medium,Low,Yes,Secondary,No,Yes,No,No,6,Secondary,Yes,0,0,1,28,Low,NO,Academic Disengagement,Counselling Support,Low Priority
2023,SCH_160,Banaskantha,Rural,Male,OBC,3,Very Low,79.0,11.48,Medium,Medium,Yes,Illiterate,Yes,Yes,No,No,7,Secondary,No,0,1,0,31,Low,NO,Travel Constraint,Provide Transport,Low Priority
2021,SCH_134,Jamnagar,Tribal,Female,OBC,12,Low,79.6,3.21,Medium,Low,Yes,Secondary,Yes,No,No,No,5,Primary,No,1,0,0,41,Medium,NO,Social Factor,Community Engagement,Monitor
2022,SCH_164,Morbi,Urban,Female,ST,7,High,55.4,26.32,Medium,Medium,No,Graduate,No,Yes,No,No,4,Illiterate,Yes,0,1,1,41,Medium,NO,Academic Disengagement,Counselling Support,Monitor
2023,SCH_046,Morbi,Tribal,Male,SC,4,Very Low,92.3,27.64,Medium,Medium,Yes,Secondary,No,Yes,No,No,8,Illiterate,Yes,0,1,0,30,Low,NO,Travel Constraint,Provide Transport,Low Priority
2025,SCH_031,Mehsana,Rural,Female,OBC,5,High,54.9,19.99,Medium,Medium,Yes,Graduate,Yes,Yes,No,No,5,Graduate,No,0,1,1,30,Low,NO,Academic Disengagement,Counselling Support,Low Priority
2020,SCH_053,Navsari,Urban,Female,OBC,2,Low,88.3,19.34,Medium,Medium,No,Illiterate,Yes,No,No,No,3,Primary,Yes,0,1,0,14,Low,NO,Travel Constraint,Provide Transport,Low Priority
2019,SCH_065,Junagadh,Tribal,Male,OBC,2,Very Low,45.5,20.09,Medium,Low,No,Secondary,No,Yes,Yes,No,6,Secondary,No,0,1,1,50,Medium,NO,Academic Disengagement,Counselling Support,Monitor
2023,SCH_023,Bharuch,Rural,Male,OBC,2,Very Low,54.0,15.64,High,Low,Yes,Graduate,Yes,No,No,No,2,Primary,Yes,0,1,1,25,Low,NO,Academic Disengagement,Counselling Support,Low Priority
2024,SCH_028,Mehsana,Rural,Female,SC,12,Medium,49.9,13.29,Low,Low,Yes,Primary,Yes,Yes,No,No,5,Illiterate,No,1,1,1,43,Medium,NO,Academic Disengagement,Counselling Support,Monitor
2020,SCH_114,Navsari,Urban,Female,SC,9,High,88.7,9.75,Medium,Low,Yes,Illiterate,Yes,No,No,No,5,Illiterate,No,1,1,0,33,Low,NO,Travel Constraint,Provide Transport,Low Priority
2022,SCH_076,Junagadh,Urban,Male,OBC,6,Medium,65.8,3.21,Medium,Medium,Yes,Illiterate,No,Yes,No,No,5,Illiterate,Yes,0,0,1,21,Low,NO,Academic Disengagement,Counselling Support,Low Priority
2024,SCH_167,Valsad,Rural,Female,OBC,7,Medium,97.6,17.79,Low,High,Yes,Primary,Yes,No,No,No,4,Primary,Yes,0,1,0,17,Low,NO,Travel Constraint,Provide Transport,Low Priority
2023,SCH_121,Banaskantha,Rural,Female,ST,7,Very Low,81.8,20.39,High,High,Yes,Graduate,Yes,No,No,No,6,Illiterate,No,0,1,0,41,Medium,NO,Travel Constraint,Provide Transport,Monitor
2021,SCH_068,Bharuch,Tribal,Female,ST,10,Medium,57.9,27.45,Medium,High,No,Primary,Yes,Yes,No,No,6,Primary,No,1,1,1,53,Medium,NO,Academic Disengagement,Counselling Support,Monitor
2024,SCH_131,Kutch,Rural,Male,OBC,8,Medium,42.4,1.64,High,Low,Yes,Primary,Yes,Yes,No,No,8,Illiterate,No,0,0,1,35,Low,NO,Academic Disengagement,Counselling Support,Low Priority
2019,SCH_075,Valsad,Urban,Female,OBC,4,Low,45.7,5.66,Medium,Low,Yes,Secondary,Yes,Yes,No,No,3,Primary,No,0,1,1,28,Low,NO,Academic Disengagement,Counselling Support,Low Priority
2020,SCH_056,Junagadh,Tribal,Male,SC,3,Very Low,50.1,13.03,Low,High,Yes,Primary,Yes,Yes,No,No,3,Graduate,No,0,1,1,47,Medium,NO,Academic Disengagement,Counselling Support,Monitor
2020,SCH_121,Gandhinagar,Rural,Male,General,11,Low,44.6,0.25,Low,Medium,Yes,Primary,Yes,No,No,No,3,Primary,No,1,0,1,50,Medium,NO,Academic Disengagement,Counselling Support,Monitor
2019,SCH_018,Kutch,Tribal,Female,OBC,12,Medium,88.2,13.2,Medium,Medium,Yes,Primary,Yes,Yes,No,No,6,Primary,Yes,1,1,0,50,Medium,NO,Travel Constraint,Provide Transport,Monitor
2021,SCH_046,Valsad,Rural,Male,ST,6,Medium,60.2,9.95,Low,Medium,Yes,Secondary,Yes,No,No,Yes,3,Primary,Yes,0,1,1,36,Low,NO,Academic Disengagement,Counselling Support,Low Priority
2020,SCH_100,Surat,Urban,Female,OBC,10,Very Low,48.7,15.82,Medium,Low,No,Secondary,Yes,Yes,No,No,3,Primary,No,1,1,1,55,Medium,NO,Academic Disengagement,Counselling Support,Monitor
2022,SCH_071,Valsad,Tribal,Male,ST,12,Very Low,58.8,7.45,High,Medium,Yes,Graduate,Yes,No,Yes,No,6,Primary,No,1,1,1,61,Medium,NO,Academic Disengagement,Counselling Support,Monitor
2025,SCH_087,Bharuch,Rural,Male,General,12,Medium,94.9,5.31,Low,High,Yes,Illiterate,Yes,Yes,No,No,6,Secondary,No,1,1,0,33,Low,NO,Travel Constraint,Provide Transport,Low Priority
2024,SCH_053,Gandhinagar,Rural,Female,General,3,Very Low,64.4,7.75,Low,Medium,Yes,Primary,Yes,Yes,No,Yes,2,Primary,No,0,1,1,40,Low,NO,Academic Disengagement,Counselling Support,Low Priority
2022,SCH_144,Patan,Rural,Male,General,12,Medium,76.6,7.08,High,Medium,No,Primary,No,No,No,No,6,Primary,Yes,1,1,0,33,Low,NO,Travel Constraint,Provide Transport,Low Priority
2023,SCH_006,Vadodara,Urban,Female,OBC,7,Very Low,51.4,5.46,High,High,No,Primary,Yes,Yes,No,No,8,Secondary,Yes,0,1,1,32,Low,NO,Academic Disengagement,Counselling Support,Low Priority
2022,SCH_003,Rajkot,Rural,Female,SC,12,Very Low,73.1,19.75,Medium,Low,Yes,Primary,No,Yes,No,No,3,Illiterate,No,1,1,0,48,Medium,NO,Travel Constraint,Provide Transport,Monitor
2022,SCH_150,Navsari,Tribal,Female,ST,7,High,80.5,6.04,High,Low,Yes,Secondary,Yes,Yes,No,No,5,Graduate,No,0,1,0,35,Low,NO,Travel Constraint,Provide Transport,Low Priority
2022,SCH_118,Surat,Urban,Male,OBC,3,Very Low,74.3,24.33,High,High,No,Secondary,Yes,No,No,No,6,Illiterate,Yes,0,1,0,26,Low,NO,Travel Constraint,Provide Transport,Low Priority
2021,SCH_142,Jamnagar,Rural,Male,SC,9,Medium,66.6,25.36,Medium,High,Yes,Primary,Yes,No,Yes,No,7,Illiterate,No,1,1,1,54,Medium,NO,Academic Disengagement,Counselling Support,Monitor
2021,SCH_037,Dahod,Rural,Female,General,7,Medium,84.6,14.76,Low,Medium,No,Illiterate,Yes,No,No,No,3,Illiterate,Yes,0,1,0,39,Low,NO,Travel Constraint,Provide Transport,Low Priority
2024,SCH_175,Valsad,Tribal,Female,SC,12,Low,84.4,22.73,Medium,Medium,Yes,Primary,Yes,No,No,Yes,8,Primary,Yes,1,1,0,44,Medium,NO,Travel Constraint,Provide Transport,Monitor
2020,SCH_050,Sabarkantha,Tribal,Male,SC,6,Low,77.5,2.82,High,Low,Yes,Illiterate,Yes,No,Yes,No,3,Secondary,No,0,0,0,37,Low,NO,Social Factor,Community Engagement,Low Priority
2025,SCH_123,Navsari,Rural,Male,OBC,4,Low,52.1,22.13,High,High,Yes,Illiterate,No,Yes,Yes,No,4,Graduate,No,0,1,1,40,Low,NO,Academic Disengagement,Counselling Support,Low Priority
2025,SCH_179,Banaskantha,Tribal,Male,OBC,7,Medium,48.4,27.6,Medium,Medium,No,Illiterate,Yes,No,No,No,3,Secondary,Yes,0,1,1,33,Low,NO,Academic Disengagement,Counselling Support,Low Priority
2019,SCH_094,Junagadh,Urban,Male,ST,4,Very Low,97.7,14.73,Medium,Medium,Yes,Illiterate,No,Yes,No,Yes,4,Illiterate,No,0,1,0,16,Low,NO,Travel Constraint,Provide Transport,Low Priority
2023,SCH_064,Rajkot,Rural,Male,General,3,Medium,58.1,18.15,Medium,Medium,No,Primary,Yes,Yes,No,No,7,Illiterate,No,0,1,1,26,Low,NO,Academic Disengagement,Counselling Support,Low Priority
2021,SCH_075,Anand,Urban,Male,General,1,High,54.4,12.09,High,Low,No,Illiterate,Yes,No,No,No,5,Illiterate,No,0,1,1,38,Low,NO,Academic Disengagement,Counselling Support,Low Priority
2020,SCH_022,Surat,Rural,Female,OBC,5,Very Low,62.2,5.27,Medium,Medium,Yes,Secondary,Yes,No,No,No,2,Primary,Yes,0,1,1,27,Low,NO,Academic Disengagement,Counselling Support,Low Priority
2022,SCH_025,Anand,Urban,Female,ST,7,Very Low,96.8,27.78,High,High,Yes,Illiterate,Yes,No,No,No,8,Secondary,No,0,1,0,32,Low,NO,Travel Constraint,Provide Transport,Low Priority
2023,SCH_001,Patan,Rural,Female,General,2,Medium,48.2,17.42,Medium,Low,Yes,Secondary,Yes,Yes,No,No,5,Primary,Yes,0,1,1,43,Medium,NO,Academic Disengagement,Counselling Support,Monitor
2021,SCH_057,Amreli,Rural,Female,SC,7,Medium,68.6,24.13,High,High,Yes,Graduate,No,No,No,No,7,Illiterate,Yes,0,1,1,40,Low,NO,Academic Disengagement,Counselling Support,Low Priority
2024,SCH_174,Gandhinagar,Rural,Female,OBC,5,Medium,99.1,18.78,Medium,Medium,Yes,Secondary,Yes,No,No,No,4,Primary,No,0,1,0,11,Low,NO,Travel Constraint,Provide Transport,Low Priority
2025,SCH_136,Amreli,Rural,Female,General,2,Medium,68.8,5.12,High,Low,Yes,Primary,Yes,No,No,No,3,Primary,No,0,1,1,32,Low,NO,Academic Disengagement,Counselling Support,Low Priority
2023,SCH_056,Surat,Rural,Female,OBC,3,Low,90.8,3.3,Medium,High,Yes,Illiterate,Yes,Yes,No,Yes,7,Primary,No,0,0,0,24,Low,NO,Social Factor,Community Engagement,Low Priority
2025,SCH_091,Gandhinagar,Urban,Female,SC,3,Very Low,87.0,14.55,High,Medium,Yes,Primary,Yes,No,No,No,2,Illiterate,Yes,0,1,0,12,Low,NO,Travel Constraint,Provide Transport,Low Priority
2025,SCH_162,Dahod,Urban,Female,OBC,7,Low,94.3,0.41,Low,Medium,Yes,Secondary,No,Yes,No,No,7,Primary,Yes,0,0,0,18,Low,NO,Social Factor,Community Engagement,Low Priority
2024,SCH_134,Bharuch,Rural,Female,SC,7,Low,63.9,11.16,Medium,Medium,Yes,Graduate,Yes,Yes,No,No,7,Graduate,Yes,0,1,1,31,Low,NO,Academic Disengagement,Counselling Support,Low Priority
2025,SCH_163,Gandhinagar,Urban,Male,OBC,8,Very Low,63.5,20.75,Medium,Medium,No,Secondary,Yes,No,No,No,2,Graduate,No,0,1,1,46,Medium,NO,Academic Disengagement,Counselling Support,Monitor
2019,SCH_051,Surat,Rural,Female,OBC,10,Medium,40.6,9.66,Medium,Medium,No,Secondary,Yes,No,No,No,7,Illiterate,Yes,1,1,1,60,Medium,NO,Academic Disengagement,Counselling Support,Monitor
2021,SCH_050,Banaskantha,Tribal,Male,OBC,12,Low,48.1,13.25,Low,Medium,Yes,Secondary,Yes,No,Yes,No,7,Illiterate,Yes,1,1,1,56,Medium,NO,Academic Disengagement,Counselling Support,Monitor
2021,SCH_078,Bhavnagar,Rural,Male,SC,12,Low,95.2,27.12,Low,Low,Yes,Primary,Yes,No,Yes,No,3,Illiterate,No,1,1,0,42,Medium,NO,Travel Constraint,Provide Transport,Monitor
2024,SCH_169,Dahod,Rural,Male,ST,7,Medium,96.8,10.85,Low,Medium,Yes,Illiterate,Yes,No,No,No,8,Primary,Yes,0,1,0,24,Low,NO,Travel Constraint,Provide Transport,Low Priority
2020,SCH_172,Anand,Rural,Male,General,8,Medium,56.5,26.15,Low,Low,Yes,Secondary,No,No,No,No,7,Secondary,Yes,0,1,1,43,Medium,NO,Academic Disengagement,Counselling Support,Monitor
2020,SCH_102,Navsari,Urban,Female,General,4,Low,82.1,4.62,Medium,Medium,Yes,Illiterate,Yes,No,No,No,8,Illiterate,No,0,0,0,10,Low,NO,Social Factor,Community Engagement,Low Priority
2020,SCH_169,Patan,Tribal,Female,SC,11,Low,73.6,4.38,Medium,Low,Yes,Illiterate,No,Yes,No,No,3,Secondary,Yes,1,0,0,33,Low,NO,Social Factor,Community Engagement,Low Priority
2019,SCH_056,Rajkot,Urban,Female,General,3,Low,59.6,24.23,Low,Low,Yes,Primary,Yes,No,No,No,6,Illiterate,No,0,1,1,21,Low,NO,Academic Disengagement,Counselling Support,Low Priority
2021,SCH_081,Banaskantha,Tribal,Male,General,8,Very Low,41.4,17.85,Medium,High,Yes,Illiterate,Yes,Yes,No,No,4,Illiterate,No,0,1,1,39,Low,NO,Academic Disengagement,Counselling Support,Low Priority
2022,SCH_134,Bharuch,Rural,Female,General,3,Medium,82.4,21.18,Medium,Medium,No,Illiterate,Yes,Yes,No,Yes,2,Primary,Yes,0,1,0,24,Low,NO,Travel Constraint,Provide Transport,Low Priority
2022,SCH_126,Vadodara,Rural,Male,OBC,4,Medium,93.6,24.8,High,Medium,Yes,Illiterate,No,No,No,No,4,Secondary,No,0,1,0,14,Low,NO,Travel Constraint,Provide Transport,Low Priority
2023,SCH_138,Patan,Rural,Female,General,3,Medium,85.0,17.71,Low,Medium,No,Primary,Yes,No,No,No,5,Illiterate,No,0,1,0,23,Low,NO,Travel Constraint,Provide Transport,Low Priority
2025,SCH_038,Jamnagar,Rural,Female,ST,11,High,42.4,14.86,Medium,Medium,Yes,Secondary,No,Yes,No,No,3,Graduate,No,1,1,1,59,Medium,NO,Academic Disengagement,Counselling Support,Monitor
2021,SCH_067,Valsad,Tribal,Male,SC,9,Very Low,56.6,12.36,Low,Medium,Yes,Secondary,Yes,No,No,No,8,Secondary,No,1,1,1,46,Medium,NO,Academic Disengagement,Counselling Support,Monitor
2024,SCH_021,Morbi,Tribal,Female,General,11,Low,66.0,18.49,Low,Medium,No,Graduate,Yes,Yes,No,No,8,Secondary,No,1,1,1,42,Medium,NO,Academic Disengagement,Counselling Support,Monitor
2019,SCH_091,Junagadh,Tribal,Male,General,7,Low,42.3,4.62,High,Low,No,Graduate,Yes,Yes,No,No,5,Primary,No,0,0,1,40,Low,NO,Academic Disengagement,Counselling Support,Low Priority
2024,SCH_086,Patan,Urban,Female,SC,10,High,48.8,24.4,Low,Low,Yes,Graduate,No,Yes,No,No,2,Primary,No,1,1,1,47,Medium,NO,Academic Disengagement,Counselling Support,Monitor
2025,SCH_169,Sabarkantha,Rural,Female,OBC,3,Medium,73.7,2.04,Medium,Low,Yes,Primary,Yes,No,No,No,4,Illiterate,Yes,0,0,0,14,Low,NO,Social Factor,Community Engagement,Low Priority
2023,SCH_162,Jamnagar,Urban,Male,OBC,10,Low,51.7,20.53,Low,High,Yes,Primary,Yes,Yes,Yes,Yes,8,Primary,No,1,1,1,42,Medium,NO,Academic Disengagement,Counselling Support,Monitor
2025,SCH_131,Ahmedabad,Rural,Female,OBC,8,Low,60.2,0.56,Low,Low,No,Primary,No,Yes,No,No,8,Secondary,No,0,0,1,35,Low,NO,Academic Disengagement,Counselling Support,Low Priority
2020,SCH_141,Navsari,Rural,Male,ST,11,High,85.6,1.8,Low,Medium,Yes,Graduate,Yes,Yes,No,No,5,Illiterate,Yes,1,0,0,31,Low,NO,Social Factor,Community Engagement,Low Priority
2022,SCH_101,Dahod,Urban,Male,ST,8,Low,71.3,19.15,Medium,Medium,No,Illiterate,No,Yes,No,No,2,Primary,No,0,1,0,26,Low,NO,Travel Constraint,Provide Transport,Low Priority
2019,SCH_169,Gandhinagar,Tribal,Male,ST,11,Medium,76.0,26.87,High,Medium,Yes,Primary,Yes,Yes,Yes,Yes,5,Secondary,Yes,1,1,0,46,Medium,NO,Travel Constraint,Provide Transport,Monitor
2025,SCH_091,Valsad,Urban,Female,General,11,Low,50.5,22.03,Medium,Medium,No,Illiterate,Yes,Yes,No,No,4,Primary,No,1,1,1,43,Medium,NO,Academic Disengagement,Counselling Support,Monitor
2021,SCH_163,Anand,Rural,Male,OBC,8,Very Low,80.0,11.72,Medium,Medium,Yes,Primary,No,No,No,No,5,Illiterate,Yes,0,1,0,17,Low,NO,Travel Constraint,Provide Transport,Low Priority
2025,SCH_154,Bharuch,Rural,Male,General,9,Medium,58.5,1.08,High,Medium,No,Secondary,Yes,Yes,No,No,2,Illiterate,No,1,0,1,46,Medium,NO,Academic Disengagement,Counselling Support,Monitor
2022,SCH_038,Jamnagar,Rural,Male,ST,10,Medium,89.1,19.08,Medium,Medium,No,Illiterate,Yes,No,No,No,2,Illiterate,Yes,1,1,0,42,Medium,NO,Travel Constraint,Provide Transport,Monitor
2019,SCH_114,Banaskantha,Tribal,Female,OBC,6,Low,94.0,25.27,Low,Medium,Yes,Primary,Yes,No,No,No,3,Graduate,Yes,0,1,0,32,Low,NO,Travel Constraint,Provide Transport,Low Priority
2021,SCH_072,Rajkot,Urban,Male,OBC,7,Medium,74.1,24.77,High,Medium,Yes,Secondary,Yes,No,No,No,8,Secondary,No,0,1,0,7,Low,NO,Travel Constraint,Provide Transport,Low Priority
2021,SCH_153,Surat,Urban,Male,OBC,9,Medium,53.3,13.24,Low,Low,Yes,Illiterate,Yes,Yes,No,No,8,Primary,Yes,1,1,1,39,Low,NO,Academic Disengagement,Counselling Support,Low Priority
2023,SCH_132,Mehsana,Rural,Male,OBC,11,Very Low,44.5,20.09,Medium,Medium,Yes,Primary,Yes,Yes,No,No,7,Secondary,No,1,1,1,52,Medium,NO,Academic Disengagement,Counselling Support,Monitor
2022,SCH_117,Surat,Rural,Male,OBC,1,Low,69.3,25.72,Medium,Low,Yes,Primary,Yes,Yes,Yes,No,8,Primary,No,0,1,1,50,Medium,NO,Academic Disengagement,Counselling Support,Monitor
2019,SCH_106,Anand,Rural,Female,OBC,11,Very Low,68.9,23.47,Medium,Medium,Yes,Primary,Yes,No,Yes,No,7,Illiterate,Yes,1,1,1,59,Medium,NO,Academic Disengagement,Counselling Support,Monitor
2021,SCH_016,Bharuch,Urban,Female,General,2,Very Low,42.3,7.3,High,Medium,Yes,Primary,Yes,No,No,No,6,Graduate,No,0,1,1,24,Low,NO,Academic Disengagement,Counselling Support,Low Priority
2020,SCH_102,Dahod,Tribal,Male,General,6,Low,96.4,19.29,High,High,Yes,Graduate,Yes,Yes,No,No,5,Primary,Yes,0,1,0,20,Low,NO,Travel Constraint,Provide Transport,Low Priority
2021,SCH_113,Vadodara,Tribal,Female,General,9,High,57.7,8.73,High,Medium,Yes,Secondary,Yes,No,Yes,No,5,Secondary,No,1,1,1,56,Medium,NO,Academic Disengagement,Counselling Support,Monitor
2024,SCH_024,Jamnagar,Tribal,Male,SC,6,Medium,41.0,25.1,High,High,Yes,Primary,No,Yes,No,No,5,Secondary,Yes,0,1,1,28,Low,NO,Academic Disengagement,Counselling Support,Low Priority
2023,SCH_176,Surat,Urban,Female,OBC,12,Medium,87.5,4.46,High,Medium,No,Graduate,No,No,No,No,8,Primary,No,1,0,0,19,Low,NO,Social Factor,Community Engagement,Low Priority
2025,SCH_158,Gandhinagar,Rural,Female,General,8,Low,51.3,2.21,Medium,Medium,Yes,Primary,Yes,Yes,No,No,2,Secondary,No,0,0,1,31,Low,NO,Academic Disengagement,Counselling Support,Low Priority
2022,SCH_039,Mehsana,Urban,Male,General,1,Low,55.6,23.99,Low,Medium,No,Primary,Yes,No,No,No,7,Illiterate,Yes,0,1,1,30,Low,NO,Academic Disengagement,Counselling Support,Low Priority
2025,SCH_094,Banaskantha,Rural,Male,General,11,Very Low,81.9,27.65,Low,Low,No,Primary,Yes,Yes,Yes,No,8,Primary,No,1,1,0,60,Medium,NO,Travel Constraint,Provide Transport,Monitor
2020,SCH_005,Mehsana,Rural,Male,OBC,11,Low,57.1,4.54,Low,Medium,No,Secondary,Yes,Yes,No,Yes,4,Primary,Yes,1,0,1,44,Medium,NO,Academic Disengagement,Counselling Support,Monitor
2023,SCH_158,Jamnagar,Tribal,Male,SC,5,Medium,63.2,5.73,Low,Low,No,Illiterate,Yes,No,No,No,7,Graduate,No,0,1,1,44,Medium,NO,Academic Disengagement,Counselling Support,Monitor
2025,SCH_055,Banaskantha,Rural,Female,OBC,1,High,57.2,6.63,Low,High,Yes,Primary,Yes,Yes,No,No,7,Secondary,Yes,0,1,1,32,Low,NO,Academic Disengagement,Counselling Support,Low Priority
2020,SCH_014,Gandhinagar,Rural,Female,General,4,Low,85.9,4.14,Low,Medium,Yes,Secondary,Yes,Yes,No,No,7,Secondary,No,0,0,0,23,Low,NO,Social Factor,Community Engagement,Low Priority
2024,SCH_020,Sabarkantha,Rural,Female,ST,8,Low,69.4,1.47,Medium,Low,No,Primary,Yes,No,No,No,6,Secondary,No,0,0,1,28,Low,NO,Academic Disengagement,Counselling Support,Low Priority
2024,SCH_116,Valsad,Rural,Male,OBC,2,Medium,85.3,23.61,High,High,Yes,Illiterate,No,No,No,Yes,2,Secondary,Yes,0,1,0,19,Low,NO,Travel Constraint,Provide Transport,Low Priority
2020,SCH_122,Jamnagar,Rural,Male,General,7,Very Low,94.2,17.61,Low,High,No,Primary,Yes,Yes,Yes,No,2,Graduate,Yes,0,1,0,33,Low,NO,Travel Constraint,Provide Transport,Low Priority
2021,SCH_079,Patan,Tribal,Female,SC,7,Medium,40.4,18.66,Low,Low,Yes,Secondary,No,Yes,No,No,2,Graduate,No,0,1,1,51,Medium,NO,Academic Disengagement,Counselling Support,Monitor
2020,SCH_142,Jamnagar,Tribal,Male,General,11,High,91.1,4.2,Medium,Low,Yes,Graduate,No,No,No,No,8,Illiterate,No,1,0,0,39,Low,NO,Social Factor,Community Engagement,Low Priority
2019,SCH_147,Valsad,Urban,Male,OBC,3,Low,84.0,17.53,Medium,Low,Yes,Graduate,Yes,Yes,Yes,No,3,Illiterate,No,0,1,0,27,Low,NO,Travel Constraint,Provide Transport,Low Priority
2022,SCH_071,Bharuch,Rural,Male,ST,4,Low,49.9,4.24,High,High,Yes,Secondary,Yes,Yes,No,No,6,Illiterate,No,0,0,1,28,Low,NO,Academic Disengagement,Counselling Support,Low Priority
2022,SCH_105,Gandhinagar,Urban,Male,OBC,2,Low,74.2,20.97,Low,Medium,Yes,Illiterate,No,Yes,No,No,7,Graduate,No,0,1,0,19,Low,NO,Travel Constraint,Provide Transport,Low Priority
2019,SCH_143,Anand,Urban,Male,SC,11,Low,90.3,20.37,Low,High,No,Primary,No,Yes,No,No,8,Primary,No,1,1,0,34,Low,NO,Travel Constraint,Provide Transport,Low Priority
2024,SCH_052,Ahmedabad,Urban,Female,OBC,12,Low,76.4,4.55,Medium,Medium,No,Primary,Yes,Yes,Yes,No,8,Graduate,No,1,0,0,27,Low,NO,Social Factor,Community Engagement,Low Priority
2020,SCH_073,Junagadh,Urban,Male,OBC,7,Low,76.8,3.03,Low,High,No,Secondary,No,Yes,No,No,2,Illiterate,No,0,0,0,9,Low,NO,Social Factor,Community Engagement,Low Priority
2025,SCH_013,Anand,Tribal,Female,ST,8,Very Low,44.0,23.05,Medium,Low,Yes,Illiterate,Yes,Yes,No,No,4,Primary,No,0,1,1,55,Medium,NO,Academic Disengagement,Counselling Support,Monitor
2021,SCH_071,Morbi,Urban,Male,ST,8,Very Low,54.0,1.95,Medium,High,No,Primary,No,No,Yes,No,8,Illiterate,Yes,0,0,1,38,Low,NO,Academic Disengagement,Counselling Support,Low Priority
2024,SCH_120,Amreli,Rural,Female,General,12,Low,50.0,14.6,High,Medium,Yes,Primary,No,No,No,No,6,Primary,No,1,1,1,38,Low,NO,Academic Disengagement,Counselling Support,Low Priority
2019,SCH_099,Kutch,Rural,Female,General,4,Low,93.4,24.0,High,High,Yes,Illiterate,Yes,No,No,No,4,Graduate,No,0,1,0,31,Low,NO,Travel Constraint,Provide Transport,Low Priority
2020,SCH_150,Patan,Urban,Female,General,10,High,80.3,5.89,High,Medium,No,Illiterate,No,No,No,No,5,Primary,No,1,1,0,31,Low,NO,Travel Constraint,Provide Transport,Low Priority
2024,SCH_044,Patan,Rural,Male,OBC,10,Low,58.1,16.35,Low,High,Yes,Illiterate,Yes,Yes,No,No,2,Primary,No,1,1,1,37,Low,NO,Academic Disengagement,Counselling Support,Low Priority
2021,SCH_167,Surat,Tribal,Male,General,12,Medium,98.3,12.55,High,High,No,Primary,Yes,Yes,No,No,6,Secondary,No,1,1,0,38,Low,NO,Travel Constraint,Provide Transport,Low Priority
2024,SCH_117,Anand,Tribal,Male,ST,3,High,55.1,22.63,Low,High,No,Graduate,Yes,No,No,No,2,Primary,No,0,1,1,44,Medium,NO,Academic Disengagement,Counselling Support,Monitor
2024,SCH_085,Gandhinagar,Urban,Male,General,5,Low,55.0,0.76,High,High,No,Illiterate,Yes,No,Yes,No,5,Illiterate,No,0,0,1,39,Low,NO,Academic Disengagement,Counselling Support,Low Priority
2022,SCH_156,Patan,Urban,Male,OBC,8,Very Low,57.0,16.58,Medium,Medium,Yes,Graduate,Yes,Yes,No,No,8,Primary,No,0,1,1,38,Low,NO,Academic Disengagement,Counselling Support,Low Priority
2025,SCH_136,Sabarkantha,Rural,Female,SC,4,Medium,56.3,11.43,High,Medium,No,Graduate,No,Yes,No,No,7,Graduate,No,0,1,1,30,Low,NO,Academic Disengagement,Counselling Support,Low Priority
2020,SCH_020,Navsari,Urban,Male,OBC,12,Low,58.1,24.03,High,High,No,Primary,Yes,No,No,Yes,7,Illiterate,No,1,1,1,38,Low,NO,Academic Disengagement,Counselling Support,Low Priority
2023,SCH_024,Mehsana,Rural,Female,OBC,8,Very Low,98.7,23.5,Medium,High,Yes,Primary,Yes,Yes,No,No,3,Secondary,No,0,1,0,30,Low,NO,Travel Constraint,Provide Transport,Low Priority
2020,SCH_171,Kutch,Rural,Male,General,5,Medium,58.8,0.56,Low,Medium,No,Graduate,No,Yes,No,No,7,Primary,No,0,0,1,41,Medium,NO,Academic Disengagement,Counselling Support,Monitor
2024,SCH_055,Sabarkantha,Rural,Male,General,9,Low,100.0,22.82,Medium,High,No,Primary,No,No,No,No,2,Secondary,No,1,1,0,39,Low,NO,Travel Constraint,Provide Transport,Low Priority
2025,SCH_053,Navsari,Urban,Male,General,7,Very Low,96.8,5.87,Medium,Medium,Yes,Illiterate,Yes,Yes,Yes,No,3,Secondary,No,0,1,0,32,Low,NO,Travel Constraint,Provide Transport,Low Priority
2022,SCH_109,Bhavnagar,Urban,Male,General,5,Very Low,55.6,11.07,Low,Medium,Yes,Illiterate,No,No,No,No,3,Primary,Yes,0,1,1,36,Low,NO,Academic Disengagement,Counselling Support,Low Priority
2021,SCH_075,Patan,Tribal,Male,OBC,4,High,42.5,2.75,Medium,Medium,Yes,Secondary,Yes,No,No,No,2,Illiterate,Yes,0,0,1,25,Low,NO,Academic Disengagement,Counselling Support,Low Priority
2022,SCH_137,Kutch,Rural,Female,General,11,Medium,69.7,22.17,High,Low,No,Primary,Yes,No,No,No,5,Illiterate,No,1,1,1,47,Medium,NO,Academic Disengagement,Counselling Support,Monitor
2022,SCH_100,Bharuch,Urban,Female,OBC,9,Low,74.4,1.71,Medium,Medium,Yes,Secondary,No,Yes,No,Yes,3,Primary,Yes,1,0,0,25,Low,NO,Social Factor,Community Engagement,Low Priority
2020,SCH_173,Morbi,Rural,Female,SC,12,Medium,84.3,13.14,Low,Medium,No,Illiterate,Yes,No,No,No,8,Illiterate,No,1,1,0,35,Low,NO,Travel Constraint,Provide Transport,Low Priority
2019,SCH_013,Gandhinagar,Urban,Female,General,10,High,76.9,21.97,Medium,Low,No,Illiterate,Yes,Yes,No,No,5,Illiterate,No,1,1,0,36,Low,NO,Travel Constraint,Provide Transport,Low Priority
2024,SCH_109,Banaskantha,Rural,Male,General,7,Low,81.2,22.71,High,Medium,No,Graduate,Yes,Yes,No,No,8,Illiterate,Yes,0,1,0,30,Low,NO,Travel Constraint,Provide Transport,Low Priority
2022,SCH_011,Kutch,Rural,Female,ST,3,Very Low,73.2,3.21,Low,Medium,Yes,Illiterate,Yes,Yes,No,No,2,Illiterate,Yes,0,0,0,44,Medium,NO,Economic Pressure,Provide Scholarship,Monitor
2021,SCH_113,Sabarkantha,Rural,Female,OBC,11,Medium,74.2,21.42,Medium,Medium,Yes,Secondary,Yes,Yes,Yes,No,5,Illiterate,No,1,1,0,31,Low,NO,Travel Constraint,Provide Transport,Low Priority
2024,SCH_054,Vadodara,Urban,Female,SC,3,Low,80.4,9.82,High,Medium,Yes,Secondary,No,Yes,Yes,No,3,Illiterate,No,0,1,0,20,Low,NO,Travel Constraint,Provide Transport,Low Priority
2022,SCH_107,Anand,Urban,Male,General,10,Low,42.0,17.36,Low,Medium,No,Illiterate,Yes,Yes,No,No,7,Secondary,No,1,1,1,42,Medium,NO,Academic Disengagement,Counselling Support,Monitor
2020,SCH_058,Junagadh,Urban,Male,General,11,High,56.2,7.99,Medium,High,Yes,Illiterate,Yes,No,No,No,6,Illiterate,Yes,1,1,1,28,Low,NO,Academic Disengagement,Counselling Support,Low Priority
2025,SCH_084,Dahod,Tribal,Male,General,4,Low,70.6,17.72,Low,Medium,No,Primary,Yes,No,No,No,8,Illiterate,No,0,1,0,33,Low,NO,Travel Constraint,Provide Transport,Low Priority
2022,SCH_048,Bhavnagar,Urban,Female,OBC,2,Very Low,99.5,27.01,Low,Low,Yes,Graduate,Yes,Yes,No,No,8,Illiterate,Yes,0,1,0,31,Low,NO,Travel Constraint,Provide Transport,Low Priority
2022,SCH_082,Vadodara,Tribal,Male,General,11,Low,60.3,27.08,Medium,High,No,Secondary,Yes,No,No,No,3,Secondary,Yes,1,1,1,46,Medium,NO,Academic Disengagement,Counselling Support,Monitor
2024,SCH_177,Dahod,Rural,Female,General,10,Medium,58.4,2.67,High,Low,No,Graduate,Yes,Yes,No,No,7,Secondary,Yes,1,0,1,40,Low,NO,Academic Disengagement,Counselling Support,Low Priority
2024,SCH_054,Valsad,Rural,Female,OBC,11,Very Low,61.2,19.87,Low,Medium,No,Graduate,No,No,No,No,4,Secondary,Yes,1,1,1,47,Medium,NO,Academic Disengagement,Counselling Support,Monitor
2019,SCH_068,Sabarkantha,Rural,Male,SC,3,Very Low,74.3,8.97,Low,Medium,Yes,Graduate,Yes,No,No,Yes,6,Illiterate,Yes,0,1,0,20,Low,NO,Travel Constraint,Provide Transport,Low Priority
2025,SCH_027,Rajkot,Urban,Female,SC,8,Low,58.1,3.69,Medium,High,Yes,Graduate,No,Yes,No,No,8,Graduate,No,0,0,1,26,Low,NO,Academic Disengagement,Counselling Support,Low Priority
2022,SCH_086,Rajkot,Urban,Female,OBC,12,Low,46.4,0.64,High,Low,Yes,Secondary,No,Yes,Yes,No,3,Illiterate,No,1,0,1,54,Medium,NO,Academic Disengagement,Counselling Support,Monitor
2023,SCH_067,Junagadh,Rural,Female,OBC,12,Medium,84.1,0.85,Low,Low,Yes,Secondary,Yes,Yes,No,No,7,Illiterate,No,1,0,0,24,Low,NO,Social Factor,Community Engagement,Low Priority
2025,SCH_129,Morbi,Urban,Male,SC,7,Medium,52.2,26.44,High,Medium,Yes,Graduate,No,Yes,No,No,4,Illiterate,No,0,1,1,28,Low,NO,Academic Disengagement,Counselling Support,Low Priority
2025,SCH_170,Rajkot,Tribal,Male,OBC,10,Very Low,52.7,15.17,Low,Medium,Yes,Illiterate,No,No,Yes,No,3,Secondary,No,1,1,1,56,Medium,NO,Academic Disengagement,Counselling Support,Monitor
2023,SCH_100,Gandhinagar,Urban,Female,SC,3,Very Low,52.3,9.29,Medium,High,Yes,Graduate,Yes,No,Yes,No,4,Secondary,No,0,1,1,26,Low,NO,Academic Disengagement,Counselling Support,Low Priority
2020,SCH_168,Vadodara,Rural,Female,OBC,6,Medium,98.3,3.87,High,Medium,Yes,Graduate,Yes,No,No,No,5,Illiterate,No,0,0,0,14,Low,NO,Social Factor,Community Engagement,Low Priority
2023,SCH_036,Kutch,Urban,Male,SC,9,Very Low,88.5,25.41,Medium,High,Yes,Illiterate,Yes,No,No,No,8,Primary,No,1,1,0,40,Low,NO,Travel Constraint,Provide Transport,Low Priority
2019,SCH_016,Bharuch,Tribal,Female,General,4,Medium,71.9,18.77,Medium,Medium,Yes,Graduate,Yes,No,No,No,2,Primary,No,0,1,0,26,Low,NO,Travel Constraint,Provide Transport,Low Priority
2022,SCH_162,Valsad,Urban,Female,General,2,Medium,65.1,3.38,Low,Medium,No,Illiterate,Yes,No,No,No,5,Primary,No,0,0,1,30,Low,NO,Academic Disengagement,Counselling Support,Low Priority
2020,SCH_173,Rajkot,Tribal,Female,SC,12,Low,47.4,13.09,Low,Medium,Yes,Primary,Yes,Yes,No,Yes,3,Graduate,No,1,1,1,62,Medium,NO,Academic Disengagement,Counselling Support,Monitor
2020,SCH_171,Ahmedabad,Urban,Female,OBC,12,Very Low,51.8,2.24,High,Low,Yes,Primary,No,Yes,No,No,7,Secondary,Yes,1,0,1,39,Low,NO,Academic Disengagement,Counselling Support,Low Priority
2025,SCH_016,Junagadh,Urban,Female,General,5,Low,49.8,15.5,Medium,High,Yes,Illiterate,Yes,No,No,No,4,Illiterate,Yes,0,1,1,31,Low,NO,Academic Disengagement,Counselling Support,Low Priority
2025,SCH_110,Sabarkantha,Rural,Male,SC,5,Medium,71.4,8.25,Medium,Low,Yes,Primary,Yes,Yes,No,No,4,Illiterate,Yes,0,1,0,18,Low,NO,Travel Constraint,Provide Transport,Low Priority
2022,SCH_059,Anand,Urban,Male,ST,5,Very Low,88.3,16.5,Medium,Low,Yes,Secondary,Yes,No,No,No,3,Secondary,No,0,1,0,32,Low,NO,Travel Constraint,Provide Transport,Low Priority
2019,SCH_121,Mehsana,Rural,Male,SC,5,High,90.3,4.65,Medium,Medium,Yes,Illiterate,No,No,No,No,7,Secondary,No,0,0,0,16,Low,NO,Social Factor,Community Engagement,Low Priority
2022,SCH_069,Gandhinagar,Urban,Female,SC,6,Very Low,84.2,11.02,Low,Medium,Yes,Graduate,Yes,Yes,Yes,No,4,Secondary,No,0,1,0,34,Low,NO,Travel Constraint,Provide Transport,Low Priority
2023,SCH_083,Junagadh,Urban,Male,OBC,9,Very Low,84.6,20.77,Low,High,Yes,Illiterate,Yes,Yes,No,No,3,Illiterate,No,1,1,0,28,Low,NO,Travel Constraint,Provide Transport,Low Priority
2022,SCH_160,Sabarkantha,Urban,Male,OBC,8,High,92.5,27.24,Medium,High,No,Illiterate,No,Yes,No,No,7,Primary,No,0,1,0,22,Low,NO,Travel Constraint,Provide Transport,Low Priority
2019,SCH_041,Mehsana,Rural,Male,OBC,3,Very Low,86.3,17.18,Medium,Medium,No,Secondary,Yes,Yes,No,No,8,Illiterate,No,0,1,0,39,Low,NO,Travel Constraint,Provide Transport,Low Priority
2021,SCH_031,Sabarkantha,Urban,Female,OBC,2,Very Low,45.1,4.1,Medium,Medium,Yes,Illiterate,Yes,Yes,No,No,5,Secondary,Yes,0,0,1,25,Low,NO,Academic Disengagement,Counselling Support,Low Priority
2020,SCH_046,Jamnagar,Rural,Female,SC,4,High,80.3,16.08,Medium,Low,Yes,Graduate,No,Yes,No,No,4,Primary,No,0,1,0,24,Low,NO,Travel Constraint,Provide Transport,Low Priority
2025,SCH_077,Anand,Urban,Female,ST,10,Low,86.5,0.9,Low,Medium,Yes,Primary,Yes,Yes,Yes,Yes,3,Illiterate,Yes,1,0,0,36,Low,NO,Social Factor,Community Engagement,Low Priority
2021,SCH_117,Sabarkantha,Urban,Male,General,6,Very Low,40.5,17.01,Medium,High,No,Illiterate,Yes,Yes,Yes,No,8,Illiterate,Yes,0,1,1,31,Low,NO,Academic Disengagement,Counselling Support,Low Priority
2023,SCH_099,Rajkot,Rural,Female,SC,5,Low,54.1,12.58,High,Medium,Yes,Illiterate,Yes,Yes,No,Yes,5,Secondary,Yes,0,1,1,32,Low,NO,Academic Disengagement,Counselling Support,Low Priority
2022,SCH_169,Dahod,Urban,Male,OBC,7,Very Low,44.5,13.18,Medium,Medium,Yes,Primary,Yes,No,No,No,6,Illiterate,Yes,0,1,1,44,Medium,NO,Academic Disengagement,Counselling Support,Monitor
2023,SCH_027,Mehsana,Urban,Female,OBC,6,High,52.1,20.74,High,Medium,No,Primary,No,Yes,No,No,7,Primary,No,0,1,1,24,Low,NO,Academic Disengagement,Counselling Support,Low Priority
2020,SCH_015,Amreli,Rural,Male,OBC,6,Low,82.3,7.48,High,Low,No,Illiterate,Yes,Yes,Yes,No,2,Primary,No,0,1,0,21,Low,NO,Travel Constraint,Provide Transport,Low Priority
2023,SCH_072,Ahmedabad,Rural,Male,SC,11,Very Low,54.7,25.77,High,Medium,No,Illiterate,Yes,No,No,No,5,Secondary,No,1,1,1,49,Medium,NO,Academic Disengagement,Counselling Support,Monitor
2019,SCH_079,Dahod,Urban,Female,SC,12,High,59.3,1.7,High,Medium,Yes,Illiterate,No,Yes,No,No,5,Illiterate,No,1,0,1,39,Low,NO,Academic Disengagement,Counselling Support,Low Priority
2025,SCH_058,Sabarkantha,Rural,Female,OBC,6,Very Low,50.9,4.41,Medium,Medium,No,Graduate,Yes,Yes,No,No,3,Primary,No,0,0,1,36,Low,NO,Academic Disengagement,Counselling Support,Low Priority
2025,SCH_040,Rajkot,Rural,Male,OBC,4,High,89.9,3.56,Low,Medium,Yes,Primary,Yes,No,No,No,2,Primary,No,0,0,0,22,Low,NO,Social Factor,Community Engagement,Low Priority
2025,SCH_135,Surat,Urban,Female,OBC,3,Medium,68.6,6.61,Medium,Low,Yes,Graduate,Yes,Yes,No,No,3,Primary,No,0,1,1,39,Low,NO,Academic Disengagement,Counselling Support,Low Priority
2023,SCH_154,Banaskantha,Rural,Female,General,2,Low,66.7,1.31,Medium,High,Yes,Primary,No,Yes,No,No,2,Illiterate,No,0,0,1,17,Low,NO,Academic Disengagement,Counselling Support,Low Priority
2025,SCH_039,Bharuch,Tribal,Male,SC,1,Low,52.1,10.44,Medium,Medium,No,Secondary,Yes,No,No,No,4,Illiterate,No,0,1,1,40,Low,NO,Academic Disengagement,Counselling Support,Low Priority
2023,SCH_178,Bharuch,Rural,Male,SC,11,Very Low,44.7,27.26,High,Medium,Yes,Primary,Yes,Yes,No,No,7,Primary,Yes,1,1,1,46,Medium,NO,Academic Disengagement,Counselling Support,Monitor
2023,SCH_180,Amreli,Tribal,Male,General,11,Very Low,65.7,14.46,Medium,High,No,Illiterate,No,Yes,No,No,5,Illiterate,No,1,1,1,53,Medium,NO,Academic Disengagement,Counselling Support,Monitor
2024,SCH_172,Bhavnagar,Rural,Female,OBC,9,Very Low,50.2,0.67,Medium,Low,No,Primary,No,Yes,No,No,7,Primary,No,1,0,1,45,Medium,NO,Academic Disengagement,Counselling Support,Monitor
2021,SCH_120,Kutch,Urban,Male,OBC,9,Medium,89.7,27.53,High,Low,No,Primary,Yes,Yes,No,No,8,Illiterate,Yes,1,1,0,27,Low,NO,Travel Constraint,Provide Transport,Low Priority
2025,SCH_007,Rajkot,Rural,Male,General,5,Medium,58.7,3.96,Low,Medium,No,Primary,Yes,Yes,No,No,8,Illiterate,No,0,0,1,23,Low,NO,Academic Disengagement,Counselling Support,Low Priority
2024,SCH_180,Valsad,Rural,Female,General,12,Very Low,47.0,20.86,Low,Medium,No,Graduate,Yes,No,No,No,5,Primary,No,1,1,1,56,Medium,NO,Academic Disengagement,Counselling Support,Monitor
2021,SCH_145,Junagadh,Rural,Male,SC,9,High,65.0,4.83,Low,Medium,Yes,Primary,Yes,Yes,No,No,4,Secondary,Yes,1,0,1,49,Medium,NO,Academic Disengagement,Counselling Support,Monitor
2022,SCH_074,Jamnagar,Rural,Male,ST,2,Low,79.0,11.24,Medium,High,Yes,Graduate,Yes,Yes,No,Yes,4,Primary,Yes,0,1,0,13,Low,NO,Travel Constraint,Provide Transport,Low Priority
2021,SCH_048,Anand,Urban,Male,General,4,Low,58.4,23.41,Low,Medium,No,Secondary,No,No,No,No,7,Secondary,Yes,0,1,1,22,Low,NO,Academic Disengagement,Counselling Support,Low Priority
2019,SCH_180,Bhavnagar,Urban,Male,OBC,4,Very Low,95.9,1.11,Medium,Medium,Yes,Primary,No,No,Yes,Yes,3,Primary,Yes,0,0,0,31,Low,NO,Economic Pressure,Provide Scholarship,Low Priority
2022,SCH_092,Vadodara,Rural,Male,ST,4,Very Low,95.9,26.23,Medium,Medium,Yes,Graduate,Yes,Yes,No,No,5,Primary,No,0,1,0,28,Low,NO,Travel Constraint,Provide Transport,Low Priority
2020,SCH_040,Patan,Urban,Male,SC,6,Low,49.6,20.88,High,High,Yes,Graduate,No,Yes,No,No,5,Secondary,Yes,0,1,1,31,Low,NO,Academic Disengagement,Counselling Support,Low Priority
2021,SCH_154,Morbi,Rural,Male,General,5,High,62.3,5.59,High,Low,No,Secondary,Yes,Yes,Yes,No,2,Primary,Yes,0,1,1,40,Low,NO,Academic Disengagement,Counselling Support,Low Priority
2025,SCH_161,Vadodara,Urban,Male,OBC,8,Medium,89.1,15.71,High,Medium,Yes,Secondary,No,No,No,No,4,Illiterate,Yes,0,1,0,21,Low,NO,Travel Constraint,Provide Transport,Low Priority
2021,SCH_108,Rajkot,Rural,Male,SC,2,Medium,43.7,1.61,Low,Medium,No,Secondary,No,Yes,No,No,5,Secondary,Yes,0,0,1,32,Low,NO,Academic Disengagement,Counselling Support,Low Priority
2019,SCH_158,Sabarkantha,Rural,Male,SC,7,Low,73.0,20.13,Low,Medium,No,Graduate,No,No,No,No,6,Illiterate,No,0,1,0,35,Low,NO,Travel Constraint,Provide Transport,Low Priority
2021,SCH_154,Gandhinagar,Urban,Male,SC,7,High,90.2,9.3,Low,Medium,Yes,Primary,Yes,Yes,No,No,7,Secondary,No,0,1,0,18,Low,NO,Travel Constraint,Provide Transport,Low Priority
2020,SCH_120,Jamnagar,Rural,Male,OBC,9,Low,57.8,17.14,High,Medium,Yes,Illiterate,Yes,No,No,No,7,Primary,No,1,1,1,40,Low,NO,Academic Disengagement,Counselling Support,Low Priority
2025,SCH_051,Bhavnagar,Rural,Male,General,4,High,65.1,27.21,Medium,Medium,Yes,Primary,Yes,No,No,No,8,Primary,No,0,1,1,33,Low,NO,Academic Disengagement,Counselling Support,Low Priority
2025,SCH_141,Anand,Tribal,Male,SC,12,Very Low,82.1,20.7,Medium,Medium,Yes,Primary,Yes,Yes,No,No,3,Illiterate,No,1,1,0,34,Low,NO,Travel Constraint,Provide Transport,Low Priority
2024,SCH_064,Bharuch,Rural,Female,OBC,9,Very Low,53.5,10.81,Low,High,Yes,Primary,No,No,Yes,No,2,Illiterate,Yes,1,1,1,66,Medium,NO,Academic Disengagement,Counselling Support,Monitor
2022,SCH_076,Kutch,Urban,Male,OBC,6,High,91.5,7.47,Medium,Medium,No,Primary,No,Yes,Yes,No,4,Graduate,Yes,0,1,0,20,Low,NO,Travel Constraint,Provide Transport,Low Priority
2023,SCH_145,Patan,Rural,Male,General,4,Very Low,65.5,19.96,Medium,Medium,Yes,Primary,No,Yes,No,No,2,Secondary,Yes,0,1,1,39,Low,NO,Academic Disengagement,Counselling Support,Low Priority
2020,SCH_063,Jamnagar,Tribal,Female,OBC,7,Very Low,94.6,7.17,Medium,High,No,Secondary,Yes,No,No,No,3,Graduate,Yes,0,1,0,25,Low,NO,Travel Constraint,Provide Transport,Low Priority
2023,SCH_095,Jamnagar,Tribal,Male,General,6,Low,93.7,15.95,Medium,Medium,Yes,Secondary,Yes,No,No,No,4,Secondary,Yes,0,1,0,13,Low,NO,Travel Constraint,Provide Transport,Low Priority
2022,SCH_164,Kutch,Rural,Female,General,4,Low,62.6,24.85,Low,Low,No,Illiterate,Yes,Yes,No,No,4,Secondary,No,0,1,1,41,Medium,NO,Academic Disengagement,Counselling Support,Monitor
2022,SCH_158,Valsad,Tribal,Male,SC,8,Medium,82.9,25.99,High,Medium,No,Illiterate,Yes,Yes,No,No,6,Secondary,No,0,1,0,24,Low,NO,Travel Constraint,Provide Transport,Low Priority
2024,SCH_169,Banaskantha,Rural,Female,General,7,Low,58.4,12.06,High,Low,Yes,Secondary,Yes,Yes,No,No,3,Graduate,No,0,1,1,40,Low,NO,Academic Disengagement,Counselling Support,Low Priority
2019,SCH_060,Surat,Tribal,Female,ST,10,Very Low,74.9,17.29,High,High,Yes,Illiterate,Yes,Yes,No,Yes,7,Illiterate,No,1,1,0,49,Medium,NO,Travel Constraint,Provide Transport,Monitor
2019,SCH_052,Vadodara,Tribal,Female,OBC,10,Low,54.4,2.43,Medium,Medium,Yes,Illiterate,Yes,Yes,No,Yes,7,Primary,No,1,0,1,41,Medium,NO,Academic Disengagement,Counselling Support,Monitor
2024,SCH_009,Bhavnagar,Rural,Female,SC,6,Low,64.7,5.67,Medium,High,No,Illiterate,Yes,No,Yes,No,3,Secondary,Yes,0,1,1,43,Medium,NO,Academic Disengagement,Counselling Support,Monitor
2020,SCH_172,Junagadh,Urban,Male,SC,9,High,78.5,5.01,Medium,High,Yes,Secondary,Yes,No,Yes,No,8,Illiterate,Yes,1,1,0,31,Low,NO,Travel Constraint,Provide Transport,Low Priority
2019,SCH_172,Valsad,Rural,Female,OBC,3,Medium,91.2,13.95,Low,Low,Yes,Primary,Yes,No,No,No,5,Illiterate,No,0,1,0,25,Low,NO,Travel Constraint,Provide Transport,Low Priority
2019,SCH_093,Rajkot,Tribal,Male,General,7,Low,49.7,11.0,Medium,Low,Yes,Primary,Yes,No,Yes,No,8,Illiterate,No,0,1,1,51,Medium,NO,Academic Disengagement,Counselling Support,Monitor
2021,SCH_078,Banaskantha,Urban,Male,OBC,10,High,99.9,4.38,Low,Medium,Yes,Primary,Yes,Yes,No,No,6,Primary,Yes,1,0,0,26,Low,NO,Social Factor,Community Engagement,Low Priority
2024,SCH_077,Patan,Rural,Male,General,3,Very Low,89.0,12.91,High,Medium,Yes,Secondary,No,Yes,No,No,5,Primary,No,0,1,0,10,Low,NO,Travel Constraint,Provide Transport,Low Priority
2020,SCH_046,Gandhinagar,Urban,Male,SC,7,Low,74.7,16.75,High,Medium,No,Illiterate,Yes,No,No,No,2,Illiterate,No,0,1,0,25,Low,NO,Travel Constraint,Provide Transport,Low Priority
2022,SCH_145,Ahmedabad,Urban,Female,General,11,Very Low,40.7,9.98,High,Medium,No,Illiterate,No,No,No,No,7,Secondary,No,1,1,1,41,Medium,NO,Academic Disengagement,Counselling Support,Monitor
2019,SCH_071,Navsari,Rural,Male,SC,12,Low,44.7,21.76,Medium,Low,Yes,Primary,Yes,No,No,No,3,Illiterate,Yes,1,1,1,33,Low,NO,Academic Disengagement,Counselling Support,Low Priority
2024,SCH_131,Surat,Urban,Male,General,7,High,43.5,20.32,Medium,Medium,No,Illiterate,No,Yes,No,Yes,3,Primary,Yes,0,1,1,26,Low,NO,Academic Disengagement,Counselling Support,Low Priority
2022,SCH_047,Kutch,Rural,Male,General,6,Low,60.3,12.02,Low,Medium,No,Secondary,No,Yes,No,Yes,8,Illiterate,No,0,1,1,44,Medium,NO,Academic Disengagement,Counselling Support,Monitor
2023,SCH_048,Valsad,Tribal,Male,SC,8,Very Low,57.7,15.27,Medium,Medium,No,Illiterate,Yes,Yes,No,No,4,Illiterate,No,0,1,1,56,Medium,NO,Academic Disengagement,Counselling Support,Monitor
2020,SCH_104,Navsari,Rural,Female,OBC,11,Medium,77.6,27.69,Medium,Low,Yes,Graduate,No,No,No,No,6,Primary,No,1,1,0,42,Medium,NO,Travel Constraint,Provide Transport,Monitor
2020,SCH_076,Bharuch,Tribal,Female,OBC,11,Very Low,53.6,20.79,High,Low,Yes,Graduate,Yes,Yes,No,No,4,Primary,Yes,1,1,1,56,Medium,NO,Academic Disengagement,Counselling Support,Monitor
2021,SCH_095,Jamnagar,Tribal,Female,General,11,Medium,47.4,0.97,High,Medium,No,Primary,Yes,Yes,No,No,6,Illiterate,No,1,0,1,43,Medium,NO,Academic Disengagement,Counselling Support,Monitor
2020,SCH_034,Amreli,Urban,Male,General,12,High,77.9,10.43,High,Medium,No,Illiterate,No,Yes,No,No,2,Primary,Yes,1,1,0,25,Low,NO,Travel Constraint,Provide Transport,Low Priority
2025,SCH_161,Gandhinagar,Urban,Male,General,11,Medium,41.0,23.22,Low,High,No,Illiterate,No,No,No,No,6,Primary,No,1,1,1,33,Low,NO,Academic Disengagement,Counselling Support,Low Priority
2019,SCH_010,Kutch,Rural,Male,OBC,5,Very Low,59.8,5.33,Medium,High,No,Illiterate,No,No,No,No,5,Primary,Yes,0,1,1,38,Low,NO,Academic Disengagement,Counselling Support,Low Priority
2020,SCH_068,Vadodara,Rural,Female,General,11,Low,58.6,16.08,Low,Low,Yes,Primary,No,No,Yes,No,4,Illiterate,Yes,1,1,1,63,Medium,NO,Academic Disengagement,Counselling Support,Monitor
2022,SCH_017,Vadodara,Urban,Female,General,4,Medium,65.5,15.13,Medium,Medium,No,Primary,No,Yes,No,No,7,Primary,Yes,0,1,1,21,Low,NO,Academic Disengagement,Counselling Support,Low Priority
2019,SCH_005,Dahod,Rural,Male,OBC,1,Very Low,51.3,22.24,Low,Low,No,Secondary,Yes,No,No,No,5,Primary,No,0,1,1,43,Medium,NO,Academic Disengagement,Counselling Support,Monitor
2023,SCH_027,Bhavnagar,Rural,Male,General,9,Very Low,94.4,17.59,Low,Medium,No,Graduate,Yes,Yes,No,No,3,Primary,No,1,1,0,38,Low,NO,Travel Constraint,Provide Transport,Low Priority
2019,SCH_180,Surat,Urban,Male,OBC,6,Very Low,43.6,17.28,Low,Low,No,Primary,Yes,Yes,No,No,5,Secondary,Yes,0,1,1,39,Low,NO,Academic Disengagement,Counselling Support,Low Priority
2023,SCH_160,Mehsana,Tribal,Female,General,1,Low,45.4,14.75,Medium,High,Yes,Primary,Yes,Yes,No,Yes,5,Illiterate,Yes,0,1,1,47,Medium,NO,Academic Disengagement,Counselling Support,Monitor
2020,SCH_059,Valsad,Rural,Female,OBC,5,Medium,57.0,7.08,High,High,No,Illiterate,No,No,No,Yes,4,Illiterate,No,0,1,1,44,Medium,NO,Academic Disengagement,Counselling Support,Monitor
2022,SCH_092,Ahmedabad,Urban,Male,OBC,4,Low,63.3,26.02,Medium,Medium,No,Primary,Yes,No,No,No,5,Secondary,Yes,0,1,1,24,Low,NO,Academic Disengagement,Counselling Support,Low Priority
2019,SCH_009,Bharuch,Urban,Female,OBC,6,Very Low,45.4,0.61,Medium,Medium,Yes,Graduate,No,Yes,No,No,2,Primary,No,0,0,1,34,Low,NO,Academic Disengagement,Counselling Support,Low Priority
2021,SCH_131,Kutch,Rural,Female,OBC,10,High,84.7,9.44,Low,High,No,Graduate,Yes,No,No,No,5,Illiterate,No,1,1,0,45,Medium,NO,Travel Constraint,Provide Transport,Monitor
2019,SCH_110,Mehsana,Rural,Male,OBC,11,High,60.4,18.84,Medium,Low,No,Primary,No,Yes,Yes,No,2,Primary,No,1,1,1,51,Medium,NO,Academic Disengagement,Counselling Support,Monitor
2024,SCH_074,Mehsana,Tribal,Female,OBC,2,Very Low,78.1,4.25,Medium,Medium,No,Graduate,Yes,No,No,No,8,Graduate,Yes,0,0,0,28,Low,NO,Economic Pressure,Provide Scholarship,Low Priority
2020,SCH_103,Vadodara,Tribal,Female,OBC,10,Very Low,66.4,25.03,Low,Medium,Yes,Secondary,Yes,Yes,No,No,4,Graduate,No,1,1,1,73,High,YES,Academic Disengagement,Counselling Support,Immediate
2019,SCH_157,Bhavnagar,Urban,Female,ST,4,High,93.4,11.38,High,High,No,Primary,Yes,Yes,No,No,8,Secondary,No,0,1,0,28,Low,NO,Travel Constraint,Provide Transport,Low Priority
2020,SCH_119,Surat,Urban,Female,General,10,Very Low,93.1,15.13,Medium,Medium,Yes,Illiterate,Yes,Yes,Yes,No,6,Illiterate,Yes,1,1,0,33,Low,NO,Travel Constraint,Provide Transport,Low Priority
2024,SCH_040,Ahmedabad,Urban,Male,OBC,10,High,86.7,10.35,High,Medium,No,Secondary,Yes,No,No,No,7,Secondary,Yes,1,1,0,13,Low,NO,Travel Constraint,Provide Transport,Low Priority
2019,SCH_164,Banaskantha,Rural,Male,OBC,11,Low,77.3,22.34,High,Medium,Yes,Graduate,Yes,Yes,No,No,2,Primary,No,1,1,0,41,Medium,NO,Travel Constraint,Provide Transport,Monitor
2025,SCH_059,Gandhinagar,Rural,Female,OBC,10,Low,100.0,22.59,Low,Medium,No,Primary,Yes,No,No,No,3,Secondary,No,1,1,0,54,Medium,NO,Travel Constraint,Provide Transport,Monitor
2025,SCH_133,Mehsana,Rural,Male,OBC,12,Low,84.4,24.12,Low,High,No,Primary,No,No,No,Yes,3,Primary,No,1,1,0,34,Low,NO,Travel Constraint,Provide Transport,Low Priority
2024,SCH_179,Rajkot,Urban,Female,General,9,Low,60.7,2.44,Medium,Low,Yes,Primary,Yes,No,No,No,3,Secondary,Yes,1,0,1,34,Low,NO,Academic Disengagement,Counselling Support,Low Priority
2020,SCH_012,Valsad,Urban,Female,General,5,High,98.9,23.84,Medium,Medium,No,Secondary,Yes,Yes,No,Yes,7,Primary,No,0,1,0,25,Low,NO,Travel Constraint,Provide Transport,Low Priority
2024,SCH_177,Valsad,Rural,Female,OBC,11,High,42.1,19.6,Medium,Medium,No,Primary,Yes,Yes,No,No,7,Illiterate,No,1,1,1,44,Medium,NO,Academic Disengagement,Counselling Support,Monitor
2022,SCH_019,Vadodara,Urban,Male,General,7,Very Low,55.4,7.58,Medium,Medium,No,Secondary,No,Yes,No,No,6,Primary,Yes,0,1,1,30,Low,NO,Academic Disengagement,Counselling Support,Low Priority
2020,SCH_038,Banaskantha,Urban,Male,SC,4,Low,97.7,20.44,Medium,Medium,Yes,Graduate,No,No,No,Yes,6,Secondary,No,0,1,0,19,Low,NO,Travel Constraint,Provide Transport,Low Priority
2025,SCH_069,Gandhinagar,Urban,Male,General,1,Very Low,63.6,25.2,Medium,Low,No,Primary,Yes,No,No,No,8,Illiterate,Yes,0,1,1,41,Medium,NO,Academic Disengagement,Counselling Support,Monitor
2025,SCH_001,Dahod,Urban,Female,General,8,Low,69.5,18.45,Medium,Low,No,Illiterate,Yes,No,No,No,4,Illiterate,Yes,0,1,1,40,Low,NO,Academic Disengagement,Counselling Support,Low Priority
2019,SCH_179,Jamnagar,Rural,Male,OBC,12,Very Low,42.7,3.06,Low,High,No,Secondary,No,Yes,Yes,No,8,Primary,No,1,0,1,49,Medium,NO,Academic Disengagement,Counselling Support,Monitor
2022,SCH_125,Anand,Urban,Female,OBC,7,High,57.2,19.67,Low,Low,Yes,Secondary,No,No,No,No,4,Illiterate,Yes,0,1,1,32,Low,NO,Academic Disengagement,Counselling Support,Low Priority
2019,SCH_031,Surat,Tribal,Female,SC,12,Very Low,72.9,22.84,Medium,Low,Yes,Graduate,No,Yes,No,Yes,5,Primary,No,1,1,0,48,Medium,NO,Travel Constraint,Provide Transport,Monitor
2024,SCH_072,Valsad,Tribal,Male,SC,4,Very Low,67.6,5.56,High,Medium,No,Secondary,Yes,Yes,No,No,5,Primary,Yes,0,1,1,42,Medium,NO,Academic Disengagement,Counselling Support,Monitor
2024,SCH_156,Patan,Rural,Male,General,12,Medium,53.7,21.45,Low,High,No,Primary,Yes,No,No,No,7,Illiterate,No,1,1,1,52,Medium,NO,Academic Disengagement,Counselling Support,Monitor
2020,SCH_023,Banaskantha,Rural,Male,OBC,1,Medium,100.0,11.08,High,Low,Yes,Illiterate,Yes,Yes,No,No,2,Primary,Yes,0,1,0,21,Low,NO,Travel Constraint,Provide Transport,Low Priority
2024,SCH_176,Mehsana,Tribal,Male,OBC,10,Very Low,98.0,10.47,Medium,High,No,Graduate,Yes,Yes,No,No,4,Illiterate,No,1,1,0,43,Medium,NO,Travel Constraint,Provide Transport,Monitor
2023,SCH_102,Amreli,Rural,Female,OBC,12,Low,54.0,7.88,Low,High,No,Graduate,Yes,No,No,No,5,Illiterate,No,1,1,1,53,Medium,NO,Academic Disengagement,Counselling Support,Monitor
2023,SCH_032,Junagadh,Rural,Female,General,1,Low,98.1,19.53,Medium,Medium,No,Secondary,No,Yes,No,No,8,Primary,No,0,1,0,24,Low,NO,Travel Constraint,Provide Transport,Low Priority
2021,SCH_176,Jamnagar,Tribal,Female,SC,11,Low,77.0,21.68,Low,Medium,No,Secondary,Yes,No,No,No,4,Primary,Yes,1,1,0,41,Medium,NO,Travel Constraint,Provide Transport,Monitor
2021,SCH_004,Bhavnagar,Rural,Male,OBC,12,Low,98.9,25.01,High,Low,Yes,Secondary,Yes,No,Yes,No,2,Illiterate,Yes,1,1,0,41,Medium,NO,Travel Constraint,Provide Transport,Monitor
2024,SCH_125,Jamnagar,Urban,Female,OBC,8,Very Low,55.1,17.87,Medium,Medium,No,Secondary,Yes,Yes,Yes,No,4,Illiterate,Yes,0,1,1,35,Low,NO,Academic Disengagement,Counselling Support,Low Priority
2023,SCH_104,Jamnagar,Rural,Female,SC,1,High,53.6,4.05,Medium,Medium,Yes,Primary,Yes,No,No,No,4,Illiterate,No,0,0,1,23,Low,NO,Academic Disengagement,Counselling Support,Low Priority
2025,SCH_118,Gandhinagar,Rural,Male,ST,4,Medium,47.0,14.96,High,Medium,Yes,Illiterate,Yes,Yes,No,No,7,Primary,Yes,0,1,1,38,Low,NO,Academic Disengagement,Counselling Support,Low Priority
2021,SCH_065,Morbi,Rural,Male,OBC,7,High,51.2,27.19,High,Medium,Yes,Secondary,No,Yes,No,No,6,Primary,Yes,0,1,1,26,Low,NO,Academic Disengagement,Counselling Support,Low Priority
2020,SCH_018,Morbi,Rural,Male,ST,10,Very Low,55.6,4.36,High,Medium,No,Illiterate,No,Yes,Yes,Yes,8,Graduate,Yes,1,0,1,59,Medium,NO,Academic Disengagement,Counselling Support,Monitor
2020,SCH_114,Vadodara,Rural,Male,SC,4,Low,89.8,10.62,Medium,Medium,No,Primary,Yes,Yes,No,Yes,3,Primary,No,0,1,0,22,Low,NO,Travel Constraint,Provide Transport,Low Priority
2025,SCH_054,Ahmedabad,Rural,Male,OBC,10,Very Low,77.3,16.69,Low,Medium,No,Secondary,Yes,Yes,No,No,5,Secondary,Yes,1,1,0,28,Low,NO,Travel Constraint,Provide Transport,Low Priority
2025,SCH_135,Junagadh,Urban,Female,ST,11,Medium,100.0,14.51,High,Low,Yes,Graduate,Yes,No,No,No,3,Primary,No,1,1,0,47,Medium,NO,Travel Constraint,Provide Transport,Monitor
2022,SCH_175,Sabarkantha,Rural,Male,OBC,10,Low,58.8,6.31,Medium,Medium,Yes,Illiterate,Yes,No,Yes,No,4,Primary,No,1,1,1,44,Medium,NO,Academic Disengagement,Counselling Support,Monitor
2020,SCH_038,Sabarkantha,Rural,Female,ST,9,Medium,79.8,8.33,Medium,Medium,No,Secondary,No,No,No,No,2,Primary,No,1,1,0,40,Low,NO,Travel Constraint,Provide Transport,Low Priority
2025,SCH_039,Ahmedabad,Rural,Female,ST,12,High,79.4,15.9,Low,Medium,Yes,Primary,No,No,Yes,Yes,5,Illiterate,No,1,1,0,44,Medium,NO,Travel Constraint,Provide Transport,Monitor
2022,SCH_113,Rajkot,Rural,Male,OBC,6,Low,71.7,3.22,Low,Medium,No,Illiterate,Yes,Yes,No,Yes,4,Illiterate,No,0,0,0,28,Low,NO,Social Factor,Community Engagement,Low Priority
2023,SCH_149,Banaskantha,Rural,Female,OBC,5,Low,82.2,23.89,High,Medium,Yes,Graduate,Yes,No,Yes,No,3,Graduate,No,0,1,0,22,Low,NO,Travel Constraint,Provide Transport,Low Priority
2025,SCH_010,Mehsana,Urban,Male,SC,8,Low,87.0,4.66,Low,High,No,Illiterate,Yes,No,No,No,3,Graduate,Yes,0,0,0,25,Low,NO,Social Factor,Community Engagement,Low Priority
2020,SCH_177,Ahmedabad,Tribal,Male,OBC,6,High,84.4,14.49,Medium,High,Yes,Secondary,No,Yes,No,Yes,5,Illiterate,No,0,1,0,31,Low,NO,Travel Constraint,Provide Transport,Low Priority
2022,SCH_106,Bharuch,Rural,Male,OBC,4,High,62.5,11.22,Medium,Medium,No,Primary,Yes,Yes,No,No,8,Graduate,Yes,0,1,1,32,Low,NO,Academic Disengagement,Counselling Support,Low Priority
2024,SCH_014,Anand,Tribal,Female,General,2,High,67.9,19.88,Low,Medium,No,Primary,No,No,No,No,8,Primary,No,0,1,1,56,Medium,NO,Academic Disengagement,Counselling Support,Monitor
2021,SCH_041,Gandhinagar,Urban,Male,OBC,5,Medium,90.2,15.58,Low,Medium,No,Illiterate,No,No,No,No,3,Primary,No,0,1,0,28,Low,NO,Travel Constraint,Provide Transport,Low Priority
2019,SCH_084,Kutch,Urban,Female,OBC,3,Medium,47.9,24.29,Low,Medium,No,Illiterate,No,Yes,No,No,2,Secondary,No,0,1,1,43,Medium,NO,Academic Disengagement,Counselling Support,Monitor
2022,SCH_129,Patan,Urban,Female,OBC,11,High,43.7,20.4,Medium,High,No,Graduate,Yes,Yes,No,No,2,Secondary,Yes,1,1,1,44,Medium,NO,Academic Disengagement,Counselling Support,Monitor
2021,SCH_138,Vadodara,Urban,Male,OBC,10,Low,83.8,20.64,High,High,Yes,Primary,No,No,No,No,8,Illiterate,No,1,1,0,24,Low,NO,Travel Constraint,Provide Transport,Low Priority
2021,SCH_010,Sabarkantha,Urban,Female,General,8,Low,96.2,2.59,Medium,Medium,Yes,Illiterate,No,No,No,No,7,Illiterate,Yes,0,0,0,12,Low,NO,Social Factor,Community Engagement,Low Priority
2021,SCH_109,Valsad,Urban,Female,OBC,10,Very Low,98.7,9.89,Low,Medium,Yes,Primary,Yes,Yes,Yes,No,8,Illiterate,Yes,1,1,0,37,Low,NO,Travel Constraint,Provide Transport,Low Priority
2020,SCH_061,Mehsana,Tribal,Female,General,12,Low,78.7,25.88,High,Medium,Yes,Illiterate,Yes,No,No,No,2,Illiterate,No,1,1,0,38,Low,NO,Travel Constraint,Provide Transport,Low Priority
2022,SCH_003,Bharuch,Rural,Male,OBC,8,Low,71.8,2.64,High,Medium,Yes,Illiterate,Yes,Yes,Yes,No,6,Secondary,No,0,0,0,24,Low,NO,Social Factor,Community Engagement,Low Priority
2020,SCH_167,Banaskantha,Tribal,Female,OBC,11,Low,46.0,16.75,High,Low,Yes,Secondary,Yes,No,No,No,4,Primary,No,1,1,1,60,Medium,NO,Academic Disengagement,Counselling Support,Monitor
2024,SCH_007,Patan,Urban,Male,OBC,10,Very Low,55.9,18.45,High,Low,No,Secondary,Yes,Yes,Yes,No,3,Illiterate,No,1,1,1,60,Medium,NO,Academic Disengagement,Counselling Support,Monitor
2021,SCH_103,Vadodara,Rural,Male,SC,9,Low,62.4,0.68,Medium,Medium,Yes,Illiterate,Yes,No,No,No,2,Illiterate,Yes,1,0,1,36,Low,NO,Academic Disengagement,Counselling Support,Low Priority
2022,SCH_049,Dahod,Urban,Male,General,3,Medium,75.6,1.41,Low,Low,Yes,Primary,Yes,Yes,Yes,No,8,Illiterate,No,0,0,0,32,Low,NO,Social Factor,Community Engagement,Low Priority
2024,SCH_021,Bharuch,Urban,Male,SC,1,High,51.8,11.02,Low,Low,Yes,Illiterate,No,No,No,No,3,Secondary,No,0,1,1,45,Medium,NO,Academic Disengagement,Counselling Support,Monitor
2022,SCH_102,Navsari,Rural,Male,General,2,Very Low,95.6,3.06,High,High,No,Primary,Yes,No,No,No,7,Illiterate,No,0,0,0,26,Low,NO,Economic Pressure,Provide Scholarship,Low Priority
2022,SCH_047,Banaskantha,Urban,Female,OBC,12,Medium,51.2,21.56,Low,Medium,Yes,Graduate,Yes,No,No,No,5,Primary,Yes,1,1,1,52,Medium,NO,Academic Disengagement,Counselling Support,Monitor
2020,SCH_134,Banaskantha,Urban,Female,SC,10,High,56.6,14.31,High,Low,Yes,Illiterate,Yes,Yes,No,No,4,Illiterate,No,1,1,1,52,Medium,NO,Academic Disengagement,Counselling Support,Monitor
2023,SCH_020,Surat,Urban,Female,General,10,Low,61.6,8.18,Medium,Medium,Yes,Graduate,Yes,Yes,No,No,2,Secondary,Yes,1,1,1,39,Low,NO,Academic Disengagement,Counselling Support,Low Priority
2023,SCH_080,Junagadh,Rural,Female,General,11,Very Low,64.2,13.4,Medium,Medium,No,Primary,Yes,Yes,No,No,4,Illiterate,No,1,1,1,46,Medium,NO,Academic Disengagement,Counselling Support,Monitor
2021,SCH_058,Amreli,Urban,Male,General,7,Medium,47.5,8.69,High,Low,Yes,Illiterate,No,Yes,No,No,4,Primary,Yes,0,1,1,40,Low,NO,Academic Disengagement,Counselling Support,Low Priority
2025,SCH_157,Jamnagar,Rural,Male,General,4,Low,46.4,12.05,Medium,Low,Yes,Secondary,Yes,Yes,No,No,5,Primary,No,0,1,1,28,Low,NO,Academic Disengagement,Counselling Support,Low Priority
2022,SCH_072,Gandhinagar,Urban,Female,OBC,7,Medium,93.8,18.68,Low,Low,No,Illiterate,No,No,Yes,No,8,Illiterate,No,0,1,0,31,Low,NO,Travel Constraint,Provide Transport,Low Priority
2019,SCH_135,Rajkot,Urban,Female,SC,4,High,74.9,23.18,Medium,Low,Yes,Illiterate,Yes,No,No,No,6,Illiterate,No,0,1,0,19,Low,NO,Travel Constraint,Provide Transport,Low Priority
2020,SCH_064,Dahod,Urban,Female,OBC,1,Very Low,72.2,16.33,Medium,Medium,Yes,Secondary,Yes,Yes,No,Yes,4,Illiterate,Yes,0,1,0,27,Low,NO,Travel Constraint,Provide Transport,Low Priority
2023,SCH_031,Rajkot,Rural,Male,OBC,6,Low,96.8,2.4,High,Low,Yes,Illiterate,No,No,No,No,6,Primary,Yes,0,0,0,22,Low,NO,Social Factor,Community Engagement,Low Priority
2025,SCH_171,Valsad,Urban,Male,OBC,12,Low,91.4,24.29,Medium,Low,Yes,Secondary,Yes,Yes,No,No,7,Illiterate,Yes,1,1,0,21,Low,NO,Travel Constraint,Provide Transport,Low Priority
2019,SCH_172,Anand,Urban,Female,General,8,Low,88.1,7.31,High,High,Yes,Primary,Yes,No,Yes,No,7,Illiterate,No,0,1,0,33,Low,NO,Travel Constraint,Provide Transport,Low Priority
2025,SCH_045,Jamnagar,Urban,Female,OBC,10,High,88.0,19.12,High,Medium,No,Graduate,No,No,No,No,3,Primary,No,1,1,0,25,Low,NO,Travel Constraint,Provide Transport,Low Priority
2020,SCH_136,Banaskantha,Urban,Female,OBC,4,Low,69.4,7.03,Medium,Low,Yes,Primary,Yes,No,No,No,3,Illiterate,Yes,0,1,1,43,Medium,NO,Academic Disengagement,Counselling Support,Monitor
2021,SCH_024,Sabarkantha,Urban,Female,SC,2,Low,77.4,25.45,Low,Medium,No,Illiterate,Yes,Yes,No,No,5,Secondary,No,0,1,0,36,Low,NO,Travel Constraint,Provide Transport,Low Priority
2023,SCH_123,Surat,Rural,Female,OBC,2,Low,53.9,20.28,Medium,Medium,Yes,Primary,Yes,Yes,No,No,5,Illiterate,No,0,1,1,28,Low,NO,Academic Disengagement,Counselling Support,Low Priority
2021,SCH_133,Anand,Rural,Male,SC,2,Medium,89.5,11.77,Medium,Medium,Yes,Illiterate,Yes,No,No,No,4,Secondary,No,0,1,0,8,Low,NO,Travel Constraint,Provide Transport,Low Priority
2023,SCH_095,Anand,Rural,Male,OBC,3,Very Low,92.0,8.68,Medium,Medium,Yes,Illiterate,Yes,No,Yes,No,7,Primary,No,0,1,0,35,Low,NO,Travel Constraint,Provide Transport,Low Priority
2019,SCH_045,Ahmedabad,Urban,Male,OBC,11,Medium,85.5,27.08,Low,Low,No,Graduate,No,Yes,No,No,4,Secondary,No,1,1,0,30,Low,NO,Travel Constraint,Provide Transport,Low Priority
2019,SCH_180,Patan,Rural,Female,OBC,10,Low,60.8,11.65,Low,Low,Yes,Graduate,No,Yes,Yes,No,2,Secondary,No,1,1,1,63,Medium,NO,Academic Disengagement,Counselling Support,Monitor
2024,SCH_142,Gandhinagar,Tribal,Female,OBC,10,Low,83.6,20.23,Medium,Medium,No,Primary,Yes,No,No,No,7,Primary,No,1,1,0,28,Low,NO,Travel Constraint,Provide Transport,Low Priority
2019,SCH_086,Dahod,Rural,Male,SC,4,Low,42.0,14.49,Medium,High,No,Graduate,Yes,Yes,No,No,5,Illiterate,No,0,1,1,31,Low,NO,Academic Disengagement,Counselling Support,Low Priority
2022,SCH_105,Bhavnagar,Rural,Male,General,10,Low,66.3,12.71,High,Low,No,Primary,Yes,Yes,No,No,7,Secondary,No,1,1,1,33,Low,NO,Academic Disengagement,Counselling Support,Low Priority
2023,SCH_175,Bharuch,Rural,Male,General,5,Low,78.4,13.94,Medium,Medium,Yes,Primary,No,Yes,No,No,5,Secondary,No,0,1,0,22,Low,NO,Travel Constraint,Provide Transport,Low Priority
2022,SCH_135,Banaskantha,Rural,Female,ST,12,Medium,60.2,7.0,Low,Medium,Yes,Primary,No,No,Yes,No,4,Primary,No,1,1,1,69,Medium,NO,Academic Disengagement,Counselling Support,Monitor
2022,SCH_149,Vadodara,Rural,Female,ST,12,Low,98.9,18.51,Medium,High,No,Secondary,Yes,No,No,No,6,Primary,No,1,1,0,56,Medium,NO,Travel Constraint,Provide Transport,Monitor
2021,SCH_052,Valsad,Rural,Male,ST,5,Medium,88.7,22.16,Low,Medium,No,Illiterate,No,No,No,No,4,Secondary,No,0,1,0,43,Medium,NO,Travel Constraint,Provide Transport,Monitor
2022,SCH_160,Morbi,Urban,Male,OBC,10,Very Low,42.6,10.84,Low,Low,No,Graduate,No,No,No,No,3,Illiterate,No,1,1,1,39,Low,NO,Academic Disengagement,Counselling Support,Low Priority
2023,SCH_129,Banaskantha,Tribal,Female,OBC,8,Medium,82.5,16.01,Low,Medium,No,Primary,Yes,Yes,No,No,8,Primary,Yes,0,1,0,33,Low,NO,Travel Constraint,Provide Transport,Low Priority
2021,SCH_035,Gandhinagar,Rural,Female,OBC,1,High,63.7,8.19,High,Medium,Yes,Primary,No,Yes,No,No,5,Primary,Yes,0,1,1,22,Low,NO,Academic Disengagement,Counselling Support,Low Priority
2020,SCH_143,Navsari,Urban,Male,ST,2,High,64.3,22.52,Medium,High,No,Graduate,Yes,No,No,No,2,Primary,No,0,1,1,31,Low,NO,Academic Disengagement,Counselling Support,Low Priority
2022,SCH_152,Jamnagar,Rural,Female,ST,5,Low,84.3,12.34,Low,Low,No,Illiterate,Yes,No,No,No,3,Illiterate,No,0,1,0,25,Low,NO,Travel Constraint,Provide Transport,Low Priority
2021,SCH_069,Amreli,Tribal,Female,ST,4,Low,69.3,3.31,Low,Low,Yes,Illiterate,Yes,No,No,No,2,Primary,No,0,0,1,37,Low,NO,Academic Disengagement,Counselling Support,Low Priority
2019,SCH_063,Ahmedabad,Urban,Female,General,10,Low,58.9,1.47,Medium,High,No,Graduate,No,Yes,No,No,6,Illiterate,No,1,0,1,37,Low,NO,Academic Disengagement,Counselling Support,Low Priority
2019,SCH_081,Kutch,Urban,Male,SC,12,Very Low,68.6,9.22,Low,Medium,No,Primary,No,No,No,Yes,7,Secondary,No,1,1,1,50,Medium,NO,Academic Disengagement,Counselling Support,Monitor
2021,SCH_147,Morbi,Tribal,Male,General,6,Low,77.4,6.81,Low,Medium,No,Illiterate,No,No,No,No,7,Graduate,Yes,0,1,0,30,Low,NO,Travel Constraint,Provide Transport,Low Priority
2022,SCH_045,Amreli,Urban,Female,General,9,Very Low,55.9,21.82,Medium,Medium,Yes,Graduate,Yes,Yes,No,No,4,Graduate,No,1,1,1,46,Medium,NO,Academic Disengagement,Counselling Support,Monitor
2025,SCH_117,Banaskantha,Urban,Male,SC,6,High,83.3,8.14,Low,Medium,Yes,Illiterate,No,No,No,No,3,Secondary,No,0,1,0,32,Low,NO,Travel Constraint,Provide Transport,Low Priority
2025,SCH_149,Gandhinagar,Urban,Female,OBC,8,Low,59.9,2.44,Medium,Medium,No,Secondary,Yes,Yes,No,No,4,Illiterate,Yes,0,0,1,31,Low,NO,Academic Disengagement,Counselling Support,Low Priority
2022,SCH_031,Rajkot,Urban,Male,OBC,9,Medium,77.5,6.32,Medium,Medium,Yes,Illiterate,No,Yes,No,No,8,Illiterate,Yes,1,1,0,19,Low,NO,Travel Constraint,Provide Transport,Low Priority
2021,SCH_149,Banaskantha,Rural,Female,ST,10,Low,58.2,11.07,Low,High,No,Graduate,Yes,No,No,No,7,Illiterate,No,1,1,1,53,Medium,NO,Academic Disengagement,Counselling Support,Monitor
2023,SCH_085,Bharuch,Urban,Female,SC,10,Very Low,55.3,17.94,Medium,Low,No,Illiterate,Yes,No,No,No,5,Illiterate,No,1,1,1,48,Medium,NO,Academic Disengagement,Counselling Support,Monitor
2019,SCH_044,Ahmedabad,Tribal,Female,General,9,Low,55.9,24.68,Low,Medium,Yes,Illiterate,Yes,No,No,No,3,Illiterate,No,1,1,1,50,Medium,NO,Academic Disengagement,Counselling Support,Monitor
2021,SCH_176,Ahmedabad,Tribal,Female,SC,9,Very Low,80.7,26.6,Medium,Medium,No,Primary,No,No,No,No,3,Primary,No,1,1,0,42,Medium,NO,Travel Constraint,Provide Transport,Monitor
2024,SCH_062,Vadodara,Rural,Male,OBC,10,Medium,51.7,9.76,High,Medium,Yes,Secondary,No,No,No,Yes,4,Secondary,No,1,1,1,49,Medium,NO,Academic Disengagement,Counselling Support,Monitor
2020,SCH_042,Mehsana,Urban,Female,ST,2,Low,53.6,9.91,Low,High,Yes,Primary,No,Yes,No,No,3,Illiterate,Yes,0,1,1,41,Medium,NO,Academic Disengagement,Counselling Support,Monitor
2021,SCH_143,Amreli,Rural,Female,General,12,Low,41.4,20.06,Low,Medium,No,Primary,No,No,No,No,4,Illiterate,No,1,1,1,54,Medium,NO,Academic Disengagement,Counselling Support,Monitor
2024,SCH_109,Banaskantha,Rural,Female,OBC,5,Low,43.3,22.01,Medium,Medium,Yes,Primary,Yes,No,No,No,6,Illiterate,No,0,1,1,38,Low,NO,Academic Disengagement,Counselling Support,Low Priority
2020,SCH_141,Bharuch,Rural,Male,OBC,11,Medium,80.1,10.18,Medium,High,No,Primary,Yes,Yes,No,No,8,Secondary,Yes,1,1,0,23,Low,NO,Travel Constraint,Provide Transport,Low Priority
2019,SCH_077,Mehsana,Urban,Female,General,7,Medium,70.5,22.73,High,Medium,Yes,Secondary,No,Yes,No,No,4,Secondary,Yes,0,1,0,16,Low,NO,Travel Constraint,Provide Transport,Low Priority
2024,SCH_106,Patan,Tribal,Male,OBC,7,Very Low,68.6,15.66,High,Low,No,Primary,Yes,No,No,No,4,Primary,No,0,1,1,60,Medium,NO,Academic Disengagement,Counselling Support,Monitor
2020,SCH_032,Amreli,Urban,Male,General,5,Medium,93.8,5.33,Medium,Low,Yes,Secondary,Yes,No,No,No,6,Secondary,No,0,1,0,9,Low,NO,Travel Constraint,Provide Transport,Low Priority
2025,SCH_122,Sabarkantha,Urban,Female,General,5,Low,45.8,25.21,Medium,Medium,Yes,Secondary,Yes,Yes,No,No,2,Primary,Yes,0,1,1,26,Low,NO,Academic Disengagement,Counselling Support,Low Priority
2023,SCH_138,Junagadh,Urban,Male,OBC,4,High,57.0,15.17,Low,High,No,Secondary,Yes,No,No,No,5,Secondary,Yes,0,1,1,26,Low,NO,Academic Disengagement,Counselling Support,Low Priority
2020,SCH_012,Junagadh,Urban,Female,OBC,3,High,43.3,21.92,Low,Medium,Yes,Illiterate,Yes,Yes,Yes,No,3,Primary,No,0,1,1,37,Low,NO,Academic Disengagement,Counselling Support,Low Priority
2021,SCH_034,Valsad,Rural,Male,General,11,High,92.4,21.45,Medium,High,Yes,Primary,Yes,Yes,No,No,8,Primary,Yes,1,1,0,33,Low,NO,Travel Constraint,Provide Transport,Low Priority
2019,SCH_149,Valsad,Tribal,Male,SC,2,Very Low,82.7,25.25,Low,Low,Yes,Secondary,No,No,No,No,6,Illiterate,No,0,1,0,41,Medium,NO,Travel Constraint,Provide Transport,Monitor
2021,SCH_041,Ahmedabad,Urban,Male,General,11,Medium,86.6,4.49,Medium,Medium,Yes,Illiterate,Yes,Yes,No,No,6,Secondary,No,1,0,0,18,Low,NO,Social Factor,Community Engagement,Low Priority
2024,SCH_145,Ahmedabad,Urban,Male,OBC,4,Low,72.9,15.19,Low,High,No,Illiterate,Yes,Yes,Yes,No,5,Illiterate,Yes,0,1,0,32,Low,NO,Travel Constraint,Provide Transport,Low Priority
2020,SCH_134,Jamnagar,Urban,Male,ST,4,Medium,83.4,18.33,High,Low,No,Illiterate,Yes,No,No,No,5,Illiterate,No,0,1,0,17,Low,NO,Travel Constraint,Provide Transport,Low Priority
2024,SCH_134,Anand,Urban,Female,ST,9,Low,79.7,21.94,Medium,Medium,Yes,Illiterate,No,No,Yes,No,3,Primary,No,1,1,0,51,Medium,NO,Travel Constraint,Provide Transport,Monitor
2024,SCH_057,Sabarkantha,Urban,Male,OBC,9,Very Low,75.1,12.38,Low,High,No,Secondary,Yes,No,Yes,No,6,Secondary,No,1,1,0,52,Medium,NO,Travel Constraint,Provide Transport,Monitor
2025,SCH_067,Rajkot,Rural,Male,SC,12,Medium,75.1,11.92,Low,High,Yes,Primary,Yes,No,No,No,3,Illiterate,Yes,1,1,0,32,Low,NO,Travel Constraint,Provide Transport,Low Priority
2023,SCH_168,Surat,Rural,Female,OBC,12,Very Low,56.7,25.05,Medium,Low,Yes,Graduate,Yes,No,No,No,5,Primary,No,1,1,1,61,Medium,NO,Academic Disengagement,Counselling Support,Monitor
2022,SCH_179,Vadodara,Urban,Female,OBC,9,Very Low,63.0,11.69,Low,Medium,No,Primary,Yes,No,No,No,7,Illiterate,Yes,1,1,1,49,Medium,NO,Academic Disengagement,Counselling Support,Monitor
2022,SCH_115,Patan,Tribal,Female,OBC,9,Low,71.7,23.71,Low,Medium,Yes,Graduate,Yes,Yes,No,Yes,8,Secondary,Yes,1,1,0,45,Medium,NO,Travel Constraint,Provide Transport,Monitor
2020,SCH_170,Sabarkantha,Urban,Female,OBC,5,Medium,54.9,3.55,Medium,Medium,Yes,Secondary,Yes,No,No,No,2,Illiterate,Yes,0,0,1,15,Low,NO,Academic Disengagement,Counselling Support,Low Priority
2020,SCH_064,Patan,Tribal,Female,ST,7,Low,94.2,16.4,High,Medium,Yes,Primary,Yes,Yes,No,No,5,Secondary,No,0,1,0,26,Low,NO,Travel Constraint,Provide Transport,Low Priority
2020,SCH_089,Banaskantha,Urban,Male,SC,8,High,97.1,10.87,Medium,Low,No,Illiterate,Yes,Yes,Yes,No,7,Primary,No,0,1,0,33,Low,NO,Travel Constraint,Provide Transport,Low Priority
2019,SCH_115,Morbi,Tribal,Male,General,1,Medium,55.3,10.37,Low,Medium,Yes,Graduate,No,Yes,No,No,3,Secondary,Yes,0,1,1,38,Low,NO,Academic Disengagement,Counselling Support,Low Priority
2020,SCH_101,Kutch,Tribal,Male,OBC,3,Low,50.1,4.89,Medium,High,Yes,Illiterate,Yes,No,Yes,Yes,8,Primary,Yes,0,0,1,49,Medium,NO,Academic Disengagement,Counselling Support,Monitor
2025,SCH_180,Mehsana,Urban,Male,OBC,6,High,72.5,18.41,Low,Medium,Yes,Primary,No,Yes,No,No,7,Illiterate,Yes,0,1,0,17,Low,NO,Travel Constraint,Provide Transport,Low Priority
2019,SCH_082,Ahmedabad,Rural,Female,ST,5,Medium,84.4,0.58,Low,Low,No,Primary,Yes,Yes,No,No,7,Primary,Yes,0,0,0,40,Low,NO,Social Factor,Community Engagement,Low Priority
2020,SCH_180,Amreli,Urban,Female,OBC,8,Low,50.3,1.07,Medium,Low,No,Secondary,Yes,Yes,No,No,3,Secondary,Yes,0,0,1,27,Low,NO,Academic Disengagement,Counselling Support,Low Priority
2023,SCH_139,Sabarkantha,Urban,Male,SC,6,Low,58.6,5.66,Low,Low,Yes,Graduate,No,No,No,No,5,Graduate,Yes,0,1,1,33,Low,NO,Academic Disengagement,Counselling Support,Low Priority
2020,SCH_001,Dahod,Tribal,Female,ST,9,Medium,70.0,27.51,Medium,Medium,Yes,Secondary,Yes,Yes,Yes,No,8,Illiterate,No,1,1,0,46,Medium,NO,Travel Constraint,Provide Transport,Monitor
2023,SCH_135,Valsad,Tribal,Female,General,11,Low,72.3,1.97,High,High,Yes,Secondary,Yes,Yes,No,No,5,Primary,Yes,1,0,0,40,Low,NO,Social Factor,Community Engagement,Low Priority
2025,SCH_147,Junagadh,Rural,Female,General,6,Low,64.7,7.57,High,Medium,No,Primary,Yes,Yes,No,No,5,Illiterate,No,0,1,1,32,Low,NO,Academic Disengagement,Counselling Support,Low Priority
2021,SCH_142,Rajkot,Rural,Male,General,2,High,53.9,11.03,Medium,Medium,Yes,Primary,Yes,No,No,No,7,Secondary,Yes,0,1,1,22,Low,NO,Academic Disengagement,Counselling Support,Low Priority
2019,SCH_052,Bharuch,Urban,Female,OBC,4,Low,79.0,10.58,Medium,High,Yes,Graduate,Yes,Yes,No,No,3,Graduate,No,0,1,0,16,Low,NO,Travel Constraint,Provide Transport,Low Priority
2025,SCH_105,Sabarkantha,Rural,Male,General,8,Low,77.0,27.41,Low,Low,Yes,Secondary,Yes,Yes,Yes,No,2,Secondary,Yes,0,1,0,40,Low,NO,Travel Constraint,Provide Transport,Low Priority
2025,SCH_059,Jamnagar,Rural,Male,OBC,1,Very Low,83.0,15.31,Medium,High,No,Secondary,Yes,Yes,No,No,2,Secondary,Yes,0,1,0,27,Low,NO,Travel Constraint,Provide Transport,Low Priority
2025,SCH_032,Jamnagar,Tribal,Male,General,8,Medium,72.1,6.94,Medium,Medium,Yes,Illiterate,Yes,Yes,Yes,No,7,Primary,Yes,0,1,0,32,Low,NO,Travel Constraint,Provide Transport,Low Priority
2024,SCH_146,Surat,Rural,Female,General,5,Low,58.6,26.2,Low,Medium,Yes,Illiterate,Yes,No,No,No,3,Illiterate,Yes,0,1,1,39,Low,NO,Academic Disengagement,Counselling Support,Low Priority
2025,SCH_020,Valsad,Urban,Male,ST,12,Very Low,56.8,3.0,Medium,Low,Yes,Illiterate,Yes,No,Yes,No,4,Secondary,No,1,0,1,72,High,YES,Academic Disengagement,Counselling Support,Immediate
2019,SCH_082,Ahmedabad,Tribal,Male,SC,9,Very Low,74.6,13.19,Medium,Medium,Yes,Graduate,Yes,No,No,No,4,Illiterate,No,1,1,0,35,Low,NO,Travel Constraint,Provide Transport,Low Priority
2023,SCH_177,Banaskantha,Urban,Male,OBC,7,Low,74.7,3.18,High,High,Yes,Primary,No,No,No,No,3,Illiterate,Yes,0,0,0,14,Low,NO,Social Factor,Community Engagement,Low Priority
2025,SCH_113,Dahod,Tribal,Female,OBC,2,Very Low,68.7,10.54,Medium,Low,No,Primary,No,Yes,No,No,3,Primary,No,0,1,1,52,Medium,NO,Academic Disengagement,Counselling Support,Monitor
2019,SCH_096,Vadodara,Urban,Male,SC,1,Medium,41.0,1.36,Low,Medium,Yes,Graduate,No,Yes,No,No,2,Primary,No,0,0,1,35,Low,NO,Academic Disengagement,Counselling Support,Low Priority
2021,SCH_095,Mehsana,Rural,Male,OBC,11,High,44.9,8.99,Low,High,No,Primary,Yes,No,No,No,2,Illiterate,Yes,1,1,1,59,Medium,NO,Academic Disengagement,Counselling Support,Monitor
2022,SCH_138,Anand,Urban,Female,OBC,4,Low,48.5,6.34,High,Medium,Yes,Illiterate,Yes,Yes,No,No,3,Illiterate,Yes,0,1,1,12,Low,NO,Academic Disengagement,Counselling Support,Low Priority
2025,SCH_053,Morbi,Urban,Male,General,11,High,58.0,0.95,High,Medium,Yes,Secondary,Yes,No,Yes,No,8,Illiterate,Yes,1,0,1,51,Medium,NO,Academic Disengagement,Counselling Support,Monitor
2023,SCH_175,Surat,Urban,Male,OBC,1,Low,66.6,6.55,Medium,High,No,Secondary,Yes,Yes,No,No,8,Secondary,Yes,0,1,1,26,Low,NO,Academic Disengagement,Counselling Support,Low Priority
2023,SCH_164,Bhavnagar,Tribal,Female,General,12,Medium,57.7,26.28,Low,Medium,No,Primary,No,No,Yes,No,4,Secondary,No,1,1,1,66,Medium,NO,Academic Disengagement,Counselling Support,Monitor
2024,SCH_046,Mehsana,Tribal,Male,SC,1,Very Low,53.9,6.76,Medium,High,Yes,Primary,Yes,No,No,No,4,Illiterate,Yes,0,1,1,42,Medium,NO,Academic Disengagement,Counselling Support,Monitor
2025,SCH_136,Junagadh,Urban,Male,OBC,3,Medium,86.0,25.32,Medium,Low,Yes,Secondary,Yes,Yes,No,No,5,Illiterate,Yes,0,1,0,19,Low,NO,Travel Constraint,Provide Transport,Low Priority
2020,SCH_131,Rajkot,Rural,Male,General,6,High,68.7,14.87,Medium,Low,No,Primary,Yes,No,No,No,3,Secondary,No,0,1,1,32,Low,NO,Academic Disengagement,Counselling Support,Low Priority
2022,SCH_082,Mehsana,Urban,Male,ST,2,Low,92.7,1.78,Medium,Medium,Yes,Primary,Yes,Yes,No,No,7,Illiterate,Yes,0,0,0,18,Low,NO,Social Factor,Community Engagement,Low Priority
2024,SCH_065,Junagadh,Urban,Male,ST,3,High,49.9,5.35,Medium,Medium,No,Graduate,Yes,Yes,No,No,5,Primary,Yes,0,1,1,18,Low,NO,Academic Disengagement,Counselling Support,Low Priority
2024,SCH_102,Vadodara,Tribal,Male,General,3,Low,47.8,25.32,Low,High,Yes,Primary,Yes,Yes,No,No,5,Illiterate,Yes,0,1,1,45,Medium,NO,Academic Disengagement,Counselling Support,Monitor
2025,SCH_099,Vadodara,Urban,Female,General,12,Low,41.4,25.86,Low,Low,Yes,Graduate,Yes,Yes,No,No,7,Illiterate,No,1,1,1,50,Medium,NO,Academic Disengagement,Counselling Support,Monitor
2023,SCH_101,Gandhinagar,Tribal,Female,OBC,6,High,63.0,12.38,High,High,Yes,Primary,Yes,Yes,No,No,8,Graduate,Yes,0,1,1,32,Low,NO,Academic Disengagement,Counselling Support,Low Priority
2020,SCH_071,Junagadh,Urban,Male,OBC,12,Medium,48.2,6.26,Medium,Medium,Yes,Illiterate,No,No,No,No,6,Primary,No,1,1,1,28,Low,NO,Academic Disengagement,Counselling Support,Low Priority
2022,SCH_145,Ahmedabad,Rural,Male,SC,1,Very Low,58.7,4.44,High,Medium,Yes,Primary,Yes,No,Yes,No,5,Graduate,No,0,0,1,42,Medium,NO,Academic Disengagement,Counselling Support,Monitor
2020,SCH_036,Bhavnagar,Urban,Male,OBC,4,High,96.2,11.34,Medium,Medium,Yes,Illiterate,Yes,Yes,No,No,8,Graduate,Yes,0,1,0,4,Low,NO,Travel Constraint,Provide Transport,Low Priority
2025,SCH_071,Kutch,Urban,Female,SC,3,Low,98.9,9.0,High,Medium,No,Graduate,Yes,No,No,No,6,Illiterate,No,0,1,0,11,Low,NO,Travel Constraint,Provide Transport,Low Priority
2020,SCH_073,Morbi,Tribal,Male,OBC,2,High,53.7,15.93,Medium,Medium,Yes,Secondary,Yes,Yes,No,No,8,Primary,No,0,1,1,38,Low,NO,Academic Disengagement,Counselling Support,Low Priority
2020,SCH_031,Surat,Rural,Female,General,12,Low,76.1,25.13,Medium,Low,No,Primary,Yes,No,Yes,No,6,Illiterate,No,1,1,0,36,Low,NO,Travel Constraint,Provide Transport,Low Priority
2021,SCH_084,Kutch,Urban,Male,ST,3,High,75.4,7.68,Medium,Medium,Yes,Secondary,Yes,Yes,No,No,8,Secondary,No,0,1,0,24,Low,NO,Travel Constraint,Provide Transport,Low Priority
2024,SCH_052,Ahmedabad,Urban,Female,SC,3,Very Low,47.0,22.11,Medium,Low,Yes,Secondary,Yes,No,No,No,2,Illiterate,No,0,1,1,34,Low,NO,Academic Disengagement,Counselling Support,Low Priority
2023,SCH_020,Dahod,Rural,Male,SC,5,Low,60.9,6.59,Low,Medium,Yes,Illiterate,No,Yes,Yes,No,8,Illiterate,No,0,1,1,50,Medium,NO,Academic Disengagement,Counselling Support,Monitor
2020,SCH_078,Valsad,Urban,Female,General,9,Very Low,66.1,22.05,Medium,Low,Yes,Illiterate,Yes,No,No,No,8,Illiterate,No,1,1,1,50,Medium,NO,Academic Disengagement,Counselling Support,Monitor
2019,SCH_126,Junagadh,Urban,Female,ST,6,Very Low,64.1,7.99,High,Low,No,Primary,Yes,Yes,No,Yes,2,Primary,No,0,1,1,48,Medium,NO,Academic Disengagement,Counselling Support,Monitor
2022,SCH_152,Vadodara,Rural,Male,SC,5,High,73.6,24.01,Low,Medium,No,Secondary,Yes,Yes,Yes,No,7,Secondary,No,0,1,0,35,Low,NO,Travel Constraint,Provide Transport,Low Priority
2021,SCH_149,Patan,Urban,Female,SC,1,Low,63.5,16.21,Medium,Low,No,Illiterate,Yes,Yes,No,No,5,Primary,No,0,1,1,43,Medium,NO,Academic Disengagement,Counselling Support,Monitor
2023,SCH_023,Patan,Rural,Male,SC,7,Low,73.1,18.96,High,High,Yes,Illiterate,Yes,No,Yes,No,8,Primary,No,0,1,0,35,Low,NO,Travel Constraint,Provide Transport,Low Priority
2023,SCH_007,Rajkot,Rural,Male,SC,3,Medium,44.0,9.38,High,Low,Yes,Graduate,Yes,Yes,No,No,6,Primary,No,0,1,1,28,Low,NO,Academic Disengagement,Counselling Support,Low Priority
2020,SCH_033,Banaskantha,Tribal,Female,SC,2,Medium,64.8,14.7,Medium,Low,Yes,Secondary,Yes,No,Yes,No,5,Secondary,Yes,0,1,1,52,Medium,NO,Academic Disengagement,Counselling Support,Monitor
2024,SCH_121,Junagadh,Urban,Male,General,1,Very Low,85.0,9.82,Medium,Medium,No,Secondary,No,No,Yes,No,6,Illiterate,No,0,1,0,39,Low,NO,Travel Constraint,Provide Transport,Low Priority
2024,SCH_044,Valsad,Tribal,Male,ST,3,High,72.9,14.36,High,Medium,Yes,Illiterate,Yes,No,No,No,8,Primary,Yes,0,1,0,20,Low,NO,Travel Constraint,Provide Transport,Low Priority
2021,SCH_106,Valsad,Urban,Female,ST,9,Low,81.3,3.2,Medium,High,Yes,Secondary,No,Yes,No,No,7,Primary,Yes,1,0,0,25,Low,NO,Social Factor,Community Engagement,Low Priority
2022,SCH_174,Anand,Rural,Male,OBC,8,Medium,57.5,25.61,Low,Low,Yes,Graduate,No,Yes,No,No,4,Primary,No,0,1,1,54,Medium,NO,Academic Disengagement,Counselling Support,Monitor
2023,SCH_061,Mehsana,Urban,Male,ST,6,Medium,96.0,13.68,High,Medium,Yes,Illiterate,Yes,Yes,No,No,2,Graduate,Yes,0,1,0,12,Low,NO,Travel Constraint,Provide Transport,Low Priority
2023,SCH_109,Ahmedabad,Rural,Male,ST,1,Low,71.8,5.08,Medium,Medium,No,Secondary,Yes,Yes,Yes,No,8,Secondary,No,0,1,0,45,Medium,NO,Travel Constraint,Provide Transport,Monitor
2025,SCH_044,Junagadh,Urban,Female,SC,7,Low,96.2,25.79,Low,Medium,Yes,Graduate,Yes,No,No,No,3,Primary,No,0,1,0,21,Low,NO,Travel Constraint,Provide Transport,Low Priority
2024,SCH_072,Ahmedabad,Rural,Female,OBC,6,High,67.8,18.12,Medium,High,Yes,Secondary,Yes,Yes,No,No,5,Secondary,No,0,1,1,26,Low,NO,Academic Disengagement,Counselling Support,Low Priority
2024,SCH_073,Rajkot,Rural,Female,General,5,Very Low,64.0,22.03,High,Medium,Yes,Secondary,No,Yes,Yes,No,2,Illiterate,Yes,0,1,1,50,Medium,NO,Academic Disengagement,Counselling Support,Monitor
2020,SCH_056,Morbi,Tribal,Female,OBC,10,Very Low,81.8,12.52,Medium,Medium,Yes,Secondary,Yes,Yes,No,No,4,Secondary,No,1,1,0,41,Medium,NO,Travel Constraint,Provide Transport,Monitor
2022,SCH_004,Sabarkantha,Rural,Female,General,12,Medium,69.4,14.97,Low,Low,Yes,Secondary,Yes,No,No,No,6,Primary,No,1,1,1,56,Medium,NO,Academic Disengagement,Counselling Support,Monitor
2022,SCH_117,Kutch,Rural,Female,OBC,10,Medium,77.6,4.9,Medium,Medium,No,Secondary,Yes,Yes,Yes,No,7,Primary,No,1,0,0,36,Low,NO,Social Factor,Community Engagement,Low Priority
2021,SCH_152,Surat,Tribal,Female,SC,5,Low,68.7,21.42,Medium,High,Yes,Graduate,Yes,No,No,No,4,Primary,No,0,1,1,39,Low,NO,Academic Disengagement,Counselling Support,Low Priority
2019,SCH_041,Gandhinagar,Rural,Male,OBC,7,Low,71.8,6.48,Medium,Medium,Yes,Illiterate,Yes,Yes,No,No,7,Secondary,Yes,0,1,0,19,Low,NO,Travel Constraint,Provide Transport,Low Priority
2022,SCH_114,Bharuch,Rural,Female,ST,5,Low,75.6,1.65,Medium,High,Yes,Primary,No,No,No,Yes,8,Primary,No,0,0,0,26,Low,NO,Social Factor,Community Engagement,Low Priority
2024,SCH_009,Dahod,Rural,Male,OBC,7,Low,93.4,19.29,Low,Low,Yes,Illiterate,Yes,No,No,No,4,Primary,No,0,1,0,32,Low,NO,Travel Constraint,Provide Transport,Low Priority
2022,SCH_009,Mehsana,Urban,Male,General,8,Medium,74.0,25.07,High,Medium,No,Illiterate,No,Yes,No,No,5,Illiterate,No,0,1,0,16,Low,NO,Travel Constraint,Provide Transport,Low Priority
2019,SCH_107,Patan,Rural,Female,OBC,4,Medium,53.9,25.02,High,Low,Yes,Secondary,Yes,Yes,No,No,3,Primary,No,0,1,1,31,Low,NO,Academic Disengagement,Counselling Support,Low Priority
2022,SCH_027,Bharuch,Tribal,Male,OBC,8,Very Low,51.7,16.95,Medium,Medium,Yes,Primary,Yes,No,No,No,7,Secondary,Yes,0,1,1,48,Medium,NO,Academic Disengagement,Counselling Support,Monitor
2025,SCH_092,Dahod,Urban,Female,SC,12,Very Low,45.2,10.07,Medium,High,No,Secondary,Yes,Yes,No,No,4,Illiterate,No,1,1,1,60,Medium,NO,Academic Disengagement,Counselling Support,Monitor
2023,SCH_075,Banaskantha,Tribal,Male,OBC,5,Medium,84.7,3.64,Medium,Low,No,Secondary,No,No,No,No,4,Illiterate,No,0,0,0,25,Low,NO,Social Factor,Community Engagement,Low Priority
2020,SCH_023,Vadodara,Tribal,Female,OBC,8,Very Low,48.0,21.75,Low,Medium,No,Secondary,Yes,Yes,No,No,3,Illiterate,No,0,1,1,50,Medium,NO,Academic Disengagement,Counselling Support,Monitor
2019,SCH_176,Banaskantha,Rural,Male,OBC,6,Low,96.2,6.0,Medium,Low,No,Secondary,No,No,No,No,4,Graduate,No,0,1,0,32,Low,NO,Travel Constraint,Provide Transport,Low Priority
2025,SCH_028,Surat,Rural,Female,OBC,5,Very Low,44.9,10.54,Medium,Low,Yes,Secondary,Yes,No,No,No,4,Illiterate,No,0,1,1,35,Low,NO,Academic Disengagement,Counselling Support,Low Priority
2019,SCH_043,Sabarkantha,Urban,Male,OBC,11,Low,73.1,2.39,High,Low,No,Illiterate,Yes,Yes,Yes,No,4,Primary,No,1,0,0,42,Medium,NO,Social Factor,Community Engagement,Monitor
2019,SCH_007,Ahmedabad,Rural,Male,General,1,Medium,45.5,20.29,Medium,Medium,Yes,Primary,Yes,Yes,No,No,4,Illiterate,Yes,0,1,1,35,Low,NO,Academic Disengagement,Counselling Support,Low Priority
2020,SCH_059,Surat,Rural,Male,OBC,6,Low,88.4,8.4,High,Low,No,Primary,Yes,No,No,No,5,Illiterate,No,0,1,0,19,Low,NO,Travel Constraint,Provide Transport,Low Priority
2019,SCH_109,Junagadh,Urban,Female,SC,3,Low,79.0,1.37,Medium,Low,No,Secondary,Yes,Yes,No,No,7,Secondary,No,0,0,0,27,Low,NO,Social Factor,Community Engagement,Low Priority
2020,SCH_122,Dahod,Tribal,Female,OBC,9,Low,67.8,26.58,Low,High,No,Secondary,Yes,No,Yes,No,7,Primary,Yes,1,1,1,54,Medium,NO,Academic Disengagement,Counselling Support,Monitor
2020,SCH_134,Bharuch,Urban,Male,OBC,7,Medium,90.8,20.67,Low,Medium,Yes,Illiterate,No,Yes,No,No,2,Illiterate,Yes,0,1,0,19,Low,NO,Travel Constraint,Provide Transport,Low Priority
2021,SCH_135,Sabarkantha,Urban,Female,SC,4,Medium,88.3,6.79,High,Low,Yes,Graduate,Yes,No,No,Yes,4,Secondary,No,0,1,0,25,Low,NO,Travel Constraint,Provide Transport,Low Priority
2025,SCH_171,Junagadh,Tribal,Male,General,10,Low,73.0,26.84,High,Low,Yes,Primary,Yes,Yes,No,No,2,Illiterate,Yes,1,1,0,49,Medium,NO,Travel Constraint,Provide Transport,Monitor
2023,SCH_122,Bhavnagar,Tribal,Female,ST,2,Very Low,79.8,1.84,Low,Low,No,Primary,Yes,Yes,No,No,2,Secondary,Yes,0,0,0,37,Low,NO,Economic Pressure,Provide Scholarship,Low Priority
2019,SCH_118,Mehsana,Rural,Male,OBC,3,Medium,84.5,23.05,Medium,Low,No,Illiterate,Yes,Yes,No,No,2,Primary,Yes,0,1,0,13,Low,NO,Travel Constraint,Provide Transport,Low Priority
2025,SCH_053,Bhavnagar,Tribal,Male,OBC,8,Low,95.2,13.0,Medium,Low,No,Illiterate,No,No,No,No,4,Secondary,No,0,1,0,31,Low,NO,Travel Constraint,Provide Transport,Low Priority
2020,SCH_143,Sabarkantha,Rural,Male,ST,6,Medium,55.7,1.38,Low,High,Yes,Primary,Yes,Yes,No,No,3,Graduate,No,0,0,1,35,Low,NO,Academic Disengagement,Counselling Support,Low Priority
2021,SCH_034,Sabarkantha,Tribal,Male,SC,2,Very Low,65.5,19.31,Medium,Low,No,Primary,No,Yes,No,No,7,Illiterate,Yes,0,1,1,40,Low,NO,Academic Disengagement,Counselling Support,Low Priority
2020,SCH_027,Sabarkantha,Tribal,Male,General,5,High,79.1,12.46,High,High,No,Illiterate,No,Yes,No,No,7,Illiterate,No,0,1,0,18,Low,NO,Travel Constraint,Provide Transport,Low Priority
2023,SCH_055,Morbi,Rural,Male,OBC,3,Low,65.0,19.34,High,Medium,Yes,Illiterate,Yes,No,No,No,6,Primary,No,0,1,1,40,Low,NO,Academic Disengagement,Counselling Support,Low Priority
2020,SCH_029,Junagadh,Rural,Male,OBC,8,Very Low,75.5,2.91,Medium,Medium,Yes,Primary,Yes,No,No,No,6,Secondary,Yes,0,0,0,10,Low,NO,Economic Pressure,Provide Scholarship,Low Priority
2023,SCH_053,Amreli,Urban,Female,General,5,Very Low,58.2,24.1,Low,High,Yes,Primary,No,No,Yes,No,7,Illiterate,Yes,0,1,1,59,Medium,NO,Academic Disengagement,Counselling Support,Monitor
2019,SCH_143,Surat,Rural,Male,OBC,5,High,59.0,6.38,Medium,Medium,No,Primary,Yes,Yes,No,No,7,Primary,Yes,0,1,1,21,Low,NO,Academic Disengagement,Counselling Support,Low Priority
2023,SCH_035,Morbi,Urban,Male,OBC,3,High,99.9,21.73,Medium,Low,No,Secondary,Yes,No,Yes,No,5,Primary,No,0,1,0,33,Low,NO,Travel Constraint,Provide Transport,Low Priority
2024,SCH_078,Valsad,Rural,Female,General,9,Low,64.9,5.07,Medium,Medium,No,Primary,Yes,Yes,Yes,No,2,Secondary,No,1,1,1,43,Medium,NO,Academic Disengagement,Counselling Support,Monitor
2025,SCH_073,Patan,Rural,Male,ST,7,Medium,64.3,21.8,Medium,Low,Yes,Primary,Yes,Yes,Yes,No,5,Secondary,No,0,1,1,56,Medium,NO,Academic Disengagement,Counselling Support,Monitor
2019,SCH_013,Patan,Urban,Male,OBC,10,High,95.9,21.7,Medium,Medium,Yes,Secondary,Yes,No,Yes,No,5,Graduate,Yes,1,1,0,22,Low,NO,Travel Constraint,Provide Transport,Low Priority
2019,SCH_086,Bharuch,Urban,Female,OBC,6,Low,86.5,24.97,Low,Medium,No,Primary,Yes,No,No,No,5,Graduate,No,0,1,0,23,Low,NO,Travel Constraint,Provide Transport,Low Priority
2019,SCH_176,Anand,Urban,Female,SC,1,Very Low,51.9,7.98,Low,Medium,Yes,Illiterate,No,No,No,No,6,Illiterate,No,0,1,1,36,Low,NO,Academic Disengagement,Counselling Support,Low Priority
2022,SCH_027,Bharuch,Urban,Male,OBC,8,Very Low,65.3,5.53,Medium,Low,Yes,Illiterate,No,Yes,No,Yes,7,Illiterate,Yes,0,1,1,34,Low,NO,Academic Disengagement,Counselling Support,Low Priority
2023,SCH_176,Patan,Urban,Female,ST,1,Low,81.1,15.48,Medium,Medium,Yes,Primary,Yes,Yes,No,No,4,Illiterate,Yes,0,1,0,24,Low,NO,Travel Constraint,Provide Transport,Low Priority
2024,SCH_022,Sabarkantha,Rural,Male,ST,2,High,79.4,13.98,High,Medium,No,Secondary,Yes,Yes,Yes,No,6,Graduate,Yes,0,1,0,24,Low,NO,Travel Constraint,Provide Transport,Low Priority
2024,SCH_030,Rajkot,Rural,Female,SC,3,Very Low,92.4,26.64,Medium,Low,Yes,Illiterate,No,No,Yes,No,5,Primary,Yes,0,1,0,44,Medium,NO,Travel Constraint,Provide Transport,Monitor
2021,SCH_137,Sabarkantha,Urban,Female,ST,7,Medium,80.3,20.29,High,Medium,Yes,Secondary,No,Yes,No,No,5,Secondary,No,0,1,0,9,Low,NO,Travel Constraint,Provide Transport,Low Priority
2022,SCH_131,Patan,Rural,Female,General,4,High,99.0,20.09,Medium,Medium,Yes,Illiterate,No,No,Yes,No,2,Illiterate,No,0,1,0,38,Low,NO,Travel Constraint,Provide Transport,Low Priority
2023,SCH_137,Junagadh,Urban,Female,ST,11,Low,40.6,7.03,Medium,Low,Yes,Graduate,No,No,No,No,6,Primary,No,1,1,1,55,Medium,NO,Academic Disengagement,Counselling Support,Monitor
2024,SCH_013,Rajkot,Tribal,Female,ST,8,Medium,87.3,3.28,Medium,High,No,Graduate,No,Yes,No,No,4,Primary,Yes,0,0,0,24,Low,NO,Social Factor,Community Engagement,Low Priority
2020,SCH_045,Dahod,Urban,Male,ST,5,Very Low,51.0,14.9,Medium,Medium,Yes,Illiterate,No,No,No,No,6,Graduate,Yes,0,1,1,31,Low,NO,Academic Disengagement,Counselling Support,Low Priority
2020,SCH_006,Sabarkantha,Rural,Female,OBC,9,High,46.1,26.47,Low,High,Yes,Illiterate,No,Yes,No,No,3,Secondary,No,1,1,1,48,Medium,NO,Academic Disengagement,Counselling Support,Monitor
2025,SCH_107,Vadodara,Rural,Female,OBC,4,Low,66.4,14.69,Medium,Low,No,Illiterate,Yes,No,Yes,No,4,Illiterate,No,0,1,1,48,Medium,NO,Academic Disengagement,Counselling Support,Monitor
2024,SCH_038,Kutch,Urban,Male,SC,12,Low,57.8,3.28,Medium,Medium,Yes,Primary,No,No,No,No,6,Illiterate,No,1,0,1,47,Medium,NO,Academic Disengagement,Counselling Support,Monitor
2020,SCH_168,Kutch,Rural,Female,General,5,Low,63.1,24.85,Medium,Medium,Yes,Secondary,Yes,Yes,No,No,5,Primary,Yes,0,1,1,28,Low,NO,Academic Disengagement,Counselling Support,Low Priority
2019,SCH_178,Surat,Urban,Male,General,7,Very Low,83.7,15.53,High,Low,Yes,Primary,Yes,Yes,Yes,No,3,Primary,No,0,1,0,30,Low,NO,Travel Constraint,Provide Transport,Low Priority
2022,SCH_018,Mehsana,Urban,Male,OBC,7,Medium,86.8,14.19,Low,Medium,No,Secondary,Yes,Yes,No,No,7,Primary,No,0,1,0,15,Low,NO,Travel Constraint,Provide Transport,Low Priority
2023,SCH_041,Navsari,Urban,Female,OBC,9,High,50.0,3.65,Low,Medium,No,Illiterate,No,No,No,No,2,Illiterate,No,1,0,1,30,Low,NO,Academic Disengagement,Counselling Support,Low Priority
2019,SCH_051,Morbi,Urban,Male,General,2,Low,43.7,6.73,Medium,Medium,Yes,Primary,No,Yes,Yes,No,2,Graduate,Yes,0,1,1,33,Low,NO,Academic Disengagement,Counselling Support,Low Priority
2024,SCH_022,Ahmedabad,Rural,Female,General,11,Very Low,84.5,25.36,Medium,High,Yes,Illiterate,Yes,No,No,Yes,8,Secondary,No,1,1,0,43,Medium,NO,Travel Constraint,Provide Transport,Monitor
2022,SCH_077,Bharuch,Tribal,Male,General,10,Low,68.6,23.09,High,Medium,Yes,Graduate,Yes,No,No,No,8,Primary,Yes,1,1,1,44,Medium,NO,Academic Disengagement,Counselling Support,Monitor
2025,SCH_098,Banaskantha,Urban,Female,ST,4,Low,42.3,6.9,Medium,Low,Yes,Primary,No,Yes,Yes,No,5,Primary,No,0,1,1,35,Low,NO,Academic Disengagement,Counselling Support,Low Priority
2023,SCH_106,Dahod,Urban,Female,OBC,10,Medium,43.9,14.13,High,Low,Yes,Illiterate,Yes,Yes,Yes,No,4,Illiterate,No,1,1,1,60,Medium,NO,Academic Disengagement,Counselling Support,Monitor
2023,SCH_073,Dahod,Rural,Male,SC,12,Medium,99.1,3.6,Low,High,Yes,Secondary,Yes,Yes,Yes,No,5,Primary,Yes,1,0,0,44,Medium,NO,Social Factor,Community Engagement,Monitor
2019,SCH_043,Dahod,Tribal,Male,OBC,4,Medium,91.9,13.86,Low,Medium,No,Primary,No,Yes,No,No,7,Primary,Yes,0,1,0,30,Low,NO,Travel Constraint,Provide Transport,Low Priority
2025,SCH_133,Valsad,Rural,Female,General,5,Medium,46.1,23.97,Medium,Low,Yes,Primary,No,Yes,No,No,6,Secondary,Yes,0,1,1,36,Low,NO,Academic Disengagement,Counselling Support,Low Priority
2022,SCH_044,Valsad,Rural,Male,OBC,1,Low,83.7,13.7,Medium,High,No,Primary,Yes,No,No,Yes,6,Illiterate,No,0,1,0,26,Low,NO,Travel Constraint,Provide Transport,Low Priority
2023,SCH_006,Banaskantha,Rural,Female,SC,5,Low,75.0,22.08,High,Low,Yes,Primary,Yes,Yes,No,No,8,Graduate,No,0,1,0,23,Low,NO,Travel Constraint,Provide Transport,Low Priority
2021,SCH_080,Anand,Tribal,Female,OBC,12,Low,75.7,16.22,Medium,High,Yes,Graduate,No,No,No,No,6,Illiterate,No,1,1,0,42,Medium,NO,Travel Constraint,Provide Transport,Monitor
2021,SCH_107,Valsad,Urban,Male,OBC,9,Low,51.9,22.11,Medium,Low,Yes,Primary,Yes,Yes,Yes,No,3,Graduate,No,1,1,1,49,Medium,NO,Academic Disengagement,Counselling Support,Monitor
2021,SCH_120,Bhavnagar,Tribal,Female,ST,3,High,71.3,2.45,Low,Medium,Yes,Graduate,Yes,No,No,No,3,Primary,No,0,0,0,28,Low,NO,Social Factor,Community Engagement,Low Priority
2020,SCH_130,Kutch,Urban,Male,ST,5,High,78.3,16.28,Low,Medium,No,Primary,No,Yes,Yes,No,6,Secondary,Yes,0,1,0,26,Low,NO,Travel Constraint,Provide Transport,Low Priority
2025,SCH_112,Gandhinagar,Rural,Male,OBC,11,Low,69.1,3.7,Low,High,No,Primary,Yes,No,No,Yes,4,Primary,No,1,0,1,48,Medium,NO,Academic Disengagement,Counselling Support,Monitor
2023,SCH_024,Anand,Urban,Female,OBC,2,Medium,77.1,5.57,Low,Medium,Yes,Primary,No,Yes,No,No,2,Illiterate,No,0,1,0,30,Low,NO,Travel Constraint,Provide Transport,Low Priority
2024,SCH_070,Patan,Urban,Female,General,12,Low,78.5,6.55,Medium,Low,Yes,Graduate,No,No,No,Yes,2,Secondary,No,1,1,0,36,Low,NO,Travel Constraint,Provide Transport,Low Priority
2023,SCH_069,Surat,Rural,Female,General,1,Medium,95.5,3.55,High,Low,Yes,Primary,Yes,Yes,No,No,7,Illiterate,No,0,0,0,27,Low,NO,Social Factor,Community Engagement,Low Priority
2024,SCH_128,Navsari,Tribal,Female,General,2,Low,79.4,13.49,High,High,No,Graduate,Yes,Yes,Yes,No,6,Primary,No,0,1,0,28,Low,NO,Travel Constraint,Provide Transport,Low Priority
2021,SCH_175,Valsad,Rural,Female,OBC,11,Low,86.5,17.93,High,Medium,Yes,Secondary,No,Yes,No,No,2,Primary,No,1,1,0,43,Medium,NO,Travel Constraint,Provide Transport,Monitor
2019,SCH_116,Amreli,Rural,Female,SC,7,Very Low,41.0,0.19,High,Low,No,Illiterate,Yes,Yes,No,No,8,Primary,No,0,0,1,28,Low,NO,Academic Disengagement,Counselling Support,Low Priority
2023,SCH_080,Sabarkantha,Urban,Female,OBC,8,Medium,72.2,14.13,Medium,Low,No,Graduate,Yes,Yes,Yes,No,6,Primary,No,0,1,0,22,Low,NO,Travel Constraint,Provide Transport,Low Priority
2023,SCH_119,Bharuch,Rural,Female,ST,10,High,78.0,24.75,Medium,Medium,Yes,Secondary,Yes,Yes,No,No,5,Primary,Yes,1,1,0,46,Medium,NO,Travel Constraint,Provide Transport,Monitor
2019,SCH_017,Junagadh,Urban,Female,ST,4,High,76.6,9.42,High,Low,Yes,Illiterate,No,No,Yes,No,7,Primary,No,0,1,0,38,Low,NO,Travel Constraint,Provide Transport,Low Priority
2025,SCH_161,Bharuch,Rural,Male,OBC,8,Very Low,78.3,3.93,High,Medium,No,Illiterate,Yes,Yes,No,No,8,Secondary,Yes,0,0,0,20,Low,NO,Economic Pressure,Provide Scholarship,Low Priority
2024,SCH_031,Ahmedabad,Rural,Female,General,4,Very Low,59.4,1.21,Medium,High,Yes,Illiterate,No,No,Yes,No,3,Primary,Yes,0,0,1,51,Medium,NO,Academic Disengagement,Counselling Support,Monitor
2019,SCH_090,Junagadh,Tribal,Male,General,5,Low,41.9,27.48,Low,Medium,No,Primary,Yes,Yes,No,No,3,Secondary,No,0,1,1,43,Medium,NO,Academic Disengagement,Counselling Support,Monitor
2021,SCH_029,Kutch,Tribal,Female,ST,7,Medium,56.2,11.05,Low,Medium,No,Secondary,Yes,No,No,No,7,Illiterate,No,0,1,1,54,Medium,NO,Academic Disengagement,Counselling Support,Monitor
2020,SCH_074,Bhavnagar,Urban,Male,SC,4,Very Low,98.1,14.27,Low,Low,No,Illiterate,Yes,Yes,No,No,7,Primary,No,0,1,0,25,Low,NO,Travel Constraint,Provide Transport,Low Priority
2022,SCH_147,Sabarkantha,Rural,Male,OBC,4,Low,58.5,7.01,Medium,Low,No,Graduate,No,No,Yes,No,3,Graduate,No,0,1,1,46,Medium,NO,Academic Disengagement,Counselling Support,Monitor
2023,SCH_077,Sabarkantha,Rural,Female,SC,6,Low,51.7,21.86,Medium,Medium,No,Illiterate,Yes,No,No,No,5,Illiterate,No,0,1,1,41,Medium,NO,Academic Disengagement,Counselling Support,Monitor
2020,SCH_017,Dahod,Rural,Female,SC,4,Medium,59.0,5.59,Low,Low,No,Secondary,Yes,No,No,No,5,Secondary,No,0,1,1,40,Low,NO,Academic Disengagement,Counselling Support,Low Priority
2024,SCH_163,Kutch,Tribal,Male,SC,6,Low,77.1,14.8,Medium,High,Yes,Primary,Yes,Yes,No,No,8,Primary,Yes,0,1,0,21,Low,NO,Travel Constraint,Provide Transport,Low Priority
2023,SCH_174,Navsari,Urban,Female,General,11,High,67.3,22.44,Low,High,Yes,Secondary,Yes,Yes,No,No,4,Secondary,No,1,1,1,41,Medium,NO,Academic Disengagement,Counselling Support,Monitor
2021,SCH_090,Jamnagar,Rural,Male,General,3,High,51.3,23.93,Medium,Low,No,Primary,Yes,No,Yes,No,6,Primary,No,0,1,1,38,Low,NO,Academic Disengagement,Counselling Support,Low Priority
2021,SCH_149,Vadodara,Tribal,Female,General,5,High,97.8,13.57,Low,Low,No,Graduate,No,Yes,Yes,No,3,Primary,No,0,1,0,30,Low,NO,Travel Constraint,Provide Transport,Low Priority
2019,SCH_084,Amreli,Rural,Male,ST,8,Low,85.3,22.85,High,Medium,No,Illiterate,No,Yes,No,Yes,5,Illiterate,Yes,0,1,0,27,Low,NO,Travel Constraint,Provide Transport,Low Priority
